a_offset	a_measure	a_duration	a_annotationNumber	a_romanNumeral	a_isOnset	a_pitchNames	a_bass	a_root	a_inversion	a_quality	a_pcset	a_localKey	a_tonicizedKey	a_degree1	a_degree2
0.0	0	0.5	0	V	True	('E', 'G#', 'B')	E	E	0	major triad	(4, 8, 11)	A	A	5	None
0.5	1	2.0	1	I	True	('A', 'C#', 'E')	A	A	0	major triad	(1, 4, 9)	A	A	1	None
2.5	2	2.0	2	V	True	('G#', 'B', 'E')	G#	E	1	major triad	(4, 8, 11)	A	A	5	None
4.5	3	1.0	3	I	True	('A', 'C#', 'E')	A	A	0	major triad	(1, 4, 9)	A	A	1	None
5.5	3	0.5	4	viio	True	('B', 'D', 'G#')	B	G#	1	diminished triad	(2, 8, 11)	A	A	7	None
6.0	3	0.5	5	I	True	('A', 'C#', 'E')	A	A	0	major triad	(1, 4, 9)	A	A	1	None
6.5	4	1.5	6	V	True	('E', 'G#', 'B')	E	E	0	major triad	(4, 8, 11)	A	A	5	None
8.0	4	0.5	7	V	True	('E', 'G#', 'B')	E	E	0	major triad	(4, 8, 11)	A	A	5	None
8.5	5	2.0	8	I	True	('A', 'C#', 'E')	A	A	0	major triad	(1, 4, 9)	A	A	1	None
10.5	6	2.0	9	V	True	('G#', 'B', 'E')	G#	E	1	major triad	(4, 8, 11)	A	A	5	None
12.5	7	1.0	10	I	True	('A', 'C#', 'E')	A	A	0	major triad	(1, 4, 9)	A	A	1	None
13.5	7	0.5	11	viio	True	('B', 'D', 'G#')	B	G#	1	diminished triad	(2, 8, 11)	A	A	7	None
14.0	7	0.5	12	I	True	('A', 'C#', 'E')	A	A	0	major triad	(1, 4, 9)	A	A	1	None
14.5	8	1.5	13	V	True	('E', 'G#', 'B')	E	E	0	major triad	(4, 8, 11)	A	A	5	None
16.0	8	0.5	14	V	True	('E', 'G#', 'B')	E	E	0	major triad	(4, 8, 11)	A	A	5	None
16.5	9	2.0	15	V/V	True	('D#', 'F#', 'B')	D#	B	1	major triad	(3, 6, 11)	A	E	5	5
18.5	10	2.0	16	V	True	('E', 'G#', 'B')	E	E	0	major triad	(4, 8, 11)	A	A	5	None
20.5	11	2.0	17	V/V	True	('D#', 'F#', 'B')	D#	B	1	major triad	(3, 6, 11)	A	E	5	5
22.5	12	1.5	18	V	True	('E', 'G#', 'B')	E	E	0	major triad	(4, 8, 11)	A	A	5	None
24.0	12	0.5	19	V	True	('G#', 'B', 'E')	G#	E	1	major triad	(4, 8, 11)	A	A	5	None
24.5	13	1.0	20	IV/V	True	('A', 'C#', 'E')	A	A	0	major triad	(1, 4, 9)	A	E	4	5
25.5	13	1.0	21	V/V	True	('B', 'D#', 'F#')	B	B	0	major triad	(3, 6, 11)	A	E	5	5
26.5	14	2.0	22	I/V	True	('G#', 'B', 'E')	G#	E	1	major triad	(4, 8, 11)	A	E	1	5
28.5	15	1.0	23	IV/V	True	('A', 'C#', 'E')	A	A	0	major triad	(1, 4, 9)	A	E	4	5
29.5	15	1.0	24	V/V	True	('B', 'D#', 'F#')	B	B	0	major triad	(3, 6, 11)	A	E	5	5
30.5	16	2.0	25	I/V	True	('G#', 'B', 'E')	G#	E	1	major triad	(4, 8, 11)	A	E	1	5
32.5	17	1.0	26	IV/V	True	('A', 'C#', 'E')	A	A	0	major triad	(1, 4, 9)	A	E	4	5
33.5	17	1.0	27	V/V	True	('B', 'D#', 'F#')	B	B	0	major triad	(3, 6, 11)	A	E	5	5
34.5	18	2.0	28	I/V	True	('G#', 'B', 'E')	G#	E	1	major triad	(4, 8, 11)	A	E	1	5
36.5	19	1.0	29	IV/V	True	('A', 'C#', 'E')	A	A	0	major triad	(1, 4, 9)	A	E	4	5
37.5	19	1.0	30	V/V	True	('B', 'D#', 'F#')	B	B	0	major triad	(3, 6, 11)	A	E	5	5
38.5	20	1.0	31	I/V	True	('G#', 'B', 'E')	G#	E	1	major triad	(4, 8, 11)	A	E	1	5
39.5	20	1.0	32	V7/V	True	('D#', 'F#', 'A', 'B')	D#	B	1	dominant seventh chord	(3, 6, 9, 11)	A	E	5	5
40.5	21	1.0	33	I/V	True	('E', 'G#', 'B')	E	E	0	major triad	(4, 8, 11)	A	E	1	5
41.5	21	1.0	34	V/V	True	('B', 'D#', 'F#')	B	B	0	major triad	(3, 6, 11)	A	E	5	5
42.5	22	2.0	35	V/V	True	('B', 'D#', 'F#')	B	B	0	major triad	(3, 6, 11)	A	E	5	5
44.5	23	1.5	36	I/V	True	('E', 'G#', 'B')	E	E	0	major triad	(4, 8, 11)	A	E	1	5
46.0	23	0.5	37	V	True	('E', 'G#', 'B')	E	E	0	major triad	(4, 8, 11)	A	A	5	None
46.5	24	1.0	38	V	True	('E', 'G#', 'B')	E	E	0	major triad	(4, 8, 11)	A	A	5	None
47.5	24	1.0	39	V/ii	True	('A#', 'C#', 'F#')	A#	F#	1	major triad	(1, 6, 10)	A	b	5	2
48.5	25	1.0	40	ii	True	('B', 'D', 'F#')	B	B	0	minor triad	(2, 6, 11)	A	A	2	None
49.5	25	1.0	41	V	True	('G#', 'B', 'E')	G#	E	1	major triad	(4, 8, 11)	A	A	5	None
50.5	26	2.0	42	I	True	('A', 'C#', 'E')	A	A	0	major triad	(1, 4, 9)	A	A	1	None
52.5	27	1.5	43	V	True	('E', 'G#', 'B')	E	E	0	major triad	(4, 8, 11)	A	A	5	None
54.0	27	0.5	44	V	True	('E', 'G#', 'B')	E	E	0	major triad	(4, 8, 11)	A	A	5	None
54.5	28	2.0	45	I	True	('A', 'C#', 'E')	A	A	0	major triad	(1, 4, 9)	A	A	1	None
56.5	29	2.0	46	V	True	('G#', 'B', 'E')	G#	E	1	major triad	(4, 8, 11)	A	A	5	None
58.5	30	2.0	47	I	True	('A', 'C#', 'E')	A	A	0	major triad	(1, 4, 9)	A	A	1	None
60.5	31	2.0	48	V	True	('G#', 'B', 'E')	G#	E	1	major triad	(4, 8, 11)	A	A	5	None
62.5	32	1.0	49	I	True	('A', 'C#', 'E')	A	A	0	major triad	(1, 4, 9)	A	A	1	None
63.5	32	1.0	50	V	True	('E', 'G#', 'B')	E	E	0	major triad	(4, 8, 11)	A	A	5	None
64.5	33	0.5	51	I	True	('A', 'C#', 'E')	A	A	0	major triad	(1, 4, 9)	A	A	1	None
65.0	33	0.5	52	IV	True	('D', 'F#', 'A')	D	D	0	major triad	(2, 6, 9)	A	A	4	None
65.5	33	0.5	53	I	True	('C#', 'E', 'A')	C#	A	1	major triad	(1, 4, 9)	A	A	1	None
66.0	33	0.5	54	IV	True	('D', 'F#', 'A')	D	D	0	major triad	(2, 6, 9)	A	A	4	None
66.5	34	2.0	55	V	True	('E', 'G#', 'B')	E	E	0	major triad	(4, 8, 11)	A	A	5	None
68.5	35	0.5	56	I	True	('A', 'C#', 'E')	A	A	0	major triad	(1, 4, 9)	A	A	1	None
69.0	35	0.5	57	IV	True	('D', 'F#', 'A')	D	D	0	major triad	(2, 6, 9)	A	A	4	None
69.5	35	0.5	58	I	True	('C#', 'E', 'A')	C#	A	1	major triad	(1, 4, 9)	A	A	1	None
70.0	35	0.5	59	IV	True	('D', 'F#', 'A')	D	D	0	major triad	(2, 6, 9)	A	A	4	None
70.5	36	2.0	60	V	True	('E', 'G#', 'B')	E	E	0	major triad	(4, 8, 11)	A	A	5	None
72.5	37	1.5	61	I	True	('A', 'C#', 'E')	A	A	0	major triad	(1, 4, 9)	A	A	1	None
74.0	37	0.5	62	V	True	('E', 'G#', 'B')	E	E	0	major triad	(4, 8, 11)	A	A	5	None
74.5	38	2.0	63	I	True	('A', 'C#', 'E')	A	A	0	major triad	(1, 4, 9)	A	A	1	None
76.5	39	2.0	64	V7	True	('G#', 'B', 'D', 'E')	G#	E	1	dominant seventh chord	(2, 4, 8, 11)	A	A	5	None
78.5	40	2.0	65	I	True	('A', 'C#', 'E')	A	A	0	major triad	(1, 4, 9)	A	A	1	None
80.5	41	1.5	66	V	True	('E', 'G#', 'B')	E	E	0	major triad	(4, 8, 11)	A	A	5	None
82.0	41	0.5	67	V	True	('E', 'G#', 'B')	E	E	0	major triad	(4, 8, 11)	A	A	5	None
82.5	42	2.0	68	I	True	('A', 'C#', 'E')	A	A	0	major triad	(1, 4, 9)	A	A	1	None
84.5	43	2.0	69	V7	True	('G#', 'B', 'D', 'E')	G#	E	1	dominant seventh chord	(2, 4, 8, 11)	A	A	5	None
86.5	44	2.0	70	I	True	('A', 'C#', 'E')	A	A	0	major triad	(1, 4, 9)	A	A	1	None
88.5	45	0.5	71	V	True	('E', 'G#', 'B')	E	E	0	major triad	(4, 8, 11)	A	A	5	None
89.0	45	1.5	72	V	True	('E', 'G#', 'B')	E	E	0	major triad	(4, 8, 11)	A	A	5	None
90.5	46	2.0	73	V7/V	True	('D#', 'F#', 'A', 'B')	D#	B	1	dominant seventh chord	(3, 6, 9, 11)	A	E	5	5
92.5	47	2.0	74	V	True	('E', 'G#', 'B')	E	E	0	major triad	(4, 8, 11)	A	A	5	None
94.5	48	2.0	75	V7/V	True	('D#', 'F#', 'A', 'B')	D#	B	1	dominant seventh chord	(3, 6, 9, 11)	A	E	5	5
96.5	49	1.5	76	V	True	('E', 'G#', 'B')	E	E	0	major triad	(4, 8, 11)	A	A	5	None
98.0	49	0.5	77	V	True	('G#', 'B', 'E')	G#	E	1	major triad	(4, 8, 11)	A	A	5	None
98.5	50	1.0	78	ii7/V	True	('A', 'C#', 'E', 'F#')	A	F#	1	minor seventh chord	(1, 4, 6, 9)	A	E	2	5
99.5	50	1.0	79	V7/V	True	('B', 'D#', 'F#', 'A')	B	B	0	dominant seventh chord	(3, 6, 9, 11)	A	E	5	5
100.5	51	1.5	80	I/V	True	('E', 'G#', 'B')	E	E	0	major triad	(4, 8, 11)	A	E	1	5
102.0	51	0.5	81	I/V	True	('G#', 'B', 'E')	G#	E	1	major triad	(4, 8, 11)	A	E	1	5
102.5	52	1.0	82	ii7/V	True	('A', 'C#', 'E', 'F#')	A	F#	1	minor seventh chord	(1, 4, 6, 9)	A	E	2	5
103.5	52	1.0	83	V7/V	True	('B', 'D#', 'F#', 'A')	B	B	0	dominant seventh chord	(3, 6, 9, 11)	A	E	5	5
104.5	53	1.5	84	I/V	True	('E', 'G#', 'B')	E	E	0	major triad	(4, 8, 11)	A	E	1	5
106.0	53	0.5	85	I/V	True	('G#', 'B', 'E')	G#	E	1	major triad	(4, 8, 11)	A	E	1	5
106.5	54	1.0	86	ii/V	True	('A', 'C#', 'F#')	A	F#	1	minor triad	(1, 6, 9)	A	E	2	5
107.5	54	1.0	87	V7/V	True	('B', 'D#', 'F#', 'A')	B	B	0	dominant seventh chord	(3, 6, 9, 11)	A	E	5	5
108.5	55	1.5	88	I/V	True	('E', 'G#', 'B')	E	E	0	major triad	(4, 8, 11)	A	E	1	5
110.0	55	0.5	89	I/V	True	('G#', 'B', 'E')	G#	E	1	major triad	(4, 8, 11)	A	E	1	5
110.5	56	1.0	90	ii7/V	True	('A', 'C#', 'E', 'F#')	A	F#	1	minor seventh chord	(1, 4, 6, 9)	A	E	2	5
111.5	56	1.0	91	V7/V	True	('B', 'D#', 'F#', 'A')	B	B	0	dominant seventh chord	(3, 6, 9, 11)	A	E	5	5
112.5	57	1.0	92	I/V	True	('E', 'G#', 'B')	E	E	0	major triad	(4, 8, 11)	A	E	1	5
113.5	57	1.0	93	V7/V	True	('D#', 'F#', 'A', 'B')	D#	B	1	dominant seventh chord	(3, 6, 9, 11)	A	E	5	5
114.5	58	1.0	94	I/V	True	('E', 'G#', 'B')	E	E	0	major triad	(4, 8, 11)	A	E	1	5
115.5	58	1.0	95	V7/V	True	('B', 'D#', 'F#', 'A')	B	B	0	dominant seventh chord	(3, 6, 9, 11)	A	E	5	5
116.5	59	2.0	96	V7/V	True	('B', 'D#', 'F#', 'A')	B	B	0	dominant seventh chord	(3, 6, 9, 11)	A	E	5	5
118.5	60	1.5	97	I/V	True	('E', 'G#', 'B')	E	E	0	major triad	(4, 8, 11)	A	E	1	5
120.0	60	0.5	98	V	True	('E', 'G#', 'B')	E	E	0	major triad	(4, 8, 11)	A	A	5	None
120.5	61	2.0	99	V7/ii	True	('A#', 'C#', 'E', 'F#')	A#	F#	1	dominant seventh chord	(1, 4, 6, 10)	A	b	5	2
122.5	62	1.0	100	ii	True	('B', 'D', 'F#')	B	B	0	minor triad	(2, 6, 11)	A	A	2	None
123.5	62	1.0	101	V7	True	('G#', 'B', 'D', 'E')	G#	E	1	dominant seventh chord	(2, 4, 8, 11)	A	A	5	None
124.5	63	1.0	102	I	True	('A', 'C#', 'E')	A	A	0	major triad	(1, 4, 9)	A	A	1	None
125.5	63	0.5	103	viio	True	('B', 'D', 'G#')	B	G#	1	diminished triad	(2, 8, 11)	A	A	7	None
126.0	63	0.5	104	I	True	('A', 'C#', 'E')	A	A	0	major triad	(1, 4, 9)	A	A	1	None
126.5	64	1.5	105	V	True	('E', 'G#', 'B')	E	E	0	major triad	(4, 8, 11)	A	A	5	None
128.0	64	0.5	106	V	True	('E', 'G#', 'B')	E	E	0	major triad	(4, 8, 11)	A	A	5	None
128.5	65	2.0	107	I	True	('A', 'C#', 'E')	A	A	0	major triad	(1, 4, 9)	A	A	1	None
130.5	66	2.0	108	V7	True	('G#', 'B', 'D', 'E')	G#	E	1	dominant seventh chord	(2, 4, 8, 11)	A	A	5	None
132.5	67	2.0	109	I	True	('A', 'C#', 'E')	A	A	0	major triad	(1, 4, 9)	A	A	1	None
134.5	68	2.0	110	V7	True	('G#', 'B', 'D', 'E')	G#	E	1	dominant seventh chord	(2, 4, 8, 11)	A	A	5	None
136.5	69	1.0	111	I	True	('A', 'C#', 'E')	A	A	0	major triad	(1, 4, 9)	A	A	1	None
137.5	69	1.0	112	V7	True	('E', 'G#', 'B', 'D')	E	E	0	dominant seventh chord	(2, 4, 8, 11)	A	A	5	None
138.5	70	1.5	113	vi	True	('F#', 'A', 'C#')	F#	F#	0	minor triad	(1, 6, 9)	A	A	6	None
140.0	70	0.5	114	IV	True	('D', 'F#', 'A')	D	D	0	major triad	(2, 6, 9)	A	A	4	None
140.5	71	2.0	115	V7	True	('E', 'G#', 'B', 'D')	E	E	0	dominant seventh chord	(2, 4, 8, 11)	A	A	5	None
142.5	72	1.5	116	vi	True	('F#', 'A', 'C#')	F#	F#	0	minor triad	(1, 6, 9)	A	A	6	None
144.0	72	0.5	117	IV	True	('D', 'F#', 'A')	D	D	0	major triad	(2, 6, 9)	A	A	4	None
144.5	73	2.0	118	V7	True	('E', 'G#', 'B', 'D')	E	E	0	dominant seventh chord	(2, 4, 8, 11)	A	A	5	None
146.5	74	1.5	119	I	True	('A', 'C#', 'E')	A	A	0	major triad	(1, 4, 9)	A	A	1	None
148.0	74	0.5	120	V	True	('E', 'G#', 'B')	E	E	0	major triad	(4, 8, 11)	A	A	5	None
148.5	75	2.0	121	I	True	('A', 'C#', 'E')	A	A	0	major triad	(1, 4, 9)	A	A	1	None
150.5	76	1.5	122	V	True	('E', 'G#', 'B')	E	E	0	major triad	(4, 8, 11)	A	A	5	None
152.0	76	0.5	123	V7	True	('D', 'E', 'G#', 'B')	D	E	3	dominant seventh chord	(2, 4, 8, 11)	A	A	5	None
152.5	77	0.5	124	I	True	('C#', 'E', 'A')	C#	A	1	major triad	(1, 4, 9)	A	A	1	None
153.0	77	0.5	125	I	True	('A', 'C#', 'E')	A	A	0	major triad	(1, 4, 9)	A	A	1	None
153.5	77	0.5	126	V7	True	('G#', 'B', 'D', 'E')	G#	E	1	dominant seventh chord	(2, 4, 8, 11)	A	A	5	None
154.0	77	0.5	127	I	True	('A', 'C#', 'E')	A	A	0	major triad	(1, 4, 9)	A	A	1	None
154.5	78	1.5	128	V	True	('E', 'G#', 'B')	E	E	0	major triad	(4, 8, 11)	A	A	5	None
156.0	78	0.5	129	V	True	('E', 'G#', 'B')	E	E	0	major triad	(4, 8, 11)	A	A	5	None
156.5	79	2.0	130	I	True	('A', 'C#', 'E')	A	A	0	major triad	(1, 4, 9)	A	A	1	None
158.5	80	1.5	131	V	True	('E', 'G#', 'B')	E	E	0	major triad	(4, 8, 11)	A	A	5	None
160.0	80	0.5	132	V7	True	('D', 'E', 'G#', 'B')	D	E	3	dominant seventh chord	(2, 4, 8, 11)	A	A	5	None
160.5	81	0.5	133	I	True	('C#', 'E', 'A')	C#	A	1	major triad	(1, 4, 9)	A	A	1	None
161.0	81	0.5	134	I	True	('A', 'C#', 'E')	A	A	0	major triad	(1, 4, 9)	A	A	1	None
161.5	81	0.5	135	V7	True	('G#', 'B', 'D', 'E')	G#	E	1	dominant seventh chord	(2, 4, 8, 11)	A	A	5	None
162.0	81	0.5	136	I	True	('A', 'C#', 'E')	A	A	0	major triad	(1, 4, 9)	A	A	1	None
162.5	82	1.5	137	V	True	('E', 'G#', 'B')	E	E	0	major triad	(4, 8, 11)	A	A	5	None
164.0	82	0.5	138	V	True	('B', 'E', 'G#')	B	E	2	major triad	(4, 8, 11)	A	A	5	None
164.5	83	2.0	139	V7/V	True	('D#', 'F#', 'A', 'B')	D#	B	1	dominant seventh chord	(3, 6, 9, 11)	A	E	5	5
166.5	84	2.0	140	V	True	('E', 'G#', 'B')	E	E	0	major triad	(4, 8, 11)	A	A	5	None
168.5	85	2.0	141	V7/V	True	('D#', 'F#', 'A', 'B')	D#	B	1	dominant seventh chord	(3, 6, 9, 11)	A	E	5	5
170.5	86	1.5	142	V	True	('E', 'G#', 'B')	E	E	0	major triad	(4, 8, 11)	A	A	5	None
172.0	86	0.5	143	V	True	('G#', 'B', 'E')	G#	E	1	major triad	(4, 8, 11)	A	A	5	None
172.5	87	1.0	144	IV/V	True	('A', 'C#', 'E')	A	A	0	major triad	(1, 4, 9)	A	E	4	5
173.5	87	1.0	145	V/V	True	('B', 'D#', 'F#')	B	B	0	major triad	(3, 6, 11)	A	E	5	5
174.5	88	1.0	146	I/V	True	('G#', 'B', 'E')	G#	E	1	major triad	(4, 8, 11)	A	E	1	5
175.5	88	1.0	147	I/V	True	('E', 'G#', 'B')	E	E	0	major triad	(4, 8, 11)	A	E	1	5
176.5	89	1.0	148	IV/V	True	('A', 'C#', 'E')	A	A	0	major triad	(1, 4, 9)	A	E	4	5
177.5	89	1.0	149	V7/V	True	('A', 'B', 'D#', 'F#')	A	B	3	dominant seventh chord	(3, 6, 9, 11)	A	E	5	5
178.5	90	1.0	150	I/V	True	('G#', 'B', 'E')	G#	E	1	major triad	(4, 8, 11)	A	E	1	5
179.5	90	1.0	151	I/V	True	('E', 'G#', 'B')	E	E	0	major triad	(4, 8, 11)	A	E	1	5
180.5	91	1.0	152	IV/V	True	('A', 'C#', 'E')	A	A	0	major triad	(1, 4, 9)	A	E	4	5
181.5	91	1.0	153	V/V	True	('B', 'D#', 'F#')	B	B	0	major triad	(3, 6, 11)	A	E	5	5
182.5	92	1.0	154	I/V	True	('G#', 'B', 'E')	G#	E	1	major triad	(4, 8, 11)	A	E	1	5
183.5	92	1.0	155	I/V	True	('E', 'G#', 'B')	E	E	0	major triad	(4, 8, 11)	A	E	1	5
184.5	93	1.0	156	IV/V	True	('A', 'C#', 'E')	A	A	0	major triad	(1, 4, 9)	A	E	4	5
185.5	93	1.0	157	V7/V	True	('A', 'B', 'D#', 'F#')	A	B	3	dominant seventh chord	(3, 6, 9, 11)	A	E	5	5
186.5	94	1.0	158	I/V	True	('G#', 'B', 'E')	G#	E	1	major triad	(4, 8, 11)	A	E	1	5
187.5	94	1.0	159	viio/V	True	('D#', 'F#', 'A')	D#	D#	0	diminished triad	(3, 6, 9)	A	E	7	5
188.5	95	1.0	160	I/V	True	('E', 'G#', 'B')	E	E	0	major triad	(4, 8, 11)	A	E	1	5
189.5	95	1.0	161	V7/V	True	('F#', 'A', 'B', 'D#')	F#	B	2	dominant seventh chord	(3, 6, 9, 11)	A	E	5	5
190.5	96	2.0	162	V7/V	True	('F#', 'A', 'B', 'D#')	F#	B	2	dominant seventh chord	(3, 6, 9, 11)	A	E	5	5
192.5	97	1.0	163	I/V	True	('E', 'G#', 'B')	E	E	0	major triad	(4, 8, 11)	A	E	1	5
193.5	97	1.0	164	V	True	('E', 'G#', 'B')	E	E	0	major triad	(4, 8, 11)	A	A	5	None
194.5	98	2.0	165	V7/ii	True	('C#', 'E', 'F#', 'A#')	C#	F#	2	dominant seventh chord	(1, 4, 6, 10)	A	b	5	2
196.5	99	1.0	166	ii	True	('B', 'D', 'F#')	B	B	0	minor triad	(2, 6, 11)	A	A	2	None
197.5	99	1.0	167	V7	True	('G#', 'B', 'D', 'E')	G#	E	1	dominant seventh chord	(2, 4, 8, 11)	A	A	5	None
198.5	100	2.0	168	I	True	('A', 'C#', 'E')	A	A	0	major triad	(1, 4, 9)	A	A	1	None
200.5	101	2.0	169	V	True	('E', 'G#', 'B')	E	E	0	major triad	(4, 8, 11)	A	A	5	None
202.5	102	2.0	170	I	True	('A', 'C#', 'E')	A	A	0	major triad	(1, 4, 9)	A	A	1	None
204.5	103	2.0	171	V	True	('E', 'G#', 'B')	E	E	0	major triad	(4, 8, 11)	A	A	5	None
206.5	104	2.0	172	I	True	('A', 'C#', 'E')	A	A	0	major triad	(1, 4, 9)	A	A	1	None
208.5	105	2.0	173	V	True	('E', 'G#', 'B')	E	E	0	major triad	(4, 8, 11)	A	A	5	None
210.5	106	1.0	174	I	True	('A', 'C#', 'E')	A	A	0	major triad	(1, 4, 9)	A	A	1	None
211.5	106	0.5	175	ii	True	('D', 'F#', 'B')	D	B	1	minor triad	(2, 6, 11)	A	A	2	None
212.0	106	0.5	176	V	True	('E', 'G#', 'B')	E	E	0	major triad	(4, 8, 11)	A	A	5	None
212.5	107	0.5	177	I	True	('A', 'C#', 'E')	A	A	0	major triad	(1, 4, 9)	A	A	1	None
213.0	107	0.5	178	IV	True	('F#', 'A', 'D')	F#	D	1	major triad	(2, 6, 9)	A	A	4	None
213.5	107	0.5	179	I	True	('A', 'C#', 'E')	A	A	0	major triad	(1, 4, 9)	A	A	1	None
214.0	107	0.5	180	IV	True	('D', 'F#', 'A')	D	D	0	major triad	(2, 6, 9)	A	A	4	None
214.5	108	0.5	181	I	True	('C#', 'E', 'A')	C#	A	1	major triad	(1, 4, 9)	A	A	1	None
215.0	108	0.5	182	IV	True	('D', 'F#', 'A')	D	D	0	major triad	(2, 6, 9)	A	A	4	None
215.5	108	1.0	183	V7	True	('E', 'G#', 'B', 'D')	E	E	0	dominant seventh chord	(2, 4, 8, 11)	A	A	5	None
216.5	109	0.5	184	I	True	('A', 'C#', 'E')	A	A	0	major triad	(1, 4, 9)	A	A	1	None
217.0	109	0.5	185	IV	True	('F#', 'A', 'D')	F#	D	1	major triad	(2, 6, 9)	A	A	4	None
217.5	109	0.5	186	I	True	('A', 'C#', 'E')	A	A	0	major triad	(1, 4, 9)	A	A	1	None
218.0	109	0.5	187	IV	True	('F#', 'A', 'D')	F#	D	1	major triad	(2, 6, 9)	A	A	4	None
218.5	110	2.0	188	V	True	('E', 'G#', 'B')	E	E	0	major triad	(4, 8, 11)	A	A	5	None
220.5	111	1.5	189	I	True	('A', 'C#', 'E')	A	A	0	major triad	(1, 4, 9)	A	A	1	None
222.0	111	0.5	190	V	True	('E', 'G#', 'B')	E	E	0	major triad	(4, 8, 11)	A	A	5	None
222.5	112	2.0	191	I	True	('A', 'C#', 'E')	A	A	0	major triad	(1, 4, 9)	A	A	1	None
224.5	113	2.0	192	V7	True	('G#', 'B', 'D', 'E')	G#	E	1	dominant seventh chord	(2, 4, 8, 11)	A	A	5	None
226.5	114	1.0	193	I	True	('A', 'C#', 'E')	A	A	0	major triad	(1, 4, 9)	A	A	1	None
227.5	114	0.5	194	viio	True	('B', 'D', 'G#')	B	G#	1	diminished triad	(2, 8, 11)	A	A	7	None
228.0	114	0.5	195	I	True	('A', 'C#', 'E')	A	A	0	major triad	(1, 4, 9)	A	A	1	None
228.5	115	1.5	196	V	True	('E', 'G#', 'B')	E	E	0	major triad	(4, 8, 11)	A	A	5	None
230.0	115	0.5	197	V	True	('E', 'G#', 'B')	E	E	0	major triad	(4, 8, 11)	A	A	5	None
230.5	116	2.0	198	I	True	('A', 'C#', 'E')	A	A	0	major triad	(1, 4, 9)	A	A	1	None
232.5	117	2.0	199	V7	True	('G#', 'B', 'D', 'E')	G#	E	1	dominant seventh chord	(2, 4, 8, 11)	A	A	5	None
234.5	118	1.0	200	I	True	('A', 'C#', 'E')	A	A	0	major triad	(1, 4, 9)	A	A	1	None
235.5	118	0.5	201	viio	True	('B', 'D', 'G#')	B	G#	1	diminished triad	(2, 8, 11)	A	A	7	None
236.0	118	0.5	202	I	True	('A', 'C#', 'E')	A	A	0	major triad	(1, 4, 9)	A	A	1	None
236.5	119	1.5	203	V	True	('E', 'G#', 'B')	E	E	0	major triad	(4, 8, 11)	A	A	5	None
238.0	119	0.5	204	V	True	('E', 'G#', 'B')	E	E	0	major triad	(4, 8, 11)	A	A	5	None
238.5	120	1.0	205	V/V	True	('D#', 'F#', 'B')	D#	B	1	major triad	(3, 6, 11)	A	E	5	5
239.5	120	1.0	206	V7/V	True	('B', 'D#', 'F#', 'A')	B	B	0	dominant seventh chord	(3, 6, 9, 11)	A	E	5	5
240.5	121	2.0	207	V	True	('E', 'G#', 'B')	E	E	0	major triad	(4, 8, 11)	A	A	5	None
242.5	122	1.0	208	V/V	True	('D#', 'F#', 'B')	D#	B	1	major triad	(3, 6, 11)	A	E	5	5
243.5	122	1.0	209	V7/V	True	('B', 'D#', 'F#', 'A')	B	B	0	dominant seventh chord	(3, 6, 9, 11)	A	E	5	5
244.5	123	1.5	210	V	True	('E', 'G#', 'B')	E	E	0	major triad	(4, 8, 11)	A	A	5	None
246.0	123	0.5	211	V	True	('G#', 'B', 'E')	G#	E	1	major triad	(4, 8, 11)	A	A	5	None
246.5	124	1.0	212	ii7/V	True	('A', 'C#', 'E', 'F#')	A	F#	1	minor seventh chord	(1, 4, 6, 9)	A	E	2	5
247.5	124	1.0	213	V7/V	True	('B', 'D#', 'F#', 'A')	B	B	0	dominant seventh chord	(3, 6, 9, 11)	A	E	5	5
248.5	125	1.5	214	I/V	True	('E', 'G#', 'B')	E	E	0	major triad	(4, 8, 11)	A	E	1	5
250.0	125	0.5	215	I/V	True	('G#', 'B', 'E')	G#	E	1	major triad	(4, 8, 11)	A	E	1	5
250.5	126	1.0	216	ii7/V	True	('A', 'C#', 'E', 'F#')	A	F#	1	minor seventh chord	(1, 4, 6, 9)	A	E	2	5
251.5	126	1.0	217	V7/V	True	('B', 'D#', 'F#', 'A')	B	B	0	dominant seventh chord	(3, 6, 9, 11)	A	E	5	5
252.5	127	1.5	218	I/V	True	('E', 'G#', 'B')	E	E	0	major triad	(4, 8, 11)	A	E	1	5
254.0	127	0.5	219	I/V	True	('G#', 'B', 'E')	G#	E	1	major triad	(4, 8, 11)	A	E	1	5
254.5	128	1.0	220	ii7/V	True	('A', 'C#', 'E', 'F#')	A	F#	1	minor seventh chord	(1, 4, 6, 9)	A	E	2	5
255.5	128	1.0	221	V7/V	True	('B', 'D#', 'F#', 'A')	B	B	0	dominant seventh chord	(3, 6, 9, 11)	A	E	5	5
256.5	129	1.5	222	I/V	True	('E', 'G#', 'B')	E	E	0	major triad	(4, 8, 11)	A	E	1	5
258.0	129	0.5	223	I/V	True	('G#', 'B', 'E')	G#	E	1	major triad	(4, 8, 11)	A	E	1	5
258.5	130	1.0	224	ii7/V	True	('A', 'C#', 'E', 'F#')	A	F#	1	minor seventh chord	(1, 4, 6, 9)	A	E	2	5
259.5	130	1.0	225	V7/V	True	('B', 'D#', 'F#', 'A')	B	B	0	dominant seventh chord	(3, 6, 9, 11)	A	E	5	5
260.5	131	1.0	226	I/V	True	('E', 'G#', 'B')	E	E	0	major triad	(4, 8, 11)	A	E	1	5
261.5	131	1.0	227	V/V	True	('D#', 'F#', 'B')	D#	B	1	major triad	(3, 6, 11)	A	E	5	5
262.5	132	1.0	228	I/V	True	('E', 'G#', 'B')	E	E	0	major triad	(4, 8, 11)	A	E	1	5
263.5	132	1.0	229	V7/V	True	('B', 'D#', 'F#', 'A')	B	B	0	dominant seventh chord	(3, 6, 9, 11)	A	E	5	5
264.5	133	2.0	230	V7/V	True	('B', 'D#', 'F#', 'A')	B	B	0	dominant seventh chord	(3, 6, 9, 11)	A	E	5	5
266.5	134	1.0	231	I/V	True	('E', 'G#', 'B')	E	E	0	major triad	(4, 8, 11)	A	E	1	5
267.5	134	1.0	232	V	True	('E', 'G#', 'B')	E	E	0	major triad	(4, 8, 11)	A	A	5	None
268.5	135	1.0	233	V	True	('E', 'G#', 'B')	E	E	0	major triad	(4, 8, 11)	A	A	5	None
269.5	135	1.0	234	vi	True	('A', 'C#', 'F#')	A	F#	1	minor triad	(1, 6, 9)	A	A	6	None
270.5	136	1.0	235	ii	True	('B', 'D', 'F#')	B	B	0	minor triad	(2, 6, 11)	A	A	2	None
271.5	136	1.0	236	V	True	('E', 'G#', 'B')	E	E	0	major triad	(4, 8, 11)	A	A	5	None
272.5	137	1.0	237	I	True	('A', 'C#', 'E')	A	A	0	major triad	(1, 4, 9)	A	A	1	None
273.5	137	0.5	238	viio	True	('G#', 'B', 'D')	G#	G#	0	diminished triad	(2, 8, 11)	A	A	7	None
274.0	137	0.5	239	I	True	('A', 'C#', 'E')	A	A	0	major triad	(1, 4, 9)	A	A	1	None
274.5	138	1.5	240	V	True	('E', 'G#', 'B')	E	E	0	major triad	(4, 8, 11)	A	A	5	None
276.0	138	0.5	241	V	True	('E', 'G#', 'B')	E	E	0	major triad	(4, 8, 11)	A	A	5	None
276.5	139	2.0	242	I	True	('A', 'C#', 'E')	A	A	0	major triad	(1, 4, 9)	A	A	1	None
278.5	140	2.0	243	V7	True	('G#', 'B', 'D', 'E')	G#	E	1	dominant seventh chord	(2, 4, 8, 11)	A	A	5	None
280.5	141	2.0	244	I	True	('A', 'C#', 'E')	A	A	0	major triad	(1, 4, 9)	A	A	1	None
282.5	142	2.0	245	V7	True	('G#', 'B', 'D', 'E')	G#	E	1	dominant seventh chord	(2, 4, 8, 11)	A	A	5	None
284.5	143	1.0	246	I	True	('A', 'C#', 'E')	A	A	0	major triad	(1, 4, 9)	A	A	1	None
285.5	143	1.0	247	V7	True	('E', 'G#', 'B', 'D')	E	E	0	dominant seventh chord	(2, 4, 8, 11)	A	A	5	None
286.5	144	0.5	248	I	True	('A', 'C#', 'E')	A	A	0	major triad	(1, 4, 9)	A	A	1	None
287.0	144	0.5	249	IV	True	('A', 'D', 'F#')	A	D	2	major triad	(2, 6, 9)	A	A	4	None
287.5	144	0.5	250	I	True	('A', 'C#', 'E')	A	A	0	major triad	(1, 4, 9)	A	A	1	None
288.0	144	0.5	251	IV	True	('A', 'D', 'F#')	A	D	2	major triad	(2, 6, 9)	A	A	4	None
288.5	145	2.0	252	V	True	('E', 'G#', 'B')	E	E	0	major triad	(4, 8, 11)	A	A	5	None
290.5	146	0.5	253	I	True	('A', 'C#', 'E')	A	A	0	major triad	(1, 4, 9)	A	A	1	None
291.0	146	0.5	254	IV	True	('A', 'D', 'F#')	A	D	2	major triad	(2, 6, 9)	A	A	4	None
291.5	146	0.5	255	I	True	('A', 'C#', 'E')	A	A	0	major triad	(1, 4, 9)	A	A	1	None
292.0	146	0.5	256	IV	True	('A', 'D', 'F#')	A	D	2	major triad	(2, 6, 9)	A	A	4	None
292.5	147	2.0	257	V	True	('E', 'G#', 'B')	E	E	0	major triad	(4, 8, 11)	A	A	5	None
294.5	148	1.5	258	I	True	('A', 'C#', 'E')	A	A	0	major triad	(1, 4, 9)	A	A	1	None
296.0	148	0.5	259	V	True	('E', 'G#', 'B')	E	E	0	major triad	(4, 8, 11)	A	A	5	None
296.5	149	2.0	260	I	True	('A', 'C#', 'E')	A	A	0	major triad	(1, 4, 9)	A	A	1	None
298.5	150	1.5	261	V	True	('G#', 'B', 'E')	G#	E	1	major triad	(4, 8, 11)	A	A	5	None
300.0	150	0.5	262	V7	True	('E', 'G#', 'B', 'D')	E	E	0	dominant seventh chord	(2, 4, 8, 11)	A	A	5	None
300.5	151	0.5	263	I	True	('A', 'C#', 'E')	A	A	0	major triad	(1, 4, 9)	A	A	1	None
301.0	151	0.5	264	I	True	('C#', 'E', 'A')	C#	A	1	major triad	(1, 4, 9)	A	A	1	None
301.5	151	0.5	265	V7	True	('B', 'D', 'E', 'G#')	B	E	2	dominant seventh chord	(2, 4, 8, 11)	A	A	5	None
302.0	151	0.5	266	I	True	('A', 'C#', 'E')	A	A	0	major triad	(1, 4, 9)	A	A	1	None
302.5	152	1.5	267	V	True	('E', 'G#', 'B')	E	E	0	major triad	(4, 8, 11)	A	A	5	None
304.0	152	0.5	268	V	True	('E', 'G#', 'B')	E	E	0	major triad	(4, 8, 11)	A	A	5	None
304.5	153	2.0	269	I	True	('A', 'C#', 'E')	A	A	0	major triad	(1, 4, 9)	A	A	1	None
306.5	154	1.5	270	V	True	('G#', 'B', 'E')	G#	E	1	major triad	(4, 8, 11)	A	A	5	None
308.0	154	0.5	271	V7	True	('E', 'G#', 'B', 'D')	E	E	0	dominant seventh chord	(2, 4, 8, 11)	A	A	5	None
308.5	155	0.5	272	I	True	('A', 'C#', 'E')	A	A	0	major triad	(1, 4, 9)	A	A	1	None
309.0	155	0.5	273	I	True	('C#', 'E', 'A')	C#	A	1	major triad	(1, 4, 9)	A	A	1	None
309.5	155	0.5	274	V7	True	('B', 'D', 'E', 'G#')	B	E	2	dominant seventh chord	(2, 4, 8, 11)	A	A	5	None
310.0	155	0.5	275	I	True	('A', 'C#', 'E')	A	A	0	major triad	(1, 4, 9)	A	A	1	None
310.5	156	1.5	276	V	True	('E', 'G#', 'B')	E	E	0	major triad	(4, 8, 11)	A	A	5	None
312.0	156	0.5	277	V	True	('E', 'G#', 'B')	E	E	0	major triad	(4, 8, 11)	A	A	5	None
312.5	157	2.0	278	V/V	True	('D#', 'F#', 'B')	D#	B	1	major triad	(3, 6, 11)	A	E	5	5
314.5	158	2.0	279	V	True	('E', 'G#', 'B')	E	E	0	major triad	(4, 8, 11)	A	A	5	None
316.5	159	2.0	280	V/V	True	('D#', 'F#', 'B')	D#	B	1	major triad	(3, 6, 11)	A	E	5	5
318.5	160	2.0	281	V	True	('E', 'G#', 'B')	E	E	0	major triad	(4, 8, 11)	A	A	5	None
320.5	161	1.0	282	IV/V	True	('A', 'C#', 'E')	A	A	0	major triad	(1, 4, 9)	A	E	4	5
321.5	161	0.5	283	V/V	True	('B', 'D#', 'F#')	B	B	0	major triad	(3, 6, 11)	A	E	5	5
322.0	161	0.5	284	V7/V	True	('A', 'B', 'D#', 'F#')	A	B	3	dominant seventh chord	(3, 6, 9, 11)	A	E	5	5
322.5	162	1.5	285	I/V	True	('G#', 'B', 'E')	G#	E	1	major triad	(4, 8, 11)	A	E	1	5
324.0	162	0.5	286	I/V	True	('E', 'G#', 'B')	E	E	0	major triad	(4, 8, 11)	A	E	1	5
324.5	163	1.0	287	IV/V	True	('A', 'C#', 'E')	A	A	0	major triad	(1, 4, 9)	A	E	4	5
325.5	163	0.5	288	V/V	True	('B', 'D#', 'F#')	B	B	0	major triad	(3, 6, 11)	A	E	5	5
326.0	163	0.5	289	V7/V	True	('A', 'B', 'D#', 'F#')	A	B	3	dominant seventh chord	(3, 6, 9, 11)	A	E	5	5
326.5	164	1.0	290	I/V	True	('G#', 'B', 'E')	G#	E	1	major triad	(4, 8, 11)	A	E	1	5
327.5	164	1.0	291	I/V	True	('E', 'G#', 'B')	E	E	0	major triad	(4, 8, 11)	A	E	1	5
328.5	165	1.0	292	IV/V	True	('A', 'C#', 'E')	A	A	0	major triad	(1, 4, 9)	A	E	4	5
329.5	165	0.5	293	V/V	True	('B', 'D#', 'F#')	B	B	0	major triad	(3, 6, 11)	A	E	5	5
330.0	165	0.5	294	V7/V	True	('A', 'B', 'D#', 'F#')	A	B	3	dominant seventh chord	(3, 6, 9, 11)	A	E	5	5
330.5	166	1.5	295	I/V	True	('G#', 'B', 'E')	G#	E	1	major triad	(4, 8, 11)	A	E	1	5
332.0	166	0.5	296	I/V	True	('E', 'G#', 'B')	E	E	0	major triad	(4, 8, 11)	A	E	1	5
332.5	167	1.0	297	IV/V	True	('A', 'C#', 'E')	A	A	0	major triad	(1, 4, 9)	A	E	4	5
333.5	167	0.5	298	V/V	True	('B', 'D#', 'F#')	B	B	0	major triad	(3, 6, 11)	A	E	5	5
334.0	167	0.5	299	V7/V	True	('A', 'B', 'D#', 'F#')	A	B	3	dominant seventh chord	(3, 6, 9, 11)	A	E	5	5
334.5	168	0.5	300	I/V	True	('G#', 'B', 'E')	G#	E	1	major triad	(4, 8, 11)	A	E	1	5
335.0	168	0.5	301	I/V	True	('E', 'G#', 'B')	E	E	0	major triad	(4, 8, 11)	A	E	1	5
335.5	168	1.0	302	V7/V	True	('D#', 'F#', 'A', 'B')	D#	B	1	dominant seventh chord	(3, 6, 9, 11)	A	E	5	5
336.5	169	1.0	303	I/V	True	('E', 'G#', 'B')	E	E	0	major triad	(4, 8, 11)	A	E	1	5
337.5	169	1.0	304	V/V	True	('B', 'D#', 'F#')	B	B	0	major triad	(3, 6, 11)	A	E	5	5
338.5	170	2.0	305	V/V	True	('B', 'D#', 'F#')	B	B	0	major triad	(3, 6, 11)	A	E	5	5
340.5	171	2.0	306	I/V	True	('E', 'G#', 'B')	E	E	0	major triad	(4, 8, 11)	A	E	1	5
342.5	172	1.0	307	ii/ii	True	('C#', 'E', 'G#')	C#	C#	0	minor triad	(1, 4, 8)	A	b	2	2
343.5	172	1.0	308	V7/ii	True	('A#', 'C#', 'E', 'F#')	A#	F#	1	dominant seventh chord	(1, 4, 6, 10)	A	b	5	2
344.5	173	1.0	309	ii	True	('B', 'D', 'F#')	B	B	0	minor triad	(2, 6, 11)	A	A	2	None
345.5	173	1.0	310	V7	True	('G#', 'B', 'D', 'E')	G#	E	1	dominant seventh chord	(2, 4, 8, 11)	A	A	5	None
346.5	174	1.0	311	I	True	('A', 'C#', 'E')	A	A	0	major triad	(1, 4, 9)	A	A	1	None
347.5	174	0.5	312	viio	True	('B', 'D', 'G#')	B	G#	1	diminished triad	(2, 8, 11)	A	A	7	None
348.0	174	0.5	313	I	True	('A', 'C#', 'E')	A	A	0	major triad	(1, 4, 9)	A	A	1	None
348.5	175	1.5	314	V	True	('E', 'G#', 'B')	E	E	0	major triad	(4, 8, 11)	A	A	5	None
350.0	175	0.5	315	V	True	('E', 'G#', 'B')	E	E	0	major triad	(4, 8, 11)	A	A	5	None
350.5	176	2.0	316	I	True	('A', 'C#', 'E')	A	A	0	major triad	(1, 4, 9)	A	A	1	None
352.5	177	1.5	317	V	True	('G#', 'B', 'E')	G#	E	1	major triad	(4, 8, 11)	A	A	5	None
354.0	177	0.5	318	V7	True	('E', 'G#', 'B', 'D')	E	E	0	dominant seventh chord	(2, 4, 8, 11)	A	A	5	None
354.5	178	2.0	319	I	True	('A', 'C#', 'E')	A	A	0	major triad	(1, 4, 9)	A	A	1	None
356.5	179	1.5	320	V	True	('G#', 'B', 'E')	G#	E	1	major triad	(4, 8, 11)	A	A	5	None
358.0	179	0.5	321	V7	True	('E', 'G#', 'B', 'D')	E	E	0	dominant seventh chord	(2, 4, 8, 11)	A	A	5	None
358.5	180	1.0	322	I	True	('A', 'C#', 'E')	A	A	0	major triad	(1, 4, 9)	A	A	1	None
359.5	180	0.5	323	ii	True	('D', 'F#', 'B')	D	B	1	minor triad	(2, 6, 11)	A	A	2	None
360.0	180	0.5	324	V	True	('E', 'G#', 'B')	E	E	0	major triad	(4, 8, 11)	A	A	5	None
360.5	181	1.0	325	I	True	('A', 'C#', 'E')	A	A	0	major triad	(1, 4, 9)	A	A	1	None
361.5	181	1.0	326	IV	True	('D', 'F#', 'A')	D	D	0	major triad	(2, 6, 9)	A	A	4	None
362.5	182	1.0	327	I	True	('C#', 'E', 'A')	C#	A	1	major triad	(1, 4, 9)	A	A	1	None
363.5	182	1.0	328	V	True	('E', 'G#', 'B')	E	E	0	major triad	(4, 8, 11)	A	A	5	None
364.5	183	1.0	329	I	True	('A', 'C#', 'E')	A	A	0	major triad	(1, 4, 9)	A	A	1	None
365.5	183	1.0	330	IV	True	('D', 'F#', 'A')	D	D	0	major triad	(2, 6, 9)	A	A	4	None
366.5	184	1.0	331	I	True	('C#', 'E', 'A')	C#	A	1	major triad	(1, 4, 9)	A	A	1	None
367.5	184	1.0	332	V	True	('E', 'G#', 'B')	E	E	0	major triad	(4, 8, 11)	A	A	5	None
368.5	185	1.5	333	I	True	('A', 'C#', 'E')	A	A	0	major triad	(1, 4, 9)	A	A	1	None
370.0	185	0.5	334	V	True	('E', 'G#', 'B')	E	E	0	major triad	(4, 8, 11)	A	A	5	None
370.5	186	2.0	335	I	True	('A', 'C#', 'E')	A	A	0	major triad	(1, 4, 9)	A	A	1	None
372.5	187	1.5	336	V	True	('G#', 'B', 'E')	G#	E	1	major triad	(4, 8, 11)	A	A	5	None
374.0	187	0.5	337	V7	True	('E', 'G#', 'B', 'D')	E	E	0	dominant seventh chord	(2, 4, 8, 11)	A	A	5	None
374.5	188	1.0	338	I	True	('A', 'C#', 'E')	A	A	0	major triad	(1, 4, 9)	A	A	1	None
375.5	188	0.75	339	V7	True	('G#', 'B', 'D', 'E')	G#	E	1	dominant seventh chord	(2, 4, 8, 11)	A	A	5	None
376.25	188	0.25	340	I	True	('A', 'C#', 'E')	A	A	0	major triad	(1, 4, 9)	A	A	1	None
376.5	189	0.5	341	V	True	('E', 'G#', 'B')	E	E	0	major triad	(4, 8, 11)	A	A	5	None
377.0	189	1.5	342	V	True	('E', 'G#', 'B')	E	E	0	major triad	(4, 8, 11)	A	A	5	None
378.5	190	2.0	343	I	True	('A', 'C#', 'E')	A	A	0	major triad	(1, 4, 9)	A	A	1	None
380.5	191	1.5	344	V	True	('G#', 'B', 'E')	G#	E	1	major triad	(4, 8, 11)	A	A	5	None
382.0	191	0.5	345	V7	True	('E', 'G#', 'B', 'D')	E	E	0	dominant seventh chord	(2, 4, 8, 11)	A	A	5	None
382.5	192	1.0	346	I	True	('A', 'C#', 'E')	A	A	0	major triad	(1, 4, 9)	A	A	1	None
383.5	192	0.75	347	V7	True	('G#', 'B', 'D', 'E')	G#	E	1	dominant seventh chord	(2, 4, 8, 11)	A	A	5	None
384.25	192	0.25	348	I	True	('A', 'C#', 'E')	A	A	0	major triad	(1, 4, 9)	A	A	1	None
384.5	193	0.5	349	V	True	('E', 'G#', 'B')	E	E	0	major triad	(4, 8, 11)	A	A	5	None
385.0	193	1.5	350	V	True	('E', 'G#', 'B')	E	E	0	major triad	(4, 8, 11)	A	A	5	None
386.5	194	1.0	351	V/V	True	('D#', 'F#', 'B')	D#	B	1	major triad	(3, 6, 11)	A	E	5	5
387.5	194	1.0	352	V7/V	True	('B', 'D#', 'F#', 'A')	B	B	0	dominant seventh chord	(3, 6, 9, 11)	A	E	5	5
388.5	195	2.0	353	V	True	('E', 'G#', 'B')	E	E	0	major triad	(4, 8, 11)	A	A	5	None
390.5	196	1.0	354	V/V	True	('D#', 'F#', 'B')	D#	B	1	major triad	(3, 6, 11)	A	E	5	5
391.5	196	1.0	355	V7/V	True	('B', 'D#', 'F#', 'A')	B	B	0	dominant seventh chord	(3, 6, 9, 11)	A	E	5	5
392.5	197	1.5	356	V	True	('E', 'G#', 'B')	E	E	0	major triad	(4, 8, 11)	A	A	5	None
394.0	197	0.5	357	V	True	('E', 'G#', 'B')	E	E	0	major triad	(4, 8, 11)	A	A	5	None
394.5	198	1.0	358	IV/V	True	('A', 'C#', 'E')	A	A	0	major triad	(1, 4, 9)	A	E	4	5
395.5	198	1.0	359	V7/V	True	('A', 'B', 'D#', 'F#')	A	B	3	dominant seventh chord	(3, 6, 9, 11)	A	E	5	5
396.5	199	1.5	360	I/V	True	('G#', 'B', 'E')	G#	E	1	major triad	(4, 8, 11)	A	E	1	5
398.0	199	0.5	361	V	True	('E', 'G#', 'B')	E	E	0	major triad	(4, 8, 11)	A	A	5	None
398.5	200	1.0	362	vi7/V	True	('C#', 'E', 'G#', 'B')	C#	C#	0	minor seventh chord	(1, 4, 8, 11)	A	E	6	5
399.5	200	1.0	363	V7/V	True	('D#', 'F#', 'A', 'B')	D#	B	1	dominant seventh chord	(3, 6, 9, 11)	A	E	5	5
400.5	201	1.5	364	I/V	True	('E', 'G#', 'B')	E	E	0	major triad	(4, 8, 11)	A	E	1	5
402.0	201	0.5	365	V	True	('E', 'G#', 'B')	E	E	0	major triad	(4, 8, 11)	A	A	5	None
402.5	202	1.0	366	IV/V	True	('A', 'C#', 'E')	A	A	0	major triad	(1, 4, 9)	A	E	4	5
403.5	202	1.0	367	V7/V	True	('A', 'B', 'D#', 'F#')	A	B	3	dominant seventh chord	(3, 6, 9, 11)	A	E	5	5
404.5	203	1.5	368	I/V	True	('G#', 'B', 'E')	G#	E	1	major triad	(4, 8, 11)	A	E	1	5
406.0	203	0.5	369	V	True	('E', 'G#', 'B')	E	E	0	major triad	(4, 8, 11)	A	A	5	None
406.5	204	1.0	370	vi7/V	True	('C#', 'E', 'G#', 'B')	C#	C#	0	minor seventh chord	(1, 4, 8, 11)	A	E	6	5
407.5	204	1.0	371	V7/V	True	('D#', 'F#', 'A', 'B')	D#	B	1	dominant seventh chord	(3, 6, 9, 11)	A	E	5	5
408.5	205	1.0	372	I/V	True	('E', 'G#', 'B')	E	E	0	major triad	(4, 8, 11)	A	E	1	5
409.5	205	1.0	373	V7/V	True	('F#', 'A', 'B', 'D#')	F#	B	2	dominant seventh chord	(3, 6, 9, 11)	A	E	5	5
410.5	206	1.0	374	I/V	True	('G#', 'B', 'E')	G#	E	1	major triad	(4, 8, 11)	A	E	1	5
411.5	206	1.0	375	V/V	True	('B', 'D#', 'F#')	B	B	0	major triad	(3, 6, 11)	A	E	5	5
412.5	207	2.0	376	V/V	True	('B', 'D#', 'F#')	B	B	0	major triad	(3, 6, 11)	A	E	5	5
414.5	208	1.5	377	I/V	True	('E', 'G#', 'B')	E	E	0	major triad	(4, 8, 11)	A	E	1	5
416.0	208	1.5	378	V	True	('E', 'G#', 'B')	E	E	0	major triad	(4, 8, 11)	A	A	5	None
417.5	209	1.5	379	V	True	('E', 'G#', 'B')	E	E	0	major triad	(4, 8, 11)	A	A	5	None
419.0	209	1.5	380	V7/ii	True	('A#', 'C#', 'E', 'F#')	A#	F#	1	dominant seventh chord	(1, 4, 6, 10)	A	b	5	2
420.5	210	1.5	381	ii	True	('B', 'D', 'F#')	B	B	0	minor triad	(2, 6, 11)	A	A	2	None
422.0	210	1.5	382	V7	True	('G#', 'B', 'D', 'E')	G#	E	1	dominant seventh chord	(2, 4, 8, 11)	A	A	5	None
423.5	211	1.5	383	I	True	('A', 'C#', 'E')	A	A	0	major triad	(1, 4, 9)	A	A	1	None
425.0	211	1.0	384	V7	True	('B', 'D', 'E', 'G#')	B	E	2	dominant seventh chord	(2, 4, 8, 11)	A	A	5	None
426.0	211	0.5	385	I	True	('A', 'C#', 'E')	A	A	0	major triad	(1, 4, 9)	A	A	1	None
426.5	212	1.0	386	V	True	('E', 'G#', 'B')	E	E	0	major triad	(4, 8, 11)	A	A	5	None
427.5	212	2.0	387	V	True	('E', 'G#', 'B')	E	E	0	major triad	(4, 8, 11)	A	A	5	None
429.5	213	2.0	388	I	True	('A', 'C#', 'E')	A	A	0	major triad	(1, 4, 9)	A	A	1	None
431.5	214	1.5	389	V	True	('G#', 'B', 'E')	G#	E	1	major triad	(4, 8, 11)	A	A	5	None
433.0	214	0.5	390	V7	True	('E', 'G#', 'B', 'D')	E	E	0	dominant seventh chord	(2, 4, 8, 11)	A	A	5	None
433.5	215	2.0	391	I	True	('A', 'C#', 'E')	A	A	0	major triad	(1, 4, 9)	A	A	1	None
435.5	216	1.5	392	V	True	('G#', 'B', 'E')	G#	E	1	major triad	(4, 8, 11)	A	A	5	None
437.0	216	0.5	393	V7	True	('E', 'G#', 'B', 'D')	E	E	0	dominant seventh chord	(2, 4, 8, 11)	A	A	5	None
437.5	217	1.0	394	I	True	('A', 'C#', 'E')	A	A	0	major triad	(1, 4, 9)	A	A	1	None
438.5	217	1.0	395	V7	True	('E', 'G#', 'B', 'D')	E	E	0	dominant seventh chord	(2, 4, 8, 11)	A	A	5	None
439.5	218	1.0	396	I	True	('A', 'C#', 'E')	A	A	0	major triad	(1, 4, 9)	A	A	1	None
440.5	218	1.0	397	V	True	('E', 'G#', 'B')	E	E	0	major triad	(4, 8, 11)	A	A	5	None
441.5	219	1.0	398	I	True	('A', 'C#', 'E')	A	A	0	major triad	(1, 4, 9)	A	A	1	None
442.5	219	1.0	399	V7	True	('E', 'G#', 'B', 'D')	E	E	0	dominant seventh chord	(2, 4, 8, 11)	A	A	5	None
443.5	220	1.0	400	I	True	('A', 'C#', 'E')	A	A	0	major triad	(1, 4, 9)	A	A	1	None
444.5	220	1.0	401	V	True	('E', 'G#', 'B')	E	E	0	major triad	(4, 8, 11)	A	A	5	None
445.5	221	1.0	402	I	True	('A', 'C#', 'E')	A	A	0	major triad	(1, 4, 9)	A	A	1	None
446.5	221	1.0	403	V7	True	('E', 'G#', 'B', 'D')	E	E	0	dominant seventh chord	(2, 4, 8, 11)	A	A	5	None
447.5	222	1.5	404	I	True	('A', 'C#', 'E')	A	A	0	major triad	(1, 4, 9)	A	A	1	None
449.0	222	0.5	405	V	True	('E', 'G#', 'B')	E	E	0	major triad	(4, 8, 11)	a	a	5	None
449.5	223	2.0	406	i	True	('A', 'C', 'E')	A	A	0	minor triad	(0, 4, 9)	a	a	1	None
451.5	224	2.0	407	V	True	('G#', 'B', 'E')	G#	E	1	major triad	(4, 8, 11)	a	a	5	None
453.5	225	2.0	408	i	True	('A', 'C', 'E')	A	A	0	minor triad	(0, 4, 9)	a	a	1	None
455.5	226	1.5	409	V	True	('E', 'G#', 'B')	E	E	0	major triad	(4, 8, 11)	a	a	5	None
457.0	226	0.5	410	V	True	('E', 'G#', 'B')	E	E	0	major triad	(4, 8, 11)	a	a	5	None
457.5	227	2.0	411	i	True	('A', 'C', 'E')	A	A	0	minor triad	(0, 4, 9)	a	a	1	None
459.5	228	2.0	412	V	True	('G#', 'B', 'E')	G#	E	1	major triad	(4, 8, 11)	a	a	5	None
461.5	229	2.0	413	i	True	('A', 'C', 'E')	A	A	0	minor triad	(0, 4, 9)	a	a	1	None
463.5	230	1.5	414	V	True	('E', 'G#', 'B')	E	E	0	major triad	(4, 8, 11)	a	a	5	None
465.0	230	0.5	415	V	True	('E', 'G#', 'B')	E	E	0	major triad	(4, 8, 11)	a	a	5	None
465.5	231	2.0	416	V/v	True	('D#', 'F#', 'B')	D#	B	1	major triad	(3, 6, 11)	a	e	5	5
467.5	232	2.0	417	i/v	True	('E', 'G', 'B')	E	E	0	minor triad	(4, 7, 11)	a	e	1	5
469.5	233	2.0	418	V/v	True	('D#', 'F#', 'B')	D#	B	1	major triad	(3, 6, 11)	a	e	5	5
471.5	234	2.0	419	i/v	True	('E', 'G', 'B')	E	E	0	minor triad	(4, 7, 11)	a	e	1	5
473.5	235	1.0	420	iv/v	True	('A', 'C', 'E')	A	A	0	minor triad	(0, 4, 9)	a	e	4	5
474.5	235	1.0	421	viio/v	True	('A', 'D#', 'F#')	A	D#	2	diminished triad	(3, 6, 9)	a	e	#7	5
475.5	236	2.0	422	i/v	True	('G', 'B', 'E')	G	E	1	minor triad	(4, 7, 11)	a	e	1	5
477.5	237	1.0	423	iv/v	True	('A', 'C', 'E')	A	A	0	minor triad	(0, 4, 9)	a	e	4	5
478.5	237	1.0	424	viio/v	True	('A', 'D#', 'F#')	A	D#	2	diminished triad	(3, 6, 9)	a	e	#7	5
479.5	238	2.0	425	i/v	True	('G', 'B', 'E')	G	E	1	minor triad	(4, 7, 11)	a	e	1	5
481.5	239	1.0	426	iv/v	True	('A', 'C', 'E')	A	A	0	minor triad	(0, 4, 9)	a	e	4	5
482.5	239	1.0	427	viio/v	True	('A', 'D#', 'F#')	A	D#	2	diminished triad	(3, 6, 9)	a	e	#7	5
483.5	240	2.0	428	i/v	True	('G', 'B', 'E')	G	E	1	minor triad	(4, 7, 11)	a	e	1	5
485.5	241	1.0	429	iv/v	True	('A', 'C', 'E')	A	A	0	minor triad	(0, 4, 9)	a	e	4	5
486.5	241	1.0	430	viio/v	True	('A', 'D#', 'F#')	A	D#	2	diminished triad	(3, 6, 9)	a	e	#7	5
487.5	242	1.0	431	viio7/V/v	True	('A#', 'C#', 'E', 'G')	A#	A#	0	diminished seventh chord	(1, 4, 7, 10)	a	B	7	5
488.5	242	1.0	432	V7/v	True	('B', 'D#', 'F#', 'A')	B	B	0	dominant seventh chord	(3, 6, 9, 11)	a	e	5	5
489.5	243	1.0	433	Cad/v	True	('B', 'E', 'G')	B	E	2	minor triad	(4, 7, 11)	a	e	1	5
490.5	243	1.0	434	V7/v	True	('B', 'D#', 'F#', 'A')	B	B	0	dominant seventh chord	(3, 6, 9, 11)	a	e	5	5
491.5	244	2.0	435	Cad/v	True	('B', 'E', 'G')	B	E	2	minor triad	(4, 7, 11)	a	e	1	5
493.5	245	2.0	436	V7/v	True	('B', 'D#', 'F#', 'A')	B	B	0	dominant seventh chord	(3, 6, 9, 11)	a	e	5	5
495.5	246	2.0	437	V7/v	True	('B', 'D#', 'F#', 'A')	B	B	0	dominant seventh chord	(3, 6, 9, 11)	a	e	5	5
497.5	247	2.0	438	i/V	True	('E', 'G', 'B')	E	E	0	minor triad	(4, 7, 11)	a	E	1	5
499.5	248	2.0	439	iv	True	('D', 'F', 'A')	D	D	0	minor triad	(2, 5, 9)	a	a	4	None
501.5	249	2.0	440	V7	True	('B', 'D', 'E', 'G#')	B	E	2	dominant seventh chord	(2, 4, 8, 11)	a	a	5	None
503.5	250	2.0	441	i	True	('A', 'C', 'E')	A	A	0	minor triad	(0, 4, 9)	a	a	1	None
505.5	251	2.0	442	V7	True	('E', 'G#', 'B', 'D')	E	E	0	dominant seventh chord	(2, 4, 8, 11)	a	a	5	None
507.5	252	1.0	443	i	True	('A', 'C', 'E')	A	A	0	minor triad	(0, 4, 9)	a	a	1	None
508.5	252	1.0	444	i	True	('A', 'C', 'E')	A	A	0	minor triad	(0, 4, 9)	a	a	1	None
509.5	253	2.0	445	V	True	('G#', 'B', 'E')	G#	E	1	major triad	(4, 8, 11)	a	a	5	None
511.5	254	2.0	446	i	True	('A', 'C', 'E')	A	A	0	minor triad	(0, 4, 9)	a	a	1	None
513.5	255	2.0	447	V	True	('G#', 'B', 'E')	G#	E	1	major triad	(4, 8, 11)	a	a	5	None
515.5	256	1.0	448	i	True	('A', 'C', 'E')	A	A	0	minor triad	(0, 4, 9)	a	a	1	None
516.5	256	1.0	449	V7	True	('E', 'G#', 'B', 'D')	E	E	0	dominant seventh chord	(2, 4, 8, 11)	a	a	5	None
517.5	257	1.0	450	VI	True	('F', 'A', 'C')	F	F	0	major triad	(0, 5, 9)	a	a	6	None
518.5	257	1.0	451	iv	True	('D', 'F', 'A')	D	D	0	minor triad	(2, 5, 9)	a	a	4	None
519.5	258	2.0	452	V7	True	('E', 'G#', 'B', 'D')	E	E	0	dominant seventh chord	(2, 4, 8, 11)	a	a	5	None
521.5	259	1.0	453	VI	True	('F', 'A', 'C')	F	F	0	major triad	(0, 5, 9)	a	a	6	None
522.5	259	1.0	454	iv	True	('D', 'F', 'A')	D	D	0	minor triad	(2, 5, 9)	a	a	4	None
523.5	260	2.0	455	V7	True	('E', 'G#', 'B', 'D')	E	E	0	dominant seventh chord	(2, 4, 8, 11)	a	a	5	None
525.5	261	1.5	456	i	True	('A', 'C', 'E')	A	A	0	minor triad	(0, 4, 9)	a	a	1	None
527.0	261	0.5	457	V	True	('E', 'G#', 'B')	E	E	0	major triad	(4, 8, 11)	A	A	5	None
527.5	262	3.0	458	I	True	('A', 'C#', 'E')	A	A	0	major triad	(1, 4, 9)	A	A	1	None
530.5	263	3.0	459	V	True	('G#', 'B', 'E')	G#	E	1	major triad	(4, 8, 11)	A	A	5	None
533.5	264	1.5	460	I	True	('A', 'C#', 'E')	A	A	0	major triad	(1, 4, 9)	A	A	1	None
535.0	264	1.0	461	V7	True	('B', 'D', 'E', 'G#')	B	E	2	dominant seventh chord	(2, 4, 8, 11)	A	A	5	None
536.0	264	0.5	462	I	True	('A', 'C#', 'E')	A	A	0	major triad	(1, 4, 9)	A	A	1	None
536.5	265	2.0	463	V	True	('E', 'G#', 'B')	E	E	0	major triad	(4, 8, 11)	A	A	5	None
538.5	265	0.5	464	V	True	('E', 'G#', 'B')	E	E	0	major triad	(4, 8, 11)	A	A	5	None
539.0	265	0.5	465	V	True	('E', 'G#', 'B')	E	E	0	major triad	(4, 8, 11)	A	A	5	None
539.5	266	3.0	466	I	True	('A', 'C#', 'E')	A	A	0	major triad	(1, 4, 9)	A	A	1	None
542.5	267	3.0	467	V	True	('G#', 'B', 'E')	G#	E	1	major triad	(4, 8, 11)	A	A	5	None
545.5	268	1.5	468	I	True	('A', 'C#', 'E')	A	A	0	major triad	(1, 4, 9)	A	A	1	None
547.0	268	1.0	469	V7	True	('B', 'D', 'E', 'G#')	B	E	2	dominant seventh chord	(2, 4, 8, 11)	A	A	5	None
548.0	268	0.5	470	I	True	('A', 'C#', 'E')	A	A	0	major triad	(1, 4, 9)	A	A	1	None
548.5	269	2.0	471	V	True	('E', 'G#', 'B')	E	E	0	major triad	(4, 8, 11)	A	A	5	None
550.5	269	1.0	472	V	True	('E', 'G#', 'B')	E	E	0	major triad	(4, 8, 11)	A	A	5	None
551.5	270	3.0	473	V/V	True	('D#', 'F#', 'B')	D#	B	1	major triad	(3, 6, 11)	A	E	5	5
554.5	271	3.0	474	V	True	('E', 'G#', 'B')	E	E	0	major triad	(4, 8, 11)	A	A	5	None
557.5	272	3.0	475	V/V	True	('D#', 'F#', 'B')	D#	B	1	major triad	(3, 6, 11)	A	E	5	5
560.5	273	1.5	476	V	True	('E', 'G#', 'B')	E	E	0	major triad	(4, 8, 11)	A	A	5	None
562.0	273	1.0	477	V	True	('E', 'G#', 'B')	E	E	0	major triad	(4, 8, 11)	A	A	5	None
563.0	273	0.5	478	V	True	('G#', 'B', 'E')	G#	E	1	major triad	(4, 8, 11)	A	A	5	None
563.5	274	1.5	479	ii7/V	True	('A', 'C#', 'E', 'F#')	A	F#	1	minor seventh chord	(1, 4, 6, 9)	A	E	2	5
565.0	274	1.5	480	V7/V	True	('B', 'D#', 'F#', 'A')	B	B	0	dominant seventh chord	(3, 6, 9, 11)	A	E	5	5
566.5	275	1.5	481	I/V	True	('E', 'G#', 'B')	E	E	0	major triad	(4, 8, 11)	A	E	1	5
568.0	275	1.0	482	I/V	True	('E', 'G#', 'B')	E	E	0	major triad	(4, 8, 11)	A	E	1	5
569.0	275	0.5	483	I/V	True	('G#', 'B', 'E')	G#	E	1	major triad	(4, 8, 11)	A	E	1	5
569.5	276	1.5	484	ii7/V	True	('A', 'C#', 'E', 'F#')	A	F#	1	minor seventh chord	(1, 4, 6, 9)	A	E	2	5
571.0	276	1.5	485	V7/V	True	('B', 'D#', 'F#', 'A')	B	B	0	dominant seventh chord	(3, 6, 9, 11)	A	E	5	5
572.5	277	1.5	486	I/V	True	('E', 'G#', 'B')	E	E	0	major triad	(4, 8, 11)	A	E	1	5
574.0	277	1.0	487	I/V	True	('E', 'G#', 'B')	E	E	0	major triad	(4, 8, 11)	A	E	1	5
575.0	277	0.5	488	I/V	True	('G#', 'B', 'E')	G#	E	1	major triad	(4, 8, 11)	A	E	1	5
575.5	278	1.5	489	ii7/V	True	('A', 'C#', 'E', 'F#')	A	F#	1	minor seventh chord	(1, 4, 6, 9)	A	E	2	5
577.0	278	1.5	490	V7/V	True	('B', 'D#', 'F#', 'A')	B	B	0	dominant seventh chord	(3, 6, 9, 11)	A	E	5	5
578.5	279	1.5	491	I/V	True	('E', 'G#', 'B')	E	E	0	major triad	(4, 8, 11)	A	E	1	5
580.0	279	1.0	492	I/V	True	('E', 'G#', 'B')	E	E	0	major triad	(4, 8, 11)	A	E	1	5
581.0	279	0.5	493	I/V	True	('G#', 'B', 'E')	G#	E	1	major triad	(4, 8, 11)	A	E	1	5
581.5	280	1.5	494	ii7/V	True	('A', 'C#', 'E', 'F#')	A	F#	1	minor seventh chord	(1, 4, 6, 9)	A	E	2	5
583.0	280	1.5	495	V7/V	True	('B', 'D#', 'F#', 'A')	B	B	0	dominant seventh chord	(3, 6, 9, 11)	A	E	5	5
584.5	281	1.5	496	I/V	True	('B', 'E', 'G#')	B	E	2	major triad	(4, 8, 11)	A	E	1	5
586.0	281	1.5	497	V/V	True	('B', 'D#', 'F#')	B	B	0	major triad	(3, 6, 11)	A	E	5	5
587.5	282	1.5	498	Cad/V	True	('B', 'E', 'G#')	B	E	2	major triad	(4, 8, 11)	A	E	1	5
589.0	282	1.5	499	V7/V	True	('B', 'D#', 'F#', 'A')	B	B	0	dominant seventh chord	(3, 6, 9, 11)	A	E	5	5
590.5	283	3.0	500	V7/V	True	('B', 'D#', 'F#', 'A')	B	B	0	dominant seventh chord	(3, 6, 9, 11)	A	E	5	5
593.5	284	1.5	501	I/V	True	('E', 'G#', 'B')	E	E	0	major triad	(4, 8, 11)	A	E	1	5
595.0	284	1.5	502	V	True	('E', 'G#', 'B')	E	E	0	major triad	(4, 8, 11)	A	A	5	None
596.5	285	3.0	503	V7/ii	True	('E', 'F#', 'A#', 'C#')	E	F#	3	dominant seventh chord	(1, 4, 6, 10)	A	b	5	2
599.5	286	1.5	504	ii	True	('D', 'F#', 'B')	D	B	1	minor triad	(2, 6, 11)	A	A	2	None
601.0	286	1.5	505	V7	True	('D', 'E', 'G#', 'B')	D	E	3	dominant seventh chord	(2, 4, 8, 11)	A	A	5	None
602.5	287	1.5	506	I	True	('C#', 'E', 'A')	C#	A	1	major triad	(1, 4, 9)	A	A	1	None
604.0	287	1.0	507	V7	True	('B', 'D', 'E', 'G#')	B	E	2	dominant seventh chord	(2, 4, 8, 11)	A	A	5	None
605.0	287	0.5	508	I	True	('A', 'C#', 'E')	A	A	0	major triad	(1, 4, 9)	A	A	1	None
605.5	288	1.5	509	V	True	('E', 'G#', 'B')	E	E	0	major triad	(4, 8, 11)	A	A	5	None
607.0	288	1.0	510	V	True	('E', 'G#', 'B')	E	E	0	major triad	(4, 8, 11)	A	A	5	None
608.0	288	0.5	511	V	True	('E', 'G#', 'B')	E	E	0	major triad	(4, 8, 11)	A	A	5	None
608.5	289	3.0	512	I	True	('A', 'C#', 'E')	A	A	0	major triad	(1, 4, 9)	A	A	1	None
611.5	290	3.0	513	V	True	('G#', 'B', 'E')	G#	E	1	major triad	(4, 8, 11)	A	A	5	None
614.5	291	3.0	514	I	True	('A', 'C#', 'E')	A	A	0	major triad	(1, 4, 9)	A	A	1	None
617.5	292	3.0	515	V	True	('G#', 'B', 'E')	G#	E	1	major triad	(4, 8, 11)	A	A	5	None
620.5	293	1.5	516	I	True	('A', 'C#', 'E')	A	A	0	major triad	(1, 4, 9)	A	A	1	None
622.0	293	1.5	517	V7	True	('E', 'G#', 'B', 'D')	E	E	0	dominant seventh chord	(2, 4, 8, 11)	A	A	5	None
623.5	294	1.5	518	I	True	('A', 'C#', 'E')	A	A	0	major triad	(1, 4, 9)	A	A	1	None
625.0	294	1.0	519	I	True	('A', 'C#', 'E')	A	A	0	major triad	(1, 4, 9)	A	A	1	None
626.0	294	0.5	520	IV	True	('D', 'F#', 'A')	D	D	0	major triad	(2, 6, 9)	A	A	4	None
626.5	295	3.0	521	V7	True	('E', 'G#', 'B', 'D')	E	E	0	dominant seventh chord	(2, 4, 8, 11)	A	A	5	None
629.5	296	1.5	522	I	True	('A', 'C#', 'E')	A	A	0	major triad	(1, 4, 9)	A	A	1	None
631.0	296	1.0	523	I	True	('A', 'C#', 'E')	A	A	0	major triad	(1, 4, 9)	A	A	1	None
632.0	296	0.5	524	IV	True	('D', 'F#', 'A')	D	D	0	major triad	(2, 6, 9)	A	A	4	None
632.5	297	3.0	525	V7	True	('E', 'G#', 'B', 'D')	E	E	0	dominant seventh chord	(2, 4, 8, 11)	A	A	5	None
635.5	298	1.5	526	I	True	('A', 'C#', 'E')	A	A	0	major triad	(1, 4, 9)	A	A	1	None
637.0	298	1.0	527	I	True	('A', 'C#', 'E')	A	A	0	major triad	(1, 4, 9)	A	A	1	None
638.0	298	0.5	528	V	True	('E', 'G#', 'B')	E	E	0	major triad	(4, 8, 11)	A	A	5	None
638.5	299	2.0	529	I	True	('A', 'C#', 'E')	A	A	0	major triad	(1, 4, 9)	A	A	1	None
640.5	300	2.0	530	V7	True	('E', 'G#', 'B', 'D')	E	E	0	dominant seventh chord	(2, 4, 8, 11)	A	A	5	None
642.5	301	1.0	531	I	True	('A', 'C#', 'E')	A	A	0	major triad	(1, 4, 9)	A	A	1	None
643.5	301	0.5	532	V7	True	('B', 'D', 'E', 'G#')	B	E	2	dominant seventh chord	(2, 4, 8, 11)	A	A	5	None
644.0	301	0.5	533	I	True	('A', 'C#', 'E')	A	A	0	major triad	(1, 4, 9)	A	A	1	None
644.5	302	1.5	534	V7	True	('E', 'G#', 'B', 'D')	E	E	0	dominant seventh chord	(2, 4, 8, 11)	A	A	5	None
646.0	302	0.5	535	V	True	('E', 'G#', 'B')	E	E	0	major triad	(4, 8, 11)	A	A	5	None
646.5	303	2.0	536	I	True	('A', 'C#', 'E')	A	A	0	major triad	(1, 4, 9)	A	A	1	None
648.5	304	2.0	537	V7	True	('E', 'G#', 'B', 'D')	E	E	0	dominant seventh chord	(2, 4, 8, 11)	A	A	5	None
650.5	305	1.0	538	I	True	('A', 'C#', 'E')	A	A	0	major triad	(1, 4, 9)	A	A	1	None
651.5	305	0.5	539	V7	True	('B', 'D', 'E', 'G#')	B	E	2	dominant seventh chord	(2, 4, 8, 11)	A	A	5	None
652.0	305	0.5	540	I	True	('A', 'C#', 'E')	A	A	0	major triad	(1, 4, 9)	A	A	1	None
652.5	306	1.5	541	V	True	('E', 'G#', 'B')	E	E	0	major triad	(4, 8, 11)	A	A	5	None
654.0	306	0.5	542	V	True	('E', 'G#', 'B')	E	E	0	major triad	(4, 8, 11)	A	A	5	None
654.5	307	2.0	543	V/V	True	('D#', 'F#', 'B')	D#	B	1	major triad	(3, 6, 11)	A	E	5	5
656.5	308	2.0	544	V	True	('E', 'G#', 'B')	E	E	0	major triad	(4, 8, 11)	A	A	5	None
658.5	309	2.0	545	V/V	True	('D#', 'F#', 'B')	D#	B	1	major triad	(3, 6, 11)	A	E	5	5
660.5	310	1.5	546	V	True	('E', 'G#', 'B')	E	E	0	major triad	(4, 8, 11)	A	A	5	None
662.0	310	0.5	547	V	True	('G#', 'B', 'E')	G#	E	1	major triad	(4, 8, 11)	A	A	5	None
662.5	311	1.0	548	IV/V	True	('A', 'C#', 'E')	A	A	0	major triad	(1, 4, 9)	A	E	4	5
663.5	311	1.0	549	V7/V	True	('B', 'D#', 'F#', 'A')	B	B	0	dominant seventh chord	(3, 6, 9, 11)	A	E	5	5
664.5	312	1.0	550	I/V	True	('E', 'G#', 'B')	E	E	0	major triad	(4, 8, 11)	A	E	1	5
665.5	312	1.0	551	I/V	True	('G#', 'B', 'E')	G#	E	1	major triad	(4, 8, 11)	A	E	1	5
666.5	313	1.0	552	IV/V	True	('A', 'C#', 'E')	A	A	0	major triad	(1, 4, 9)	A	E	4	5
667.5	313	1.0	553	V/V	True	('B', 'D#', 'F#')	B	B	0	major triad	(3, 6, 11)	A	E	5	5
668.5	314	1.0	554	I/V	True	('G#', 'B', 'E')	G#	E	1	major triad	(4, 8, 11)	A	E	1	5
669.5	314	1.0	555	I/V	True	('E', 'G#', 'B')	E	E	0	major triad	(4, 8, 11)	A	E	1	5
670.5	315	1.0	556	IV/V	True	('A', 'C#', 'E')	A	A	0	major triad	(1, 4, 9)	A	E	4	5
671.5	315	1.0	557	V7/V	True	('B', 'D#', 'F#', 'A')	B	B	0	dominant seventh chord	(3, 6, 9, 11)	A	E	5	5
672.5	316	1.0	558	I/V	True	('E', 'G#', 'B')	E	E	0	major triad	(4, 8, 11)	A	E	1	5
673.5	316	1.0	559	I/V	True	('G#', 'B', 'E')	G#	E	1	major triad	(4, 8, 11)	A	E	1	5
674.5	317	1.0	560	IV/V	True	('A', 'C#', 'E')	A	A	0	major triad	(1, 4, 9)	A	E	4	5
675.5	317	1.0	561	V7/V	True	('B', 'D#', 'F#', 'A')	B	B	0	dominant seventh chord	(3, 6, 9, 11)	A	E	5	5
676.5	318	1.0	562	I/V	True	('E', 'G#', 'B')	E	E	0	major triad	(4, 8, 11)	A	E	1	5
677.5	318	1.0	563	V/V	True	('D#', 'F#', 'B')	D#	B	1	major triad	(3, 6, 11)	A	E	5	5
678.5	319	1.0	564	I/V	True	('E', 'G#', 'B')	E	E	0	major triad	(4, 8, 11)	A	E	1	5
679.5	319	1.0	565	V7/V	True	('B', 'D#', 'F#', 'A')	B	B	0	dominant seventh chord	(3, 6, 9, 11)	A	E	5	5
680.5	320	2.0	566	V7/V	True	('B', 'D#', 'F#', 'A')	B	B	0	dominant seventh chord	(3, 6, 9, 11)	A	E	5	5
682.5	321	2.0	567	I/V	True	('E', 'G#', 'B')	E	E	0	major triad	(4, 8, 11)	A	E	1	5
684.5	322	2.0	568	V7/ii	True	('A#', 'C#', 'E', 'F#')	A#	F#	1	dominant seventh chord	(1, 4, 6, 10)	A	b	5	2
686.5	323	1.5	569	ii	True	('B', 'D', 'F#')	B	B	0	minor triad	(2, 6, 11)	A	A	2	None
688.0	323	0.5	570	V7	True	('G#', 'B', 'D', 'E')	G#	E	1	dominant seventh chord	(2, 4, 8, 11)	A	A	5	None
688.5	324	1.0	571	I	True	('A', 'C#', 'E')	A	A	0	major triad	(1, 4, 9)	A	A	1	None
689.5	324	0.5	572	V7	True	('G#', 'B', 'D', 'E')	G#	E	1	dominant seventh chord	(2, 4, 8, 11)	A	A	5	None
690.0	324	0.5	573	I	True	('A', 'C#', 'E')	A	A	0	major triad	(1, 4, 9)	A	A	1	None
690.5	325	0.5	574	V	True	('E', 'G#', 'B')	E	E	0	major triad	(4, 8, 11)	A	A	5	None
691.0	325	1.5	575	V	True	('E', 'G#', 'B')	E	E	0	major triad	(4, 8, 11)	A	A	5	None
692.5	326	2.0	576	I	True	('A', 'C#', 'E')	A	A	0	major triad	(1, 4, 9)	A	A	1	None
694.5	327	2.0	577	V7	True	('E', 'G#', 'B', 'D')	E	E	0	dominant seventh chord	(2, 4, 8, 11)	A	A	5	None
696.5	328	2.0	578	I	True	('A', 'C#', 'E')	A	A	0	major triad	(1, 4, 9)	A	A	1	None
698.5	329	2.0	579	V7	True	('E', 'G#', 'B', 'D')	E	E	0	dominant seventh chord	(2, 4, 8, 11)	A	A	5	None
700.5	330	1.0	580	I	True	('A', 'C#', 'E')	A	A	0	major triad	(1, 4, 9)	A	A	1	None
701.5	330	1.0	581	V7	True	('E', 'G#', 'B', 'D')	E	E	0	dominant seventh chord	(2, 4, 8, 11)	A	A	5	None
702.5	331	1.0	582	I	True	('A', 'C#', 'E')	A	A	0	major triad	(1, 4, 9)	A	A	1	None
703.5	331	1.0	583	IV	True	('D', 'F#', 'A')	D	D	0	major triad	(2, 6, 9)	A	A	4	None
704.5	332	2.0	584	V7	True	('E', 'G#', 'B', 'D')	E	E	0	dominant seventh chord	(2, 4, 8, 11)	A	A	5	None
706.5	333	1.0	585	vi	True	('F#', 'A', 'C#')	F#	F#	0	minor triad	(1, 6, 9)	A	A	6	None
707.5	333	1.0	586	IV	True	('D', 'F#', 'A')	D	D	0	major triad	(2, 6, 9)	A	A	4	None
708.5	334	2.0	587	V	True	('E', 'G#', 'B')	E	E	0	major triad	(4, 8, 11)	A	A	5	None
710.5	335	1.5	588	I	True	('A', 'C#', 'E')	A	A	0	major triad	(1, 4, 9)	A	A	1	None
712.0	335	0.5	589	V	True	('E', 'G#', 'B')	E	E	0	major triad	(4, 8, 11)	A	A	5	None
712.5	336	2.0	590	I	True	('A', 'C#', 'E')	A	A	0	major triad	(1, 4, 9)	A	A	1	None
714.5	337	2.0	591	V	True	('E', 'G#', 'B')	E	E	0	major triad	(4, 8, 11)	A	A	5	None
716.5	338	2.0	592	I	True	('A', 'C#', 'E')	A	A	0	major triad	(1, 4, 9)	A	A	1	None
718.5	339	2.0	593	V	True	('E', 'G#', 'B')	E	E	0	major triad	(4, 8, 11)	A	A	5	None
720.5	340	2.0	594	I	True	('A', 'C#', 'E')	A	A	0	major triad	(1, 4, 9)	A	A	1	None
722.5	341	2.0	595	V	True	('E', 'G#', 'B')	E	E	0	major triad	(4, 8, 11)	A	A	5	None
724.5	342	2.0	596	I	True	('A', 'C#', 'E')	A	A	0	major triad	(1, 4, 9)	A	A	1	None
726.5	343	1.0	597	V	True	('E', 'G#', 'B')	E	E	0	major triad	(4, 8, 11)	A	A	5	None
727.5	343	1.0	598	V	True	('E', 'G#', 'B')	E	E	0	major triad	(4, 8, 11)	A	A	5	None
728.5	344	2.0	599	V/V	True	('D#', 'F#', 'B')	D#	B	1	major triad	(3, 6, 11)	A	E	5	5
730.5	345	2.0	600	V	True	('G#', 'B', 'E')	G#	E	1	major triad	(4, 8, 11)	A	A	5	None
732.5	346	2.0	601	V/V	True	('D#', 'F#', 'B')	D#	B	1	major triad	(3, 6, 11)	A	E	5	5
734.5	347	1.0	602	V	True	('G#', 'B', 'E')	G#	E	1	major triad	(4, 8, 11)	A	A	5	None
735.5	347	1.0	603	V	True	('E', 'G#', 'B')	E	E	0	major triad	(4, 8, 11)	A	A	5	None
736.5	348	1.0	604	IV/V	True	('A', 'C#', 'E')	A	A	0	major triad	(1, 4, 9)	A	E	4	5
737.5	348	1.0	605	vi/V	True	('C#', 'E', 'G#')	C#	C#	0	minor triad	(1, 4, 8)	A	E	6	5
738.5	349	1.0	606	I/V	True	('E', 'G#', 'B')	E	E	0	major triad	(4, 8, 11)	A	E	1	5
739.5	349	1.0	607	I/V	True	('G#', 'B', 'E')	G#	E	1	major triad	(4, 8, 11)	A	E	1	5
740.5	350	1.5	608	IV/V	True	('A', 'C#', 'E')	A	A	0	major triad	(1, 4, 9)	A	E	4	5
742.0	350	0.5	609	viio/V	True	('F#', 'A', 'D#')	F#	D#	1	diminished triad	(3, 6, 9)	A	E	7	5
742.5	351	0.5	610	I/V	True	('G#', 'B', 'E')	G#	E	1	major triad	(4, 8, 11)	A	E	1	5
743.0	351	0.5	611	V7/V	True	('D#', 'F#', 'A', 'B')	D#	B	1	dominant seventh chord	(3, 6, 9, 11)	A	E	5	5
743.5	351	1.0	612	I/V	True	('E', 'G#', 'B')	E	E	0	major triad	(4, 8, 11)	A	E	1	5
744.5	352	1.0	613	IV/V	True	('A', 'C#', 'E')	A	A	0	major triad	(1, 4, 9)	A	E	4	5
745.5	352	1.0	614	vi/V	True	('C#', 'E', 'G#')	C#	C#	0	minor triad	(1, 4, 8)	A	E	6	5
746.5	353	1.0	615	I/V	True	('E', 'G#', 'B')	E	E	0	major triad	(4, 8, 11)	A	E	1	5
747.5	353	1.0	616	I/V	True	('G#', 'B', 'E')	G#	E	1	major triad	(4, 8, 11)	A	E	1	5
748.5	354	1.5	617	IV/V	True	('A', 'C#', 'E')	A	A	0	major triad	(1, 4, 9)	A	E	4	5
750.0	354	0.5	618	viio/V	True	('F#', 'A', 'D#')	F#	D#	1	diminished triad	(3, 6, 9)	A	E	7	5
750.5	355	1.5	619	I/V	True	('G#', 'B', 'E')	G#	E	1	major triad	(4, 8, 11)	A	E	1	5
752.0	355	0.5	620	V7/V	True	('D#', 'F#', 'A', 'B')	D#	B	1	dominant seventh chord	(3, 6, 9, 11)	A	E	5	5
752.5	356	1.0	621	I/V	True	('E', 'G#', 'B')	E	E	0	major triad	(4, 8, 11)	A	E	1	5
753.5	356	1.0	622	V/V	True	('B', 'D#', 'F#')	B	B	0	major triad	(3, 6, 11)	A	E	5	5
754.5	357	2.0	623	V/V	True	('B', 'D#', 'F#')	B	B	0	major triad	(3, 6, 11)	A	E	5	5
756.5	358	3.0	624	I/V	True	('E', 'G#', 'B')	E	E	0	major triad	(4, 8, 11)	A	E	1	5
759.5	358	1.0	625	V	True	('E', 'G#', 'B')	E	E	0	major triad	(4, 8, 11)	A	A	5	None
760.5	359	4.0	626	V7/ii	True	('A#', 'C#', 'E', 'F#')	A#	F#	1	dominant seventh chord	(1, 4, 6, 10)	A	b	5	2
764.5	360	2.0	627	ii	True	('B', 'D', 'F#')	B	B	0	minor triad	(2, 6, 11)	A	A	2	None
766.5	360	2.0	628	V7	True	('G#', 'B', 'D', 'E')	G#	E	1	dominant seventh chord	(2, 4, 8, 11)	A	A	5	None
768.5	361	2.0	629	I	True	('A', 'C#', 'E')	A	A	0	major triad	(1, 4, 9)	A	A	1	None
770.5	361	1.0	630	V7	True	('B', 'D', 'E', 'G#')	B	E	2	dominant seventh chord	(2, 4, 8, 11)	A	A	5	None
771.5	361	1.0	631	I	True	('A', 'C#', 'E')	A	A	0	major triad	(1, 4, 9)	A	A	1	None
772.5	362	2.0	632	V	True	('E', 'G#', 'B')	E	E	0	major triad	(4, 8, 11)	A	A	5	None
774.5	362	1.5	633	V	True	('E', 'G#', 'B')	E	E	0	major triad	(4, 8, 11)	A	A	5	None
776.0	362	0.5	634	V	True	('E', 'G#', 'B')	E	E	0	major triad	(4, 8, 11)	A	A	5	None
776.5	363	2.0	635	I	True	('A', 'C#', 'E')	A	A	0	major triad	(1, 4, 9)	A	A	1	None
778.5	364	2.0	636	V7	True	('E', 'G#', 'B', 'D')	E	E	0	dominant seventh chord	(2, 4, 8, 11)	A	A	5	None
780.5	365	2.0	637	I	True	('A', 'C#', 'E')	A	A	0	major triad	(1, 4, 9)	A	A	1	None
782.5	366	2.0	638	V7	True	('E', 'G#', 'B', 'D')	E	E	0	dominant seventh chord	(2, 4, 8, 11)	A	A	5	None
784.5	367	0.5	639	I	True	('A', 'C#', 'E')	A	A	0	major triad	(1, 4, 9)	A	A	1	None
785.0	367	0.5	640	vi	True	('F#', 'A', 'C#')	F#	F#	0	minor triad	(1, 6, 9)	A	A	6	None
785.5	367	0.5	641	ii	True	('D', 'F#', 'B')	D	B	1	minor triad	(2, 6, 11)	A	A	2	None
786.0	367	0.5	642	V	True	('E', 'G#', 'B')	E	E	0	major triad	(4, 8, 11)	A	A	5	None
786.5	368	2.0	643	I	True	('A', 'C#', 'E')	A	A	0	major triad	(1, 4, 9)	A	A	1	None
788.5	369	2.0	644	V	True	('E', 'G#', 'B')	E	E	0	major triad	(4, 8, 11)	A	A	5	None
790.5	370	2.0	645	I	True	('A', 'C#', 'E')	A	A	0	major triad	(1, 4, 9)	A	A	1	None
792.5	371	2.0	646	V	True	('E', 'G#', 'B')	E	E	0	major triad	(4, 8, 11)	A	A	5	None
794.5	372	1.5	647	I	True	('A', 'C#', 'E')	A	A	0	major triad	(1, 4, 9)	A	A	1	None
796.0	372	0.5	648	V	True	('E', 'G#', 'B')	E	E	0	major triad	(4, 8, 11)	A	A	5	None
796.5	373	2.0	649	I	True	('A', 'C#', 'E')	A	A	0	major triad	(1, 4, 9)	A	A	1	None
798.5	374	2.0	650	V7	True	('G#', 'B', 'D', 'E')	G#	E	1	dominant seventh chord	(2, 4, 8, 11)	A	A	5	None
800.5	375	2.0	651	I	True	('A', 'C#', 'E')	A	A	0	major triad	(1, 4, 9)	A	A	1	None
802.5	376	1.0	652	I	True	('A', 'C#', 'E')	A	A	0	major triad	(1, 4, 9)	A	A	1	None
803.5	376	1.0	653	V	True	('E', 'G#', 'B')	E	E	0	major triad	(4, 8, 11)	A	A	5	None
804.5	377	2.0	654	I	True	('A', 'C#', 'E')	A	A	0	major triad	(1, 4, 9)	A	A	1	None
806.5	378	2.0	655	V7	True	('G#', 'B', 'D', 'E')	G#	E	1	dominant seventh chord	(2, 4, 8, 11)	A	A	5	None
808.5	379	2.0	656	I	True	('A', 'C#', 'E')	A	A	0	major triad	(1, 4, 9)	A	A	1	None
810.5	380	1.0	657	I	True	('A', 'C#', 'E')	A	A	0	major triad	(1, 4, 9)	A	A	1	None
811.5	380	1.0	658	V	True	('E', 'G#', 'B')	E	E	0	major triad	(4, 8, 11)	A	A	5	None
812.5	381	2.0	659	V7/V	True	('D#', 'F#', 'A', 'B')	D#	B	1	dominant seventh chord	(3, 6, 9, 11)	A	E	5	5
814.5	382	2.0	660	V	True	('E', 'G#', 'B')	E	E	0	major triad	(4, 8, 11)	A	A	5	None
816.5	383	2.0	661	V7/V	True	('D#', 'F#', 'A', 'B')	D#	B	1	dominant seventh chord	(3, 6, 9, 11)	A	E	5	5
818.5	384	2.0	662	V	True	('E', 'G#', 'B')	E	E	0	major triad	(4, 8, 11)	A	A	5	None
820.5	385	1.5	663	IV/V	True	('A', 'C#', 'E')	A	A	0	major triad	(1, 4, 9)	A	E	4	5
822.0	385	0.5	664	V7/V	True	('A', 'B', 'D#', 'F#')	A	B	3	dominant seventh chord	(3, 6, 9, 11)	A	E	5	5
822.5	386	2.0	665	I/V	True	('G#', 'B', 'E')	G#	E	1	major triad	(4, 8, 11)	A	E	1	5
824.5	387	1.5	666	IV/V	True	('A', 'C#', 'E')	A	A	0	major triad	(1, 4, 9)	A	E	4	5
826.0	387	0.5	667	V7/V	True	('A', 'B', 'D#', 'F#')	A	B	3	dominant seventh chord	(3, 6, 9, 11)	A	E	5	5
826.5	388	1.0	668	I/V	True	('G#', 'B', 'E')	G#	E	1	major triad	(4, 8, 11)	A	E	1	5
827.5	388	1.0	669	I/V	True	('E', 'G#', 'B')	E	E	0	major triad	(4, 8, 11)	A	E	1	5
828.5	389	1.5	670	IV/V	True	('A', 'C#', 'E')	A	A	0	major triad	(1, 4, 9)	A	E	4	5
830.0	389	0.5	671	V7/V	True	('A', 'B', 'D#', 'F#')	A	B	3	dominant seventh chord	(3, 6, 9, 11)	A	E	5	5
830.5	390	2.0	672	I/V	True	('G#', 'B', 'E')	G#	E	1	major triad	(4, 8, 11)	A	E	1	5
832.5	391	1.5	673	IV/V	True	('A', 'C#', 'E')	A	A	0	major triad	(1, 4, 9)	A	E	4	5
834.0	391	0.5	674	V7/V	True	('A', 'B', 'D#', 'F#')	A	B	3	dominant seventh chord	(3, 6, 9, 11)	A	E	5	5
834.5	392	1.0	675	I/V	True	('G#', 'B', 'E')	G#	E	1	major triad	(4, 8, 11)	A	E	1	5
835.5	392	1.0	676	I/V	True	('E', 'G#', 'B')	E	E	0	major triad	(4, 8, 11)	A	E	1	5
836.5	393	1.0	677	V/V	True	('D#', 'F#', 'B')	D#	B	1	major triad	(3, 6, 11)	A	E	5	5
837.5	393	1.0	678	V/V	True	('B', 'D#', 'F#')	B	B	0	major triad	(3, 6, 11)	A	E	5	5
838.5	394	2.0	679	V/V	True	('B', 'D#', 'F#')	B	B	0	major triad	(3, 6, 11)	A	E	5	5
840.5	395	1.5	680	I/V	True	('E', 'G#', 'B')	E	E	0	major triad	(4, 8, 11)	A	E	1	5
842.0	395	0.5	681	I	True	('C#', 'E', 'A')	C#	A	1	major triad	(1, 4, 9)	A	A	1	None
842.5	396	2.0	682	V7/ii	True	('A#', 'C#', 'E', 'F#')	A#	F#	1	dominant seventh chord	(1, 4, 6, 10)	A	b	5	2
844.5	397	1.0	683	ii	True	('B', 'D', 'F#')	B	B	0	minor triad	(2, 6, 11)	A	A	2	None
845.5	397	1.0	684	V7	True	('G#', 'B', 'D', 'E')	G#	E	1	dominant seventh chord	(2, 4, 8, 11)	A	A	5	None
846.5	398	1.0	685	I	True	('A', 'C#', 'E')	A	A	0	major triad	(1, 4, 9)	A	A	1	None
847.5	398	1.0	686	IV7	True	('D', 'F#', 'A', 'C#')	D	D	0	major seventh chord	(1, 2, 6, 9)	A	A	4	None
848.5	399	2.0	687	V	True	('E', 'G#', 'B')	E	E	0	major triad	(4, 8, 11)	A	A	5	None
850.5	400	2.0	688	I	True	('A', 'C#', 'E')	A	A	0	major triad	(1, 4, 9)	A	A	1	None
852.5	401	2.0	689	V7	True	('G#', 'B', 'D', 'E')	G#	E	1	dominant seventh chord	(2, 4, 8, 11)	A	A	5	None
854.5	402	2.0	690	I	True	('A', 'C#', 'E')	A	A	0	major triad	(1, 4, 9)	A	A	1	None
856.5	403	2.0	691	V7	True	('G#', 'B', 'D', 'E')	G#	E	1	dominant seventh chord	(2, 4, 8, 11)	A	A	5	None
858.5	404	1.5	692	I	True	('A', 'C#', 'E')	A	A	0	major triad	(1, 4, 9)	A	A	1	None
860.0	404	0.5	693	V7	True	('E', 'G#', 'B', 'D')	E	E	0	dominant seventh chord	(2, 4, 8, 11)	A	A	5	None
860.5	405	1.0	694	I	True	('A', 'C#', 'E')	A	A	0	major triad	(1, 4, 9)	A	A	1	None
861.5	405	0.5	695	IV	True	('D', 'F#', 'A')	D	D	0	major triad	(2, 6, 9)	A	A	4	None
862.0	405	0.5	696	viio/V	True	('D#', 'F#', 'A')	D#	D#	0	diminished triad	(3, 6, 9)	A	E	7	5
862.5	406	2.0	697	V7	True	('E', 'G#', 'B', 'D')	E	E	0	dominant seventh chord	(2, 4, 8, 11)	A	A	5	None
864.5	407	1.0	698	I	True	('A', 'C#', 'E')	A	A	0	major triad	(1, 4, 9)	A	A	1	None
865.5	407	0.5	699	IV	True	('D', 'F#', 'A')	D	D	0	major triad	(2, 6, 9)	A	A	4	None
866.0	407	0.5	700	viio/V	True	('D#', 'F#', 'A')	D#	D#	0	diminished triad	(3, 6, 9)	A	E	7	5
866.5	408	2.0	701	V7	True	('E', 'G#', 'B', 'D')	E	E	0	dominant seventh chord	(2, 4, 8, 11)	A	A	5	None
868.5	409	1.5	702	I	True	('A', 'C#', 'E')	A	A	0	major triad	(1, 4, 9)	A	A	1	None
870.0	409	0.5	703	V	True	('E', 'G#', 'B')	E	E	0	major triad	(4, 8, 11)	A	A	5	None
870.5	410	3.0	704	I	True	('A', 'C#', 'E')	A	A	0	major triad	(1, 4, 9)	A	A	1	None
873.5	411	3.0	705	V	True	('B', 'E', 'G#')	B	E	2	major triad	(4, 8, 11)	A	A	5	None
876.5	412	1.5	706	I	True	('A', 'C#', 'E')	A	A	0	major triad	(1, 4, 9)	A	A	1	None
878.0	412	1.5	707	IV7	True	('D', 'F#', 'A', 'C#')	D	D	0	major seventh chord	(1, 2, 6, 9)	A	A	4	None
879.5	413	2.0	708	V	True	('B', 'E', 'G#')	B	E	2	major triad	(4, 8, 11)	A	A	5	None
881.5	413	0.5	709	V	True	('B', 'E', 'G#')	B	E	2	major triad	(4, 8, 11)	A	A	5	None
882.0	413	0.5	710	V	True	('E', 'G#', 'B')	E	E	0	major triad	(4, 8, 11)	A	A	5	None
882.5	414	3.0	711	I	True	('A', 'C#', 'E')	A	A	0	major triad	(1, 4, 9)	A	A	1	None
885.5	415	3.0	712	V	True	('B', 'E', 'G#')	B	E	2	major triad	(4, 8, 11)	A	A	5	None
888.5	416	1.5	713	I	True	('A', 'C#', 'E')	A	A	0	major triad	(1, 4, 9)	A	A	1	None
890.0	416	1.5	714	IV7	True	('D', 'F#', 'A', 'C#')	D	D	0	major seventh chord	(1, 2, 6, 9)	A	A	4	None
891.5	417	2.0	715	V	True	('B', 'E', 'G#')	B	E	2	major triad	(4, 8, 11)	A	A	5	None
893.5	417	0.5	716	V	True	('B', 'E', 'G#')	B	E	2	major triad	(4, 8, 11)	A	A	5	None
894.0	417	0.5	717	V	True	('E', 'G#', 'B')	E	E	0	major triad	(4, 8, 11)	A	A	5	None
894.5	418	3.0	718	V7/V	True	('B', 'D#', 'F#', 'A')	B	B	0	dominant seventh chord	(3, 6, 9, 11)	A	E	5	5
897.5	419	3.0	719	V	True	('E', 'G#', 'B')	E	E	0	major triad	(4, 8, 11)	A	A	5	None
900.5	420	3.0	720	V7/V	True	('B', 'D#', 'F#', 'A')	B	B	0	dominant seventh chord	(3, 6, 9, 11)	A	E	5	5
903.5	421	2.0	721	V	True	('E', 'G#', 'B')	E	E	0	major triad	(4, 8, 11)	A	A	5	None
905.5	421	0.5	722	V	True	('E', 'G#', 'B')	E	E	0	major triad	(4, 8, 11)	A	A	5	None
906.0	421	0.5	723	V	True	('E', 'G#', 'B')	E	E	0	major triad	(4, 8, 11)	A	A	5	None
906.5	422	1.5	724	IV/V	True	('A', 'C#', 'E')	A	A	0	major triad	(1, 4, 9)	A	E	4	5
908.0	422	1.5	725	V7/V	True	('B', 'D#', 'F#', 'A')	B	B	0	dominant seventh chord	(3, 6, 9, 11)	A	E	5	5
909.5	423	3.0	726	I/V	True	('E', 'G#', 'B')	E	E	0	major triad	(4, 8, 11)	A	E	1	5
912.5	424	1.5	727	IV/V	True	('A', 'C#', 'E')	A	A	0	major triad	(1, 4, 9)	A	E	4	5
914.0	424	1.5	728	V7/V	True	('B', 'D#', 'F#', 'A')	B	B	0	dominant seventh chord	(3, 6, 9, 11)	A	E	5	5
915.5	425	3.0	729	I/V	True	('E', 'G#', 'B')	E	E	0	major triad	(4, 8, 11)	A	E	1	5
918.5	426	1.5	730	IV/V	True	('A', 'C#', 'E')	A	A	0	major triad	(1, 4, 9)	A	E	4	5
920.0	426	1.5	731	V7/V	True	('B', 'D#', 'F#', 'A')	B	B	0	dominant seventh chord	(3, 6, 9, 11)	A	E	5	5
921.5	427	3.0	732	I/V	True	('E', 'G#', 'B')	E	E	0	major triad	(4, 8, 11)	A	E	1	5
924.5	428	1.5	733	IV/V	True	('A', 'C#', 'E')	A	A	0	major triad	(1, 4, 9)	A	E	4	5
926.0	428	1.5	734	V7/V	True	('B', 'D#', 'F#', 'A')	B	B	0	dominant seventh chord	(3, 6, 9, 11)	A	E	5	5
927.5	429	1.5	735	I/V	True	('E', 'G#', 'B')	E	E	0	major triad	(4, 8, 11)	A	E	1	5
929.0	429	1.5	736	V7/V	True	('B', 'D#', 'F#', 'A')	B	B	0	dominant seventh chord	(3, 6, 9, 11)	A	E	5	5
930.5	430	1.5	737	Cad/V	True	('B', 'E', 'G#')	B	E	2	major triad	(4, 8, 11)	A	E	1	5
932.0	430	1.5	738	V/V	True	('B', 'D#', 'F#')	B	B	0	major triad	(3, 6, 11)	A	E	5	5
933.5	431	3.0	739	V/V	True	('B', 'D#', 'F#')	B	B	0	major triad	(3, 6, 11)	A	E	5	5
936.5	432	1.5	740	I/V	True	('E', 'G#', 'B')	E	E	0	major triad	(4, 8, 11)	A	E	1	5
938.0	432	1.0	741	I/V	True	('E', 'G#', 'B')	E	E	0	major triad	(4, 8, 11)	A	E	1	5
939.0	432	0.5	742	V	True	('E', 'G#', 'B')	E	E	0	major triad	(4, 8, 11)	A	A	5	None
939.5	433	1.5	743	V	True	('E', 'G#', 'B')	E	E	0	major triad	(4, 8, 11)	A	A	5	None
941.0	433	1.5	744	V/ii	True	('F#', 'A#', 'C#')	F#	F#	0	major triad	(1, 6, 10)	A	b	5	2
942.5	434	1.5	745	ii	True	('D', 'F#', 'B')	D	B	1	minor triad	(2, 6, 11)	A	A	2	None
944.0	434	1.5	746	V	True	('E', 'G#', 'B')	E	E	0	major triad	(4, 8, 11)	A	A	5	None
945.5	435	1.5	747	I	True	('C#', 'E', 'A')	C#	A	1	major triad	(1, 4, 9)	A	A	1	None
947.0	435	1.0	748	V7	True	('D', 'E', 'G#', 'B')	D	E	3	dominant seventh chord	(2, 4, 8, 11)	A	A	5	None
948.0	435	0.5	749	I	True	('C#', 'E', 'A')	C#	A	1	major triad	(1, 4, 9)	A	A	1	None
948.5	436	1.0	750	V7	True	('B', 'D', 'E', 'G#')	B	E	2	dominant seventh chord	(2, 4, 8, 11)	A	A	5	None
949.5	436	0.5	751	I	True	('A', 'C#', 'E')	A	A	0	major triad	(1, 4, 9)	A	A	1	None
950.0	436	1.0	752	V	True	('E', 'G#', 'B')	E	E	0	major triad	(4, 8, 11)	A	A	5	None
951.0	436	0.5	753	V	True	('E', 'G#', 'B')	E	E	0	major triad	(4, 8, 11)	A	A	5	None
951.5	437	3.0	754	I	True	('A', 'C#', 'E')	A	A	0	major triad	(1, 4, 9)	A	A	1	None
954.5	438	3.0	755	V	True	('B', 'E', 'G#')	B	E	2	major triad	(4, 8, 11)	A	A	5	None
957.5	439	3.0	756	I	True	('A', 'C#', 'E')	A	A	0	major triad	(1, 4, 9)	A	A	1	None
960.5	440	3.0	757	V	True	('B', 'E', 'G#')	B	E	2	major triad	(4, 8, 11)	A	A	5	None
963.5	441	1.5	758	I	True	('A', 'C#', 'E')	A	A	0	major triad	(1, 4, 9)	A	A	1	None
965.0	441	1.5	759	V7	True	('E', 'G#', 'B', 'D')	E	E	0	dominant seventh chord	(2, 4, 8, 11)	A	A	5	None
966.5	442	2.0	760	I	True	('A', 'C#', 'E')	A	A	0	major triad	(1, 4, 9)	A	A	1	None
968.5	442	1.0	761	IV	True	('D', 'F#', 'A')	D	D	0	major triad	(2, 6, 9)	A	A	4	None
969.5	443	1.5	762	I	True	('A', 'C#', 'E')	A	A	0	major triad	(1, 4, 9)	A	A	1	None
971.0	443	1.5	763	V7	True	('E', 'G#', 'B', 'D')	E	E	0	dominant seventh chord	(2, 4, 8, 11)	A	A	5	None
972.5	444	2.0	764	I	True	('A', 'C#', 'E')	A	A	0	major triad	(1, 4, 9)	A	A	1	None
974.5	444	1.0	765	IV	True	('D', 'F#', 'A')	D	D	0	major triad	(2, 6, 9)	A	A	4	None
975.5	445	1.5	766	I	True	('A', 'C#', 'E')	A	A	0	major triad	(1, 4, 9)	A	A	1	None
977.0	445	1.5	767	V7	True	('E', 'G#', 'B', 'D')	E	E	0	dominant seventh chord	(2, 4, 8, 11)	A	A	5	None
978.5	446	2.0	768	I	True	('A', 'C#', 'E')	A	A	0	major triad	(1, 4, 9)	A	A	1	None
980.5	446	1.0	769	V	True	('E', 'G#', 'B')	E	E	0	major triad	(4, 8, 11)	A	A	5	None
981.5	447	4.0	770	I	True	('A', 'C#', 'E')	A	A	0	major triad	(1, 4, 9)	A	A	1	None
985.5	448	2.0	771	V7/V	True	('A', 'B', 'D#', 'F#')	A	B	3	dominant seventh chord	(3, 6, 9, 11)	A	E	5	5
987.5	448	2.0	772	V7	True	('G#', 'B', 'D', 'E')	G#	E	1	dominant seventh chord	(2, 4, 8, 11)	A	A	5	None
989.5	449	2.0	773	I	True	('A', 'C#', 'E')	A	A	0	major triad	(1, 4, 9)	A	A	1	None
991.5	449	1.0	774	V7	True	('B', 'D', 'E', 'G#')	B	E	2	dominant seventh chord	(2, 4, 8, 11)	A	A	5	None
992.5	449	1.0	775	I	True	('A', 'C#', 'E')	A	A	0	major triad	(1, 4, 9)	A	A	1	None
993.5	450	1.0	776	V	True	('E', 'G#', 'B')	E	E	0	major triad	(4, 8, 11)	A	A	5	None
994.5	450	3.0	777	V	True	('E', 'G#', 'B')	E	E	0	major triad	(4, 8, 11)	A	A	5	None
997.5	451	4.0	778	I	True	('A', 'C#', 'E')	A	A	0	major triad	(1, 4, 9)	A	A	1	None
1001.5	452	2.0	779	V7/V	True	('A', 'B', 'D#', 'F#')	A	B	3	dominant seventh chord	(3, 6, 9, 11)	A	E	5	5
1003.5	452	2.0	780	V7	True	('G#', 'B', 'D', 'E')	G#	E	1	dominant seventh chord	(2, 4, 8, 11)	A	A	5	None
1005.5	453	2.0	781	I	True	('A', 'C#', 'E')	A	A	0	major triad	(1, 4, 9)	A	A	1	None
1007.5	453	1.0	782	V7	True	('B', 'D', 'E', 'G#')	B	E	2	dominant seventh chord	(2, 4, 8, 11)	A	A	5	None
1008.5	453	1.0	783	I	True	('A', 'C#', 'E')	A	A	0	major triad	(1, 4, 9)	A	A	1	None
1009.5	454	1.0	784	V	True	('E', 'G#', 'B')	E	E	0	major triad	(4, 8, 11)	A	A	5	None
1010.5	454	3.0	785	V	True	('E', 'G#', 'B')	E	E	0	major triad	(4, 8, 11)	A	A	5	None
1013.5	455	4.0	786	V/V	True	('D#', 'F#', 'B')	D#	B	1	major triad	(3, 6, 11)	A	E	5	5
1017.5	456	4.0	787	V	True	('E', 'G#', 'B')	E	E	0	major triad	(4, 8, 11)	A	A	5	None
1021.5	457	4.0	788	V/V	True	('D#', 'F#', 'B')	D#	B	1	major triad	(3, 6, 11)	A	E	5	5
1025.5	458	2.0	789	V	True	('E', 'G#', 'B')	E	E	0	major triad	(4, 8, 11)	A	A	5	None
1027.5	458	1.0	790	V/V	True	('F#', 'B', 'D#')	F#	B	2	major triad	(3, 6, 11)	A	E	5	5
1028.5	458	0.5	791	V	True	('G#', 'B', 'E')	G#	E	1	major triad	(4, 8, 11)	A	A	5	None
1029.0	458	0.5	792	V	True	('G#', 'B', 'E')	G#	E	1	major triad	(4, 8, 11)	A	A	5	None
1029.5	459	2.0	793	ii7/V	True	('A', 'C#', 'E', 'F#')	A	F#	1	minor seventh chord	(1, 4, 6, 9)	A	E	2	5
1031.5	459	2.0	794	V7/V	True	('B', 'D#', 'F#', 'A')	B	B	0	dominant seventh chord	(3, 6, 9, 11)	A	E	5	5
1033.5	460	4.0	795	I/V	True	('E', 'G#', 'B')	E	E	0	major triad	(4, 8, 11)	A	E	1	5
1037.5	461	2.0	796	ii7/V	True	('A', 'C#', 'E', 'F#')	A	F#	1	minor seventh chord	(1, 4, 6, 9)	A	E	2	5
1039.5	461	2.0	797	V7/V	True	('B', 'D#', 'F#', 'A')	B	B	0	dominant seventh chord	(3, 6, 9, 11)	A	E	5	5
1041.5	462	4.0	798	I/V	True	('E', 'G#', 'B')	E	E	0	major triad	(4, 8, 11)	A	E	1	5
1045.5	463	2.0	799	ii7/V	True	('A', 'C#', 'E', 'F#')	A	F#	1	minor seventh chord	(1, 4, 6, 9)	A	E	2	5
1047.5	463	2.0	800	V7/V	True	('B', 'D#', 'F#', 'A')	B	B	0	dominant seventh chord	(3, 6, 9, 11)	A	E	5	5
1049.5	464	4.0	801	I/V	True	('E', 'G#', 'B')	E	E	0	major triad	(4, 8, 11)	A	E	1	5
1053.5	465	2.0	802	ii7/V	True	('A', 'C#', 'E', 'F#')	A	F#	1	minor seventh chord	(1, 4, 6, 9)	A	E	2	5
1055.5	465	2.0	803	V7/V	True	('A', 'B', 'D#', 'F#')	A	B	3	dominant seventh chord	(3, 6, 9, 11)	A	E	5	5
1057.5	466	2.0	804	I/V	True	('G#', 'B', 'E')	G#	E	1	major triad	(4, 8, 11)	A	E	1	5
1059.5	466	2.0	805	V7/V	True	('D#', 'F#', 'A', 'B')	D#	B	1	dominant seventh chord	(3, 6, 9, 11)	A	E	5	5
1061.5	467	2.0	806	I/V	True	('E', 'G#', 'B')	E	E	0	major triad	(4, 8, 11)	A	E	1	5
1063.5	467	2.0	807	V7/V	True	('B', 'D#', 'F#', 'A')	B	B	0	dominant seventh chord	(3, 6, 9, 11)	A	E	5	5
1065.5	468	4.0	808	V7/V	True	('B', 'D#', 'F#', 'A')	B	B	0	dominant seventh chord	(3, 6, 9, 11)	A	E	5	5
1069.5	469	4.0	809	I/V	True	('E', 'G#', 'B')	E	E	0	major triad	(4, 8, 11)	A	E	1	5
1073.5	470	4.0	810	I/V	True	('E', 'G#', 'B')	E	E	0	major triad	(4, 8, 11)	A	E	1	5
1077.5	471	4.0	811	V7/ii	True	('A#', 'C#', 'E', 'F#')	A#	F#	1	dominant seventh chord	(1, 4, 6, 10)	A	b	5	2
1081.5	472	2.0	812	ii	True	('B', 'D', 'F#')	B	B	0	minor triad	(2, 6, 11)	A	A	2	None
1083.5	472	2.0	813	V	True	('G#', 'B', 'E')	G#	E	1	major triad	(4, 8, 11)	A	A	5	None
1085.5	473	2.0	814	I	True	('A', 'C#', 'E')	A	A	0	major triad	(1, 4, 9)	A	A	1	None
1087.5	473	1.0	815	V7	True	('B', 'D', 'E', 'G#')	B	E	2	dominant seventh chord	(2, 4, 8, 11)	A	A	5	None
1088.5	473	1.0	816	I	True	('A', 'C#', 'E')	A	A	0	major triad	(1, 4, 9)	A	A	1	None
1089.5	474	1.0	817	V	True	('E', 'G#', 'B')	E	E	0	major triad	(4, 8, 11)	A	A	5	None
1090.5	474	3.0	818	V	True	('E', 'G#', 'B')	E	E	0	major triad	(4, 8, 11)	A	A	5	None
1093.5	475	4.0	819	I	True	('A', 'C#', 'E')	A	A	0	major triad	(1, 4, 9)	A	A	1	None
1097.5	476	2.0	820	V7/V	True	('A', 'B', 'D#', 'F#')	A	B	3	dominant seventh chord	(3, 6, 9, 11)	A	E	5	5
1099.5	476	2.0	821	V7	True	('G#', 'B', 'D', 'E')	G#	E	1	dominant seventh chord	(2, 4, 8, 11)	A	A	5	None
1101.5	477	4.0	822	I	True	('A', 'C#', 'E')	A	A	0	major triad	(1, 4, 9)	A	A	1	None
1105.5	478	2.0	823	V7/V	True	('A', 'B', 'D#', 'F#')	A	B	3	dominant seventh chord	(3, 6, 9, 11)	A	E	5	5
1107.5	478	2.0	824	V7	True	('G#', 'B', 'D', 'E')	G#	E	1	dominant seventh chord	(2, 4, 8, 11)	A	A	5	None
1109.5	479	2.0	825	I	True	('A', 'C#', 'E')	A	A	0	major triad	(1, 4, 9)	A	A	1	None
1111.5	479	2.0	826	V7	True	('E', 'G#', 'B', 'D')	E	E	0	dominant seventh chord	(2, 4, 8, 11)	A	A	5	None
1113.5	480	1.0	827	I	True	('A', 'C#', 'E')	A	A	0	major triad	(1, 4, 9)	A	A	1	None
1114.5	480	1.0	828	IV	True	('D', 'F#', 'A')	D	D	0	major triad	(2, 6, 9)	A	A	4	None
1115.5	480	1.0	829	I	True	('C#', 'E', 'A')	C#	A	1	major triad	(1, 4, 9)	A	A	1	None
1116.5	480	1.0	830	IV	True	('F#', 'A', 'D')	F#	D	1	major triad	(2, 6, 9)	A	A	4	None
1117.5	481	4.0	831	V7	True	('E', 'G#', 'B', 'D')	E	E	0	dominant seventh chord	(2, 4, 8, 11)	A	A	5	None
1121.5	482	1.0	832	I	True	('A', 'C#', 'E')	A	A	0	major triad	(1, 4, 9)	A	A	1	None
1122.5	482	1.0	833	IV	True	('D', 'F#', 'A')	D	D	0	major triad	(2, 6, 9)	A	A	4	None
1123.5	482	1.0	834	I	True	('C#', 'E', 'A')	C#	A	1	major triad	(1, 4, 9)	A	A	1	None
1124.5	482	1.0	835	IV	True	('F#', 'A', 'D')	F#	D	1	major triad	(2, 6, 9)	A	A	4	None
1125.5	483	4.0	836	V7	True	('E', 'G#', 'B', 'D')	E	E	0	dominant seventh chord	(2, 4, 8, 11)	A	A	5	None
1129.5	484	4.0	837	V7	True	('E', 'G#', 'B', 'D')	E	E	0	dominant seventh chord	(2, 4, 8, 11)	A	A	5	None
1133.5	485	3.0	838	I	True	('A', 'C#', 'E')	A	A	0	major triad	(1, 4, 9)	A	A	1	None
1136.5	486	3.0	839	V	True	('E', 'G#', 'B')	E	E	0	major triad	(4, 8, 11)	A	A	5	None
1139.5	487	3.0	840	I	True	('A', 'C#', 'E')	A	A	0	major triad	(1, 4, 9)	A	A	1	None
1142.5	488	3.0	841	V7	True	('E', 'G#', 'B', 'D')	E	E	0	dominant seventh chord	(2, 4, 8, 11)	A	A	5	None
1145.5	489	3.0	842	I	True	('A', 'C#', 'E')	A	A	0	major triad	(1, 4, 9)	A	A	1	None
1148.5	490	3.0	843	V	True	('E', 'G#', 'B')	E	E	0	major triad	(4, 8, 11)	A	A	5	None
1151.5	491	1.5	844	I	True	('A', 'C#', 'E')	A	A	0	major triad	(1, 4, 9)	A	A	1	None
1153.0	491	1.5	845	V7	True	('E', 'G#', 'B', 'D')	E	E	0	dominant seventh chord	(2, 4, 8, 11)	A	A	5	None
1154.5	492	1.5	846	I	True	('A', 'C#', 'E')	A	A	0	major triad	(1, 4, 9)	A	A	1	None
1156.0	492	1.5	847	V7	True	('E', 'G#', 'B', 'D')	E	E	0	dominant seventh chord	(2, 4, 8, 11)	A	A	5	None
1157.5	493	1.5	848	I	True	('A', 'C#', 'E')	A	A	0	major triad	(1, 4, 9)	A	A	1	None
1159.0	493	1.5	849	V7	True	('E', 'G#', 'B', 'D')	E	E	0	dominant seventh chord	(2, 4, 8, 11)	A	A	5	None
1160.5	494	1.5	850	I	True	('A', 'C#', 'E')	A	A	0	major triad	(1, 4, 9)	A	A	1	None
1162.0	494	1.5	851	V7	True	('E', 'G#', 'B', 'D')	E	E	0	dominant seventh chord	(2, 4, 8, 11)	A	A	5	None
1163.5	495	1.5	852	I	True	('A', 'C#', 'E')	A	A	0	major triad	(1, 4, 9)	A	A	1	None
1165.0	495	1.5	853	V7	True	('E', 'G#', 'B', 'D')	E	E	0	dominant seventh chord	(2, 4, 8, 11)	A	A	5	None
1166.5	496	3.0	854	I	True	('A', 'C#', 'E')	A	A	0	major triad	(1, 4, 9)	A	A	1	None
1169.5	497	3.0	855	I	True	('A', 'C#', 'E')	A	A	0	major triad	(1, 4, 9)	A	A	1	None
1172.5	498	3.0	856	I	True	('A', 'C#', 'E')	A	A	0	major triad	(1, 4, 9)	A	A	1	None
1175.5	499	1.5	857	I	True	('A', 'C#', 'E')	A	A	0	major triad	(1, 4, 9)	A	A	1	None
1177.0	499	1.5	858	V	True	('E', 'G#', 'B')	E	E	0	major triad	(4, 8, 11)	A	A	5	None
1178.5	500	2.0	859	I	True	('A', 'C#', 'E')	A	A	0	major triad	(1, 4, 9)	A	A	1	None
1180.5	500	1.0	860	V	True	('E', 'G#', 'B')	E	E	0	major triad	(4, 8, 11)	A	A	5	None
1181.5	501	4.0	861	I	True	('A', 'C#', 'E')	A	A	0	major triad	(1, 4, 9)	A	A	1	None
1185.5	502	4.0	862	V	True	('E', 'G#', 'B')	E	E	0	major triad	(4, 8, 11)	A	A	5	None
1189.5	503	2.0	863	I	True	('A', 'C#', 'E')	A	A	0	major triad	(1, 4, 9)	A	A	1	None
1191.5	503	1.0	864	V7	True	('G#', 'B', 'D', 'E')	G#	E	1	dominant seventh chord	(2, 4, 8, 11)	A	A	5	None
1192.5	503	1.0	865	I	True	('A', 'C#', 'E')	A	A	0	major triad	(1, 4, 9)	A	A	1	None
1193.5	504	3.0	866	V	True	('E', 'G#', 'B')	E	E	0	major triad	(4, 8, 11)	A	A	5	None
1196.5	504	1.0	867	V	True	('E', 'G#', 'B')	E	E	0	major triad	(4, 8, 11)	A	A	5	None
1197.5	505	4.0	868	I	True	('A', 'C#', 'E')	A	A	0	major triad	(1, 4, 9)	A	A	1	None
1201.5	506	4.0	869	V	True	('E', 'G#', 'B')	E	E	0	major triad	(4, 8, 11)	A	A	5	None
1205.5	507	2.0	870	I	True	('A', 'C#', 'E')	A	A	0	major triad	(1, 4, 9)	A	A	1	None
1207.5	507	1.0	871	V7	True	('G#', 'B', 'D', 'E')	G#	E	1	dominant seventh chord	(2, 4, 8, 11)	A	A	5	None
1208.5	507	1.0	872	I	True	('A', 'C#', 'E')	A	A	0	major triad	(1, 4, 9)	A	A	1	None
1209.5	508	3.0	873	V	True	('E', 'G#', 'B')	E	E	0	major triad	(4, 8, 11)	A	A	5	None
1212.5	508	1.0	874	V	True	('E', 'G#', 'B')	E	E	0	major triad	(4, 8, 11)	A	A	5	None
1213.5	509	4.0	875	V7/V	True	('B', 'D#', 'F#', 'A')	B	B	0	dominant seventh chord	(3, 6, 9, 11)	A	E	5	5
1217.5	510	4.0	876	V	True	('B', 'E', 'G#')	B	E	2	major triad	(4, 8, 11)	A	A	5	None
1221.5	511	4.0	877	V7/V	True	('B', 'D#', 'F#', 'A')	B	B	0	dominant seventh chord	(3, 6, 9, 11)	A	E	5	5
1225.5	512	3.0	878	V	True	('B', 'E', 'G#')	B	E	2	major triad	(4, 8, 11)	A	A	5	None
1228.5	512	1.0	879	V	True	('G#', 'B', 'E')	G#	E	1	major triad	(4, 8, 11)	A	A	5	None
1229.5	513	1.0	880	IV/V	True	('A', 'C#', 'E')	A	A	0	major triad	(1, 4, 9)	A	E	4	5
1230.5	513	1.0	881	ii/V	True	('A', 'C#', 'F#')	A	F#	1	minor triad	(1, 6, 9)	A	E	2	5
1231.5	513	2.0	882	V7/V	True	('B', 'D#', 'F#', 'A')	B	B	0	dominant seventh chord	(3, 6, 9, 11)	A	E	5	5
1233.5	514	3.0	883	I/V	True	('E', 'G#', 'B')	E	E	0	major triad	(4, 8, 11)	A	E	1	5
1236.5	514	1.0	884	I/V	True	('G#', 'B', 'E')	G#	E	1	major triad	(4, 8, 11)	A	E	1	5
1237.5	515	1.0	885	IV/V	True	('A', 'C#', 'E')	A	A	0	major triad	(1, 4, 9)	A	E	4	5
1238.5	515	1.0	886	ii7/V	True	('A', 'C#', 'E', 'F#')	A	F#	1	minor seventh chord	(1, 4, 6, 9)	A	E	2	5
1239.5	515	2.0	887	V7/V	True	('B', 'D#', 'F#', 'A')	B	B	0	dominant seventh chord	(3, 6, 9, 11)	A	E	5	5
1241.5	516	3.0	888	I/V	True	('E', 'G#', 'B')	E	E	0	major triad	(4, 8, 11)	A	E	1	5
1244.5	516	1.0	889	I/V	True	('G#', 'B', 'E')	G#	E	1	major triad	(4, 8, 11)	A	E	1	5
1245.5	517	1.0	890	IV/V	True	('A', 'C#', 'E')	A	A	0	major triad	(1, 4, 9)	A	E	4	5
1246.5	517	1.0	891	ii/V	True	('A', 'C#', 'F#')	A	F#	1	minor triad	(1, 6, 9)	A	E	2	5
1247.5	517	2.0	892	V7/V	True	('B', 'D#', 'F#', 'A')	B	B	0	dominant seventh chord	(3, 6, 9, 11)	A	E	5	5
1249.5	518	3.0	893	I/V	True	('E', 'G#', 'B')	E	E	0	major triad	(4, 8, 11)	A	E	1	5
1252.5	518	1.0	894	I/V	True	('G#', 'B', 'E')	G#	E	1	major triad	(4, 8, 11)	A	E	1	5
1253.5	519	2.0	895	IV/V	True	('A', 'C#', 'E')	A	A	0	major triad	(1, 4, 9)	A	E	4	5
1255.5	519	2.0	896	V7/V	True	('A', 'B', 'D#', 'F#')	A	B	3	dominant seventh chord	(3, 6, 9, 11)	A	E	5	5
1257.5	520	2.0	897	I/V	True	('G#', 'B', 'E')	G#	E	1	major triad	(4, 8, 11)	A	E	1	5
1259.5	520	2.0	898	V7/V	True	('D#', 'F#', 'A', 'B')	D#	B	1	dominant seventh chord	(3, 6, 9, 11)	A	E	5	5
1261.5	521	3.0	899	I/V	True	('E', 'G#', 'B')	E	E	0	major triad	(4, 8, 11)	A	E	1	5
1264.5	521	1.0	900	V7/V	True	('B', 'D#', 'F#', 'A')	B	B	0	dominant seventh chord	(3, 6, 9, 11)	A	E	5	5
1265.5	522	4.0	901	V7/V	True	('B', 'D#', 'F#', 'A')	B	B	0	dominant seventh chord	(3, 6, 9, 11)	A	E	5	5
1269.5	523	3.0	902	I/V	True	('E', 'G#', 'B')	E	E	0	major triad	(4, 8, 11)	A	E	1	5
1272.5	523	1.0	903	V	True	('E', 'G#', 'B')	E	E	0	major triad	(4, 8, 11)	A	A	5	None
1273.5	524	4.0	904	V7/ii	True	('F#', 'A#', 'C#', 'E')	F#	F#	0	dominant seventh chord	(1, 4, 6, 10)	A	b	5	2
1277.5	525	2.0	905	ii	True	('B', 'D', 'F#')	B	B	0	minor triad	(2, 6, 11)	A	A	2	None
1279.5	525	2.0	906	V7	True	('G#', 'B', 'D', 'E')	G#	E	1	dominant seventh chord	(2, 4, 8, 11)	A	A	5	None
1281.5	526	1.0	907	I	True	('A', 'C#', 'E')	A	A	0	major triad	(1, 4, 9)	A	A	1	None
1282.5	526	1.0	908	I	True	('C#', 'E', 'A')	C#	A	1	major triad	(1, 4, 9)	A	A	1	None
1283.5	526	1.0	909	V7	True	('B', 'D', 'E', 'G#')	B	E	2	dominant seventh chord	(2, 4, 8, 11)	A	A	5	None
1284.5	526	1.0	910	I	True	('A', 'C#', 'E')	A	A	0	major triad	(1, 4, 9)	A	A	1	None
1285.5	527	3.0	911	V	True	('E', 'G#', 'B')	E	E	0	major triad	(4, 8, 11)	A	A	5	None
1288.5	527	1.0	912	V	True	('E', 'G#', 'B')	E	E	0	major triad	(4, 8, 11)	A	A	5	None
1289.5	528	4.0	913	I	True	('A', 'C#', 'E')	A	A	0	major triad	(1, 4, 9)	A	A	1	None
1293.5	529	4.0	914	V	True	('E', 'G#', 'B')	E	E	0	major triad	(4, 8, 11)	A	A	5	None
1297.5	530	4.0	915	I	True	('A', 'C#', 'E')	A	A	0	major triad	(1, 4, 9)	A	A	1	None
1301.5	531	4.0	916	V	True	('E', 'G#', 'B')	E	E	0	major triad	(4, 8, 11)	A	A	5	None
1305.5	532	2.0	917	I	True	('A', 'C#', 'E')	A	A	0	major triad	(1, 4, 9)	A	A	1	None
1307.5	532	2.0	918	V7	True	('E', 'G#', 'B', 'D')	E	E	0	dominant seventh chord	(2, 4, 8, 11)	A	A	5	None
1309.5	533	4.0	919	I	True	('A', 'C#', 'E')	A	A	0	major triad	(1, 4, 9)	A	A	1	None
1313.5	534	1.0	920	I	True	('A', 'C#', 'E')	A	A	0	major triad	(1, 4, 9)	A	A	1	None
1314.5	534	1.0	921	I	True	('C#', 'E', 'A')	C#	A	1	major triad	(1, 4, 9)	A	A	1	None
1315.5	534	2.0	922	V7	True	('E', 'G#', 'B', 'D')	E	E	0	dominant seventh chord	(2, 4, 8, 11)	A	A	5	None
1317.5	535	4.0	923	I	True	('A', 'C#', 'E')	A	A	0	major triad	(1, 4, 9)	A	A	1	None
1321.5	536	1.0	924	I	True	('A', 'C#', 'E')	A	A	0	major triad	(1, 4, 9)	A	A	1	None
1322.5	536	1.0	925	I	True	('C#', 'E', 'A')	C#	A	1	major triad	(1, 4, 9)	A	A	1	None
1323.5	536	2.0	926	V7	True	('E', 'G#', 'B', 'D')	E	E	0	dominant seventh chord	(2, 4, 8, 11)	A	A	5	None
1325.5	537	4.0	927	I	True	('A', 'C#', 'E')	A	A	0	major triad	(1, 4, 9)	A	A	1	None
