j_offset	s_offset_frac	s_duration	s_duration_frac	s_measure	s_note	s_midi	s_isOnset	s_part_id	s_voice_id	a_measure	a_duration	a_annotationNumber	a_romanNumeral	a_isOnset	a_pitchNames	a_bass	a_root	a_inversion	a_quality	a_pcset	a_localKey	a_tonicizedKey	a_degree1	a_degree2
0.0	0	1.0	1	1	C5	72	True	Bass	1	1.0	1.0	0.0	i	True	('F', 'A-', 'C')	F	F	0.0	minor triad	(0, 5, 8)	f	f	1	None
0.0	0	1.0	1	1	F4	65	True	Bass	1	1.0	1.0	0.0	i	True	('F', 'A-', 'C')	F	F	0.0	minor triad	(0, 5, 8)	f	f	1	None
0.0	0	1.0	1	1	A-3	56	True	Bass	1	1.0	1.0	0.0	i	True	('F', 'A-', 'C')	F	F	0.0	minor triad	(0, 5, 8)	f	f	1	None
0.0	0	1.0	1	1	F3	53	True	Bass	1	1.0	1.0	0.0	i	True	('F', 'A-', 'C')	F	F	0.0	minor triad	(0, 5, 8)	f	f	1	None
1.0	1	1.0	1	1	C5	72	True	Bass	1	1.0	1.0	1.0	V7/iv	True	('E-', 'F', 'A', 'C')	E-	F	3.0	dominant seventh chord	(0, 3, 5, 9)	f	b-	5	4
1.0	1	1.0	1	1	F4	65	True	Bass	1	1.0	1.0	1.0	V7/iv	True	('E-', 'F', 'A', 'C')	E-	F	3.0	dominant seventh chord	(0, 3, 5, 9)	f	b-	5	4
1.0	1	1.0	1	1	A3	57	True	Bass	1	1.0	1.0	1.0	V7/iv	True	('E-', 'F', 'A', 'C')	E-	F	3.0	dominant seventh chord	(0, 3, 5, 9)	f	b-	5	4
1.0	1	1.0	1	1	E-3	51	True	Bass	1	1.0	1.0	1.0	V7/iv	True	('E-', 'F', 'A', 'C')	E-	F	3.0	dominant seventh chord	(0, 3, 5, 9)	f	b-	5	4
2.0	2	1.0	1	1	B-4	70	True	Bass	1	1.0	1.0	2.0	iv	True	('D-', 'F', 'B-')	D-	B-	1.0	minor triad	(1, 5, 10)	f	f	4	None
2.0	2	0.5	1/2	1	F4	65	True	Bass	1	1.0	1.0	2.0	iv	True	('D-', 'F', 'B-')	D-	B-	1.0	minor triad	(1, 5, 10)	f	f	4	None
2.0	2	1.0	1	1	B-3	58	True	Bass	1	1.0	1.0	2.0	iv	True	('D-', 'F', 'B-')	D-	B-	1.0	minor triad	(1, 5, 10)	f	f	4	None
2.0	2	1.0	1	1	D-3	49	True	Bass	1	1.0	1.0	2.0	iv	True	('D-', 'F', 'B-')	D-	B-	1.0	minor triad	(1, 5, 10)	f	f	4	None
2.5	5/2	0.5	1/2	1	E4	64	True	Bass	1	1.0	1.0	2.0	iv	False	('D-', 'F', 'B-')	D-	B-	1.0	minor triad	(1, 5, 10)	f	f	4	None
3.0	3	1.0	1	1	A-4	68	True	Bass	1	1.0	1.0	3.0	i	True	('C', 'F', 'A-')	C	F	2.0	minor triad	(0, 5, 8)	f	f	1	None
3.0	3	1.0	1	1	F4	65	True	Bass	1	1.0	1.0	3.0	i	True	('C', 'F', 'A-')	C	F	2.0	minor triad	(0, 5, 8)	f	f	1	None
3.0	3	1.0	1	1	C4	60	True	Bass	1	1.0	1.0	3.0	i	True	('C', 'F', 'A-')	C	F	2.0	minor triad	(0, 5, 8)	f	f	1	None
3.0	3	1.0	1	1	C3	48	True	Bass	1	1.0	1.0	3.0	i	True	('C', 'F', 'A-')	C	F	2.0	minor triad	(0, 5, 8)	f	f	1	None
4.0	4	1.5	3/2	2	G4	67	True	Bass	1	2.0	1.0	4.0	iiø7	True	('B-', 'D-', 'F', 'G')	B-	G	1.0	half-diminished seventh chord	(1, 5, 7, 10)	f	f	2	None
4.0	4	0.5	1/2	2	F4	65	True	Bass	1	2.0	1.0	4.0	iiø7	True	('B-', 'D-', 'F', 'G')	B-	G	1.0	half-diminished seventh chord	(1, 5, 7, 10)	f	f	2	None
4.0	4	1.0	1	2	D-4	61	True	Bass	1	2.0	1.0	4.0	iiø7	True	('B-', 'D-', 'F', 'G')	B-	G	1.0	half-diminished seventh chord	(1, 5, 7, 10)	f	f	2	None
4.0	4	1.0	1	2	B-2	46	True	Bass	1	2.0	1.0	4.0	iiø7	True	('B-', 'D-', 'F', 'G')	B-	G	1.0	half-diminished seventh chord	(1, 5, 7, 10)	f	f	2	None
4.5	9/2	0.5	1/2	2	G4	67	True	Bass	1	2.0	1.0	4.0	iiø7	False	('B-', 'D-', 'F', 'G')	B-	G	1.0	half-diminished seventh chord	(1, 5, 7, 10)	f	f	2	None
5.0	5	1.0	1	2	E4	64	True	Bass	1	2.0	0.5	5.0	V	True	('C', 'E', 'G')	C	C	0.0	major triad	(0, 4, 7)	f	f	5	None
5.0	5	0.5	1/2	2	C4	60	True	Bass	1	2.0	0.5	5.0	V	True	('C', 'E', 'G')	C	C	0.0	major triad	(0, 4, 7)	f	f	5	None
5.0	5	1.0	1	2	C3	48	True	Bass	1	2.0	0.5	5.0	V	True	('C', 'E', 'G')	C	C	0.0	major triad	(0, 4, 7)	f	f	5	None
5.5	11/2	0.5	1/2	2	F4	65	True	Bass	1	2.0	0.5	6.0	V7	True	('C', 'E', 'G', 'B-')	C	C	0.0	dominant seventh chord	(0, 4, 7, 10)	f	f	5	None
5.5	11/2	0.5	1/2	2	B-3	58	True	Bass	1	2.0	0.5	6.0	V7	True	('C', 'E', 'G', 'B-')	C	C	0.0	dominant seventh chord	(0, 4, 7, 10)	f	f	5	None
6.0	6	1.0	1	2	F4	65	True	Bass	1	2.0	1.0	7.0	i	True	('F', 'A-', 'C')	F	F	0.0	minor triad	(0, 5, 8)	f	f	1	None
6.0	6	1.0	1	2	F4	65	True	Bass	1	2.0	1.0	7.0	i	True	('F', 'A-', 'C')	F	F	0.0	minor triad	(0, 5, 8)	f	f	1	None
6.0	6	1.0	1	2	A-3	56	True	Bass	1	2.0	1.0	7.0	i	True	('F', 'A-', 'C')	F	F	0.0	minor triad	(0, 5, 8)	f	f	1	None
6.0	6	1.0	1	2	F2	41	True	Bass	1	2.0	1.0	7.0	i	True	('F', 'A-', 'C')	F	F	0.0	minor triad	(0, 5, 8)	f	f	1	None
7.0	7	1.0	1	2	F4	65	True	Bass	1	2.0	1.0	8.0	i	True	('F', 'A-', 'C')	F	F	0.0	minor triad	(0, 5, 8)	f	f	1	None
7.0	7	1.0	1	2	C4	60	True	Bass	1	2.0	1.0	8.0	i	True	('F', 'A-', 'C')	F	F	0.0	minor triad	(0, 5, 8)	f	f	1	None
7.0	7	1.0	1	2	A-3	56	True	Bass	1	2.0	1.0	8.0	i	True	('F', 'A-', 'C')	F	F	0.0	minor triad	(0, 5, 8)	f	f	1	None
7.0	7	1.0	1	2	F2	41	True	Bass	1	2.0	1.0	8.0	i	True	('F', 'A-', 'C')	F	F	0.0	minor triad	(0, 5, 8)	f	f	1	None
8.0	8	1.5	3/2	3	A-4	68	True	Bass	1	3.0	1.5	9.0	i	True	('F', 'A-', 'C')	F	F	0.0	minor triad	(0, 5, 8)	f	f	1	None
8.0	8	1.5	3/2	3	F4	65	True	Bass	1	3.0	1.5	9.0	i	True	('F', 'A-', 'C')	F	F	0.0	minor triad	(0, 5, 8)	f	f	1	None
8.0	8	1.5	3/2	3	C4	60	True	Bass	1	3.0	1.5	9.0	i	True	('F', 'A-', 'C')	F	F	0.0	minor triad	(0, 5, 8)	f	f	1	None
8.0	8	1.0	1	3	F3	53	True	Bass	1	3.0	1.5	9.0	i	True	('F', 'A-', 'C')	F	F	0.0	minor triad	(0, 5, 8)	f	f	1	None
9.0	9	0.5	1/2	3	E-3	51	True	Bass	1	3.0	1.5	9.0	i	False	('F', 'A-', 'C')	F	F	0.0	minor triad	(0, 5, 8)	f	f	1	None
9.5	19/2	0.5	1/2	3	B-4	70	True	Bass	1	3.0	0.5	10.0	viio	True	('D-', 'G', 'B-')	D-	G	2.0	diminished triad	(1, 7, 10)	A-	A-	7	None
9.5	19/2	0.5	1/2	3	G4	67	True	Bass	1	3.0	0.5	10.0	viio	True	('D-', 'G', 'B-')	D-	G	2.0	diminished triad	(1, 7, 10)	A-	A-	7	None
9.5	19/2	0.5	1/2	3	B-3	58	True	Bass	1	3.0	0.5	10.0	viio	True	('D-', 'G', 'B-')	D-	G	2.0	diminished triad	(1, 7, 10)	A-	A-	7	None
9.5	19/2	0.5	1/2	3	D-3	49	True	Bass	1	3.0	0.5	10.0	viio	True	('D-', 'G', 'B-')	D-	G	2.0	diminished triad	(1, 7, 10)	A-	A-	7	None
10.0	10	1.0	1	3	C5	72	True	Bass	1	3.0	1.0	11.0	I	True	('C', 'E-', 'A-')	C	A-	1.0	major triad	(0, 3, 8)	A-	A-	1	None
10.0	10	1.0	1	3	A-4	68	True	Bass	1	3.0	1.0	11.0	I	True	('C', 'E-', 'A-')	C	A-	1.0	major triad	(0, 3, 8)	A-	A-	1	None
10.0	10	1.0	1	3	E-4	63	True	Bass	1	3.0	1.0	11.0	I	True	('C', 'E-', 'A-')	C	A-	1.0	major triad	(0, 3, 8)	A-	A-	1	None
10.0	10	0.5	1/2	3	C3	48	True	Bass	1	3.0	1.0	11.0	I	True	('C', 'E-', 'A-')	C	A-	1.0	major triad	(0, 3, 8)	A-	A-	1	None
10.5	21/2	0.5	1/2	3	B-2	46	True	Bass	1	3.0	1.0	11.0	I	False	('C', 'E-', 'A-')	C	A-	1.0	major triad	(0, 3, 8)	A-	A-	1	None
11.0	11	1.0	1	3	C5	72	True	Bass	1	3.0	1.0	12.0	I	True	('A-', 'C', 'E-')	A-	A-	0.0	major triad	(0, 3, 8)	A-	A-	1	None
11.0	11	1.0	1	3	A-4	68	True	Bass	1	3.0	1.0	12.0	I	True	('A-', 'C', 'E-')	A-	A-	0.0	major triad	(0, 3, 8)	A-	A-	1	None
11.0	11	1.0	1	3	E-4	63	True	Bass	1	3.0	1.0	12.0	I	True	('A-', 'C', 'E-')	A-	A-	0.0	major triad	(0, 3, 8)	A-	A-	1	None
11.0	11	1.0	1	3	A-2	44	True	Bass	1	3.0	1.0	12.0	I	True	('A-', 'C', 'E-')	A-	A-	0.0	major triad	(0, 3, 8)	A-	A-	1	None
12.0	12	1.5	3/2	4	B-4	70	True	Bass	1	4.0	1.0	13.0	ii7	True	('D-', 'F', 'A-', 'B-')	D-	B-	1.0	minor seventh chord	(1, 5, 8, 10)	A-	A-	2	None
12.0	12	0.5	1/2	4	A-4	68	True	Bass	1	4.0	1.0	13.0	ii7	True	('D-', 'F', 'A-', 'B-')	D-	B-	1.0	minor seventh chord	(1, 5, 8, 10)	A-	A-	2	None
12.0	12	1.0	1	4	F4	65	True	Bass	1	4.0	1.0	13.0	ii7	True	('D-', 'F', 'A-', 'B-')	D-	B-	1.0	minor seventh chord	(1, 5, 8, 10)	A-	A-	2	None
12.0	12	1.0	1	4	D-3	49	True	Bass	1	4.0	1.0	13.0	ii7	True	('D-', 'F', 'A-', 'B-')	D-	B-	1.0	minor seventh chord	(1, 5, 8, 10)	A-	A-	2	None
12.5	25/2	0.5	1/2	4	F4	65	True	Bass	1	4.0	1.0	13.0	ii7	False	('D-', 'F', 'A-', 'B-')	D-	B-	1.0	minor seventh chord	(1, 5, 8, 10)	A-	A-	2	None
13.0	13	1.0	1	4	G4	67	True	Bass	1	4.0	0.5	14.0	V	True	('E-', 'G', 'B-')	E-	E-	0.0	major triad	(3, 7, 10)	A-	A-	5	None
13.0	13	0.5	1/2	4	E-4	63	True	Bass	1	4.0	0.5	14.0	V	True	('E-', 'G', 'B-')	E-	E-	0.0	major triad	(3, 7, 10)	A-	A-	5	None
13.0	13	1.0	1	4	E-3	51	True	Bass	1	4.0	0.5	14.0	V	True	('E-', 'G', 'B-')	E-	E-	0.0	major triad	(3, 7, 10)	A-	A-	5	None
13.5	27/2	0.5	1/2	4	A-4	68	True	Bass	1	4.0	0.5	15.0	V7	True	('E-', 'G', 'B-', 'D-')	E-	E-	0.0	dominant seventh chord	(1, 3, 7, 10)	A-	A-	5	None
13.5	27/2	0.5	1/2	4	D-4	61	True	Bass	1	4.0	0.5	15.0	V7	True	('E-', 'G', 'B-', 'D-')	E-	E-	0.0	dominant seventh chord	(1, 3, 7, 10)	A-	A-	5	None
14.0	14	2.0	2	4	A-4	68	True	Bass	1	4.0	2.0	16.0	I	True	('A-', 'C', 'E-')	A-	A-	0.0	major triad	(0, 3, 8)	A-	A-	1	None
14.0	14	2.0	2	4	E-4	63	True	Bass	1	4.0	2.0	16.0	I	True	('A-', 'C', 'E-')	A-	A-	0.0	major triad	(0, 3, 8)	A-	A-	1	None
14.0	14	2.0	2	4	C4	60	True	Bass	1	4.0	2.0	16.0	I	True	('A-', 'C', 'E-')	A-	A-	0.0	major triad	(0, 3, 8)	A-	A-	1	None
14.0	14	2.0	2	4	A-2	44	True	Bass	1	4.0	2.0	16.0	I	True	('A-', 'C', 'E-')	A-	A-	0.0	major triad	(0, 3, 8)	A-	A-	1	None
16.0	16	1.0	1	5	A-4	68	True	Bass	1	5.0	1.0	17.0	VI	True	('D-', 'F', 'A-')	D-	D-	0.0	major triad	(1, 5, 8)	f	f	6	None
16.0	16	1.0	1	5	F4	65	True	Bass	1	5.0	1.0	17.0	VI	True	('D-', 'F', 'A-')	D-	D-	0.0	major triad	(1, 5, 8)	f	f	6	None
16.0	16	1.0	1	5	D-4	61	True	Bass	1	5.0	1.0	17.0	VI	True	('D-', 'F', 'A-')	D-	D-	0.0	major triad	(1, 5, 8)	f	f	6	None
16.0	16	1.0	1	5	D-3	49	True	Bass	1	5.0	1.0	17.0	VI	True	('D-', 'F', 'A-')	D-	D-	0.0	major triad	(1, 5, 8)	f	f	6	None
17.0	17	1.0	1	5	B-4	70	True	Bass	1	5.0	1.0	18.0	iio	True	('B-', 'D-', 'G')	B-	G	1.0	diminished triad	(1, 7, 10)	f	f	2	None
17.0	17	1.0	1	5	G4	67	True	Bass	1	5.0	1.0	18.0	iio	True	('B-', 'D-', 'G')	B-	G	1.0	diminished triad	(1, 7, 10)	f	f	2	None
17.0	17	1.0	1	5	D-4	61	True	Bass	1	5.0	1.0	18.0	iio	True	('B-', 'D-', 'G')	B-	G	1.0	diminished triad	(1, 7, 10)	f	f	2	None
17.0	17	0.5	1/2	5	C3	48	True	Bass	1	5.0	1.0	18.0	iio	True	('B-', 'D-', 'G')	B-	G	1.0	diminished triad	(1, 7, 10)	f	f	2	None
17.5	35/2	0.5	1/2	5	B-2	46	True	Bass	1	5.0	1.0	18.0	iio	False	('B-', 'D-', 'G')	B-	G	1.0	diminished triad	(1, 7, 10)	f	f	2	None
18.0	18	1.0	1	5	B-4	70	True	Bass	1	5.0	1.0	19.0	V7	True	('C', 'E', 'G', 'B-')	C	C	0.0	dominant seventh chord	(0, 4, 7, 10)	f	f	5	None
18.0	18	1.0	1	5	E4	64	True	Bass	1	5.0	1.0	19.0	V7	True	('C', 'E', 'G', 'B-')	C	C	0.0	dominant seventh chord	(0, 4, 7, 10)	f	f	5	None
18.0	18	1.0	1	5	G3	55	True	Bass	1	5.0	1.0	19.0	V7	True	('C', 'E', 'G', 'B-')	C	C	0.0	dominant seventh chord	(0, 4, 7, 10)	f	f	5	None
18.0	18	1.0	1	5	C3	48	True	Bass	1	5.0	1.0	19.0	V7	True	('C', 'E', 'G', 'B-')	C	C	0.0	dominant seventh chord	(0, 4, 7, 10)	f	f	5	None
19.0	19	1.0	1	5	A-4	68	True	Bass	1	5.0	1.0	20.0	VI	True	('D-', 'F', 'A-')	D-	D-	0.0	major triad	(1, 5, 8)	f	f	6	None
19.0	19	1.0	1	5	F4	65	True	Bass	1	5.0	1.0	20.0	VI	True	('D-', 'F', 'A-')	D-	D-	0.0	major triad	(1, 5, 8)	f	f	6	None
19.0	19	0.5	1/2	5	F3	53	True	Bass	1	5.0	1.0	20.0	VI	True	('D-', 'F', 'A-')	D-	D-	0.0	major triad	(1, 5, 8)	f	f	6	None
19.0	19	1.0	1	5	D-3	49	True	Bass	1	5.0	1.0	20.0	VI	True	('D-', 'F', 'A-')	D-	D-	0.0	major triad	(1, 5, 8)	f	f	6	None
19.5	39/2	0.5	1/2	5	A-3	56	True	Bass	1	5.0	1.0	20.0	VI	False	('D-', 'F', 'A-')	D-	D-	0.0	major triad	(1, 5, 8)	f	f	6	None
20.0	20	1.5	3/2	6	G4	67	True	Bass	1	6.0	1.0	21.0	iiø7	True	('B-', 'D-', 'F', 'G')	B-	G	1.0	half-diminished seventh chord	(1, 5, 7, 10)	f	f	2	None
20.0	20	1.0	1	6	F4	65	True	Bass	1	6.0	1.0	21.0	iiø7	True	('B-', 'D-', 'F', 'G')	B-	G	1.0	half-diminished seventh chord	(1, 5, 7, 10)	f	f	2	None
20.0	20	1.0	1	6	D-4	61	True	Bass	1	6.0	1.0	21.0	iiø7	True	('B-', 'D-', 'F', 'G')	B-	G	1.0	half-diminished seventh chord	(1, 5, 7, 10)	f	f	2	None
20.0	20	1.0	1	6	B-2	46	True	Bass	1	6.0	1.0	21.0	iiø7	True	('B-', 'D-', 'F', 'G')	B-	G	1.0	half-diminished seventh chord	(1, 5, 7, 10)	f	f	2	None
21.0	21	1.0	1	6	E4	64	True	Bass	1	6.0	0.5	22.0	V	True	('C', 'E', 'G')	C	C	0.0	major triad	(0, 4, 7)	f	f	5	None
21.0	21	0.5	1/2	6	C4	60	True	Bass	1	6.0	0.5	22.0	V	True	('C', 'E', 'G')	C	C	0.0	major triad	(0, 4, 7)	f	f	5	None
21.0	21	1.0	1	6	C3	48	True	Bass	1	6.0	0.5	22.0	V	True	('C', 'E', 'G')	C	C	0.0	major triad	(0, 4, 7)	f	f	5	None
21.5	43/2	0.5	1/2	6	F4	65	True	Bass	1	6.0	0.5	23.0	V7	True	('C', 'E', 'G', 'B-')	C	C	0.0	dominant seventh chord	(0, 4, 7, 10)	f	f	5	None
21.5	43/2	0.5	1/2	6	B-3	58	True	Bass	1	6.0	0.5	23.0	V7	True	('C', 'E', 'G', 'B-')	C	C	0.0	dominant seventh chord	(0, 4, 7, 10)	f	f	5	None
22.0	22	2.0	2	6	F4	65	True	Bass	1	6.0	2.0	24.0	i	True	('F', 'A-', 'C')	F	F	0.0	minor triad	(0, 5, 8)	f	f	1	None
22.0	22	2.0	2	6	C4	60	True	Bass	1	6.0	2.0	24.0	i	True	('F', 'A-', 'C')	F	F	0.0	minor triad	(0, 5, 8)	f	f	1	None
22.0	22	2.0	2	6	A-3	56	True	Bass	1	6.0	2.0	24.0	i	True	('F', 'A-', 'C')	F	F	0.0	minor triad	(0, 5, 8)	f	f	1	None
22.0	22	2.0	2	6	F2	41	True	Bass	1	6.0	2.0	24.0	i	True	('F', 'A-', 'C')	F	F	0.0	minor triad	(0, 5, 8)	f	f	1	None
24.0	24	1.0	1	7	C5	72	True	Bass	1	7.0	2.0	25.0	V	True	('F', 'A', 'C')	F	F	0.0	major triad	(0, 5, 9)	b-	b-	5	None
24.0	24	1.0	1	7	F4	65	True	Bass	1	7.0	2.0	25.0	V	True	('F', 'A', 'C')	F	F	0.0	major triad	(0, 5, 9)	b-	b-	5	None
24.0	24	0.5	1/2	7	A3	57	True	Bass	1	7.0	2.0	25.0	V	True	('F', 'A', 'C')	F	F	0.0	major triad	(0, 5, 9)	b-	b-	5	None
24.0	24	0.5	1/2	7	F3	53	True	Bass	1	7.0	2.0	25.0	V	True	('F', 'A', 'C')	F	F	0.0	major triad	(0, 5, 9)	b-	b-	5	None
24.5	49/2	0.5	1/2	7	B-3	58	True	Bass	1	7.0	2.0	25.0	V	False	('F', 'A', 'C')	F	F	0.0	major triad	(0, 5, 9)	b-	b-	5	None
24.5	49/2	0.5	1/2	7	G3	55	True	Bass	1	7.0	2.0	25.0	V	False	('F', 'A', 'C')	F	F	0.0	major triad	(0, 5, 9)	b-	b-	5	None
25.0	25	1.0	1	7	C5	72	True	Bass	1	7.0	2.0	25.0	V	False	('F', 'A', 'C')	F	F	0.0	major triad	(0, 5, 9)	b-	b-	5	None
25.0	25	1.0	1	7	F4	65	True	Bass	1	7.0	2.0	25.0	V	False	('F', 'A', 'C')	F	F	0.0	major triad	(0, 5, 9)	b-	b-	5	None
25.0	25	0.5	1/2	7	C4	60	True	Bass	1	7.0	2.0	25.0	V	False	('F', 'A', 'C')	F	F	0.0	major triad	(0, 5, 9)	b-	b-	5	None
25.0	25	0.5	1/2	7	A3	57	True	Bass	1	7.0	2.0	25.0	V	False	('F', 'A', 'C')	F	F	0.0	major triad	(0, 5, 9)	b-	b-	5	None
25.5	51/2	0.5	1/2	7	A3	57	True	Bass	1	7.0	2.0	25.0	V	False	('F', 'A', 'C')	F	F	0.0	major triad	(0, 5, 9)	b-	b-	5	None
25.5	51/2	0.5	1/2	7	F3	53	True	Bass	1	7.0	2.0	25.0	V	False	('F', 'A', 'C')	F	F	0.0	major triad	(0, 5, 9)	b-	b-	5	None
26.0	26	1.0	1	7	D-5	73	True	Bass	1	7.0	2.0	26.0	i	True	('B-', 'D-', 'F')	B-	B-	0.0	minor triad	(1, 5, 10)	b-	b-	1	None
26.0	26	1.0	1	7	F4	65	True	Bass	1	7.0	2.0	26.0	i	True	('B-', 'D-', 'F')	B-	B-	0.0	minor triad	(1, 5, 10)	b-	b-	1	None
26.0	26	1.0	1	7	B-3	58	True	Bass	1	7.0	2.0	26.0	i	True	('B-', 'D-', 'F')	B-	B-	0.0	minor triad	(1, 5, 10)	b-	b-	1	None
26.0	26	0.5	1/2	7	B-2	46	True	Bass	1	7.0	2.0	26.0	i	True	('B-', 'D-', 'F')	B-	B-	0.0	minor triad	(1, 5, 10)	b-	b-	1	None
26.5	53/2	0.5	1/2	7	C3	48	True	Bass	1	7.0	2.0	26.0	i	False	('B-', 'D-', 'F')	B-	B-	0.0	minor triad	(1, 5, 10)	b-	b-	1	None
27.0	27	1.0	1	7	D-5	73	True	Bass	1	7.0	2.0	26.0	i	False	('B-', 'D-', 'F')	B-	B-	0.0	minor triad	(1, 5, 10)	b-	b-	1	None
27.0	27	1.0	1	7	F4	65	True	Bass	1	7.0	2.0	26.0	i	False	('B-', 'D-', 'F')	B-	B-	0.0	minor triad	(1, 5, 10)	b-	b-	1	None
27.0	27	1.0	1	7	B-3	58	True	Bass	1	7.0	2.0	26.0	i	False	('B-', 'D-', 'F')	B-	B-	0.0	minor triad	(1, 5, 10)	b-	b-	1	None
27.0	27	0.5	1/2	7	D-3	49	True	Bass	1	7.0	2.0	26.0	i	False	('B-', 'D-', 'F')	B-	B-	0.0	minor triad	(1, 5, 10)	b-	b-	1	None
27.5	55/2	0.5	1/2	7	B-2	46	True	Bass	1	7.0	2.0	26.0	i	False	('B-', 'D-', 'F')	B-	B-	0.0	minor triad	(1, 5, 10)	b-	b-	1	None
28.0	28	1.0	1	8	B-4	70	True	Bass	1	8.0	2.0	27.0	V	True	('E-', 'G', 'B-')	E-	E-	0.0	major triad	(3, 7, 10)	A-	A-	5	None
28.0	28	0.5	1/2	8	G4	67	True	Bass	1	8.0	2.0	27.0	V	True	('E-', 'G', 'B-')	E-	E-	0.0	major triad	(3, 7, 10)	A-	A-	5	None
28.0	28	1.0	1	8	B-3	58	True	Bass	1	8.0	2.0	27.0	V	True	('E-', 'G', 'B-')	E-	E-	0.0	major triad	(3, 7, 10)	A-	A-	5	None
28.0	28	0.5	1/2	8	E-3	51	True	Bass	1	8.0	2.0	27.0	V	True	('E-', 'G', 'B-')	E-	E-	0.0	major triad	(3, 7, 10)	A-	A-	5	None
28.5	57/2	0.5	1/2	8	A-4	68	True	Bass	1	8.0	2.0	27.0	V	False	('E-', 'G', 'B-')	E-	E-	0.0	major triad	(3, 7, 10)	A-	A-	5	None
28.5	57/2	0.5	1/2	8	F3	53	True	Bass	1	8.0	2.0	27.0	V	False	('E-', 'G', 'B-')	E-	E-	0.0	major triad	(3, 7, 10)	A-	A-	5	None
29.0	29	1.0	1	8	B-4	70	True	Bass	1	8.0	2.0	27.0	V	False	('E-', 'G', 'B-')	E-	E-	0.0	major triad	(3, 7, 10)	A-	A-	5	None
29.0	29	0.5	1/2	8	B-4	70	True	Bass	1	8.0	2.0	27.0	V	False	('E-', 'G', 'B-')	E-	E-	0.0	major triad	(3, 7, 10)	A-	A-	5	None
29.0	29	1.0	1	8	E-4	63	True	Bass	1	8.0	2.0	27.0	V	False	('E-', 'G', 'B-')	E-	E-	0.0	major triad	(3, 7, 10)	A-	A-	5	None
29.0	29	0.5	1/2	8	G3	55	True	Bass	1	8.0	2.0	27.0	V	False	('E-', 'G', 'B-')	E-	E-	0.0	major triad	(3, 7, 10)	A-	A-	5	None
29.5	59/2	0.5	1/2	8	G4	67	True	Bass	1	8.0	2.0	27.0	V	False	('E-', 'G', 'B-')	E-	E-	0.0	major triad	(3, 7, 10)	A-	A-	5	None
29.5	59/2	0.5	1/2	8	E-3	51	True	Bass	1	8.0	2.0	27.0	V	False	('E-', 'G', 'B-')	E-	E-	0.0	major triad	(3, 7, 10)	A-	A-	5	None
30.0	30	1.0	1	8	C5	72	True	Bass	1	8.0	1.0	28.0	I	True	('A-', 'C', 'E-')	A-	A-	0.0	major triad	(0, 3, 8)	A-	A-	1	None
30.0	30	1.0	1	8	A-4	68	True	Bass	1	8.0	1.0	28.0	I	True	('A-', 'C', 'E-')	A-	A-	0.0	major triad	(0, 3, 8)	A-	A-	1	None
30.0	30	1.0	1	8	E-4	63	True	Bass	1	8.0	1.0	28.0	I	True	('A-', 'C', 'E-')	A-	A-	0.0	major triad	(0, 3, 8)	A-	A-	1	None
30.0	30	1.0	1	8	A-3	56	True	Bass	1	8.0	1.0	28.0	I	True	('A-', 'C', 'E-')	A-	A-	0.0	major triad	(0, 3, 8)	A-	A-	1	None
31.0	31	1.0	1	8	C5	72	True	Bass	1	8.0	1.0	29.0	I	True	('A-', 'C', 'E-')	A-	A-	0.0	major triad	(0, 3, 8)	A-	A-	1	None
31.0	31	1.0	1	8	A-4	68	True	Bass	1	8.0	1.0	29.0	I	True	('A-', 'C', 'E-')	A-	A-	0.0	major triad	(0, 3, 8)	A-	A-	1	None
31.0	31	1.0	1	8	E-4	63	True	Bass	1	8.0	1.0	29.0	I	True	('A-', 'C', 'E-')	A-	A-	0.0	major triad	(0, 3, 8)	A-	A-	1	None
31.0	31	1.0	1	8	A-3	56	True	Bass	1	8.0	1.0	29.0	I	True	('A-', 'C', 'E-')	A-	A-	0.0	major triad	(0, 3, 8)	A-	A-	1	None
32.0	32	1.0	1	9	A-4	68	True	Bass	1	9.0	2.0	30.0	IV	True	('D-', 'F', 'A-')	D-	D-	0.0	major triad	(1, 5, 8)	A-	A-	4	None
32.0	32	1.0	1	9	F4	65	True	Bass	1	9.0	2.0	30.0	IV	True	('D-', 'F', 'A-')	D-	D-	0.0	major triad	(1, 5, 8)	A-	A-	4	None
32.0	32	1.0	1	9	D-4	61	True	Bass	1	9.0	2.0	30.0	IV	True	('D-', 'F', 'A-')	D-	D-	0.0	major triad	(1, 5, 8)	A-	A-	4	None
32.0	32	0.5	1/2	9	D-3	49	True	Bass	1	9.0	2.0	30.0	IV	True	('D-', 'F', 'A-')	D-	D-	0.0	major triad	(1, 5, 8)	A-	A-	4	None
32.5	65/2	0.5	1/2	9	E-3	51	True	Bass	1	9.0	2.0	30.0	IV	False	('D-', 'F', 'A-')	D-	D-	0.0	major triad	(1, 5, 8)	A-	A-	4	None
33.0	33	1.0	1	9	A-4	68	True	Bass	1	9.0	2.0	30.0	IV	False	('D-', 'F', 'A-')	D-	D-	0.0	major triad	(1, 5, 8)	A-	A-	4	None
33.0	33	1.0	1	9	F4	65	True	Bass	1	9.0	2.0	30.0	IV	False	('D-', 'F', 'A-')	D-	D-	0.0	major triad	(1, 5, 8)	A-	A-	4	None
33.0	33	1.0	1	9	D-4	61	True	Bass	1	9.0	2.0	30.0	IV	False	('D-', 'F', 'A-')	D-	D-	0.0	major triad	(1, 5, 8)	A-	A-	4	None
33.0	33	0.5	1/2	9	F3	53	True	Bass	1	9.0	2.0	30.0	IV	False	('D-', 'F', 'A-')	D-	D-	0.0	major triad	(1, 5, 8)	A-	A-	4	None
33.5	67/2	0.5	1/2	9	D-3	49	True	Bass	1	9.0	2.0	30.0	IV	False	('D-', 'F', 'A-')	D-	D-	0.0	major triad	(1, 5, 8)	A-	A-	4	None
34.0	34	1.0	1	9	D-5	73	True	Bass	1	9.0	2.0	31.0	ii	True	('B-', 'D-', 'F')	B-	B-	0.0	minor triad	(1, 5, 10)	A-	A-	2	None
34.0	34	1.0	1	9	B-4	70	True	Bass	1	9.0	2.0	31.0	ii	True	('B-', 'D-', 'F')	B-	B-	0.0	minor triad	(1, 5, 10)	A-	A-	2	None
34.0	34	1.0	1	9	F4	65	True	Bass	1	9.0	2.0	31.0	ii	True	('B-', 'D-', 'F')	B-	B-	0.0	minor triad	(1, 5, 10)	A-	A-	2	None
34.0	34	0.5	1/2	9	B-2	46	True	Bass	1	9.0	2.0	31.0	ii	True	('B-', 'D-', 'F')	B-	B-	0.0	minor triad	(1, 5, 10)	A-	A-	2	None
34.5	69/2	0.5	1/2	9	C3	48	True	Bass	1	9.0	2.0	31.0	ii	False	('B-', 'D-', 'F')	B-	B-	0.0	minor triad	(1, 5, 10)	A-	A-	2	None
35.0	35	1.0	1	9	D-5	73	True	Bass	1	9.0	2.0	31.0	ii	False	('B-', 'D-', 'F')	B-	B-	0.0	minor triad	(1, 5, 10)	A-	A-	2	None
35.0	35	1.0	1	9	B-4	70	True	Bass	1	9.0	2.0	31.0	ii	False	('B-', 'D-', 'F')	B-	B-	0.0	minor triad	(1, 5, 10)	A-	A-	2	None
35.0	35	1.0	1	9	F4	65	True	Bass	1	9.0	2.0	31.0	ii	False	('B-', 'D-', 'F')	B-	B-	0.0	minor triad	(1, 5, 10)	A-	A-	2	None
35.0	35	0.5	1/2	9	D-3	49	True	Bass	1	9.0	2.0	31.0	ii	False	('B-', 'D-', 'F')	B-	B-	0.0	minor triad	(1, 5, 10)	A-	A-	2	None
35.5	71/2	0.5	1/2	9	B-2	46	True	Bass	1	9.0	2.0	31.0	ii	False	('B-', 'D-', 'F')	B-	B-	0.0	minor triad	(1, 5, 10)	A-	A-	2	None
36.0	36	1.0	1	10	C5	72	True	Bass	1	10.0	1.0	32.0	iiø7	True	('E-', 'G-', 'B-', 'C')	E-	C	1.0	half-diminished seventh chord	(0, 3, 6, 10)	b-	b-	2	None
36.0	36	1.0	1	10	B-4	70	True	Bass	1	10.0	1.0	32.0	iiø7	True	('E-', 'G-', 'B-', 'C')	E-	C	1.0	half-diminished seventh chord	(0, 3, 6, 10)	b-	b-	2	None
36.0	36	1.0	1	10	G-4	66	True	Bass	1	10.0	1.0	32.0	iiø7	True	('E-', 'G-', 'B-', 'C')	E-	C	1.0	half-diminished seventh chord	(0, 3, 6, 10)	b-	b-	2	None
36.0	36	0.5	1/2	10	E-3	51	True	Bass	1	10.0	1.0	32.0	iiø7	True	('E-', 'G-', 'B-', 'C')	E-	C	1.0	half-diminished seventh chord	(0, 3, 6, 10)	b-	b-	2	None
36.5	73/2	0.5	1/2	10	C3	48	True	Bass	1	10.0	1.0	32.0	iiø7	False	('E-', 'G-', 'B-', 'C')	E-	C	1.0	half-diminished seventh chord	(0, 3, 6, 10)	b-	b-	2	None
37.0	37	1.0	1	10	C5	72	True	Bass	1	10.0	0.5	33.0	V	True	('F', 'A', 'C')	F	F	0.0	major triad	(0, 5, 9)	b-	b-	5	None
37.0	37	1.0	1	10	A4	69	True	Bass	1	10.0	0.5	33.0	V	True	('F', 'A', 'C')	F	F	0.0	major triad	(0, 5, 9)	b-	b-	5	None
37.0	37	0.5	1/2	10	F4	65	True	Bass	1	10.0	0.5	33.0	V	True	('F', 'A', 'C')	F	F	0.0	major triad	(0, 5, 9)	b-	b-	5	None
37.0	37	1.0	1	10	F3	53	True	Bass	1	10.0	0.5	33.0	V	True	('F', 'A', 'C')	F	F	0.0	major triad	(0, 5, 9)	b-	b-	5	None
37.5	75/2	0.5	1/2	10	E-4	63	True	Bass	1	10.0	0.5	34.0	V7	True	('F', 'A', 'C', 'E-')	F	F	0.0	dominant seventh chord	(0, 3, 5, 9)	b-	b-	5	None
38.0	38	2.0	2	10	B-4	70	True	Bass	1	10.0	2.0	35.0	i	True	('B-', 'D-', 'F')	B-	B-	0.0	minor triad	(1, 5, 10)	b-	b-	1	None
38.0	38	2.0	2	10	F4	65	True	Bass	1	10.0	2.0	35.0	i	True	('B-', 'D-', 'F')	B-	B-	0.0	minor triad	(1, 5, 10)	b-	b-	1	None
38.0	38	2.0	2	10	D-4	61	True	Bass	1	10.0	2.0	35.0	i	True	('B-', 'D-', 'F')	B-	B-	0.0	minor triad	(1, 5, 10)	b-	b-	1	None
38.0	38	2.0	2	10	B-2	46	True	Bass	1	10.0	2.0	35.0	i	True	('B-', 'D-', 'F')	B-	B-	0.0	minor triad	(1, 5, 10)	b-	b-	1	None
40.0	40	1.0	1	11	G4	67	True	Bass	1	11.0	1.0	36.0	V7	True	('B-', 'C', 'E', 'G')	B-	C	3.0	dominant seventh chord	(0, 4, 7, 10)	f	f	5	None
40.0	40	1.0	1	11	E4	64	True	Bass	1	11.0	1.0	36.0	V7	True	('B-', 'C', 'E', 'G')	B-	C	3.0	dominant seventh chord	(0, 4, 7, 10)	f	f	5	None
40.0	40	1.0	1	11	C4	60	True	Bass	1	11.0	1.0	36.0	V7	True	('B-', 'C', 'E', 'G')	B-	C	3.0	dominant seventh chord	(0, 4, 7, 10)	f	f	5	None
40.0	40	1.0	1	11	B-3	58	True	Bass	1	11.0	1.0	36.0	V7	True	('B-', 'C', 'E', 'G')	B-	C	3.0	dominant seventh chord	(0, 4, 7, 10)	f	f	5	None
41.0	41	1.0	1	11	A-4	68	True	Bass	1	11.0	1.0	37.0	i	True	('A-', 'C', 'F')	A-	F	1.0	minor triad	(0, 5, 8)	f	f	1	None
41.0	41	1.0	1	11	F4	65	True	Bass	1	11.0	1.0	37.0	i	True	('A-', 'C', 'F')	A-	F	1.0	minor triad	(0, 5, 8)	f	f	1	None
41.0	41	1.0	1	11	C4	60	True	Bass	1	11.0	1.0	37.0	i	True	('A-', 'C', 'F')	A-	F	1.0	minor triad	(0, 5, 8)	f	f	1	None
41.0	41	1.0	1	11	A-3	56	True	Bass	1	11.0	1.0	37.0	i	True	('A-', 'C', 'F')	A-	F	1.0	minor triad	(0, 5, 8)	f	f	1	None
42.0	42	1.0	1	11	B-4	70	True	Bass	1	11.0	0.5	38.0	iiø7	True	('G', 'B-', 'D-', 'F')	G	G	0.0	half-diminished seventh chord	(1, 5, 7, 10)	f	f	2	None
42.0	42	0.5	1/2	11	F4	65	True	Bass	1	11.0	0.5	38.0	iiø7	True	('G', 'B-', 'D-', 'F')	G	G	0.0	half-diminished seventh chord	(1, 5, 7, 10)	f	f	2	None
42.0	42	1.0	1	11	B-3	58	True	Bass	1	11.0	0.5	38.0	iiø7	True	('G', 'B-', 'D-', 'F')	G	G	0.0	half-diminished seventh chord	(1, 5, 7, 10)	f	f	2	None
42.0	42	1.0	1	11	G3	55	True	Bass	1	11.0	0.5	38.0	iiø7	True	('G', 'B-', 'D-', 'F')	G	G	0.0	half-diminished seventh chord	(1, 5, 7, 10)	f	f	2	None
42.5	85/2	0.5	1/2	11	E4	64	True	Bass	1	11.0	0.5	39.0	viio	True	('G', 'B-', 'E')	G	E	1.0	diminished triad	(4, 7, 10)	f	f	#7	None
43.0	43	1.0	1	11	A-4	68	True	Bass	1	11.0	1.0	40.0	i	True	('F', 'A-', 'C')	F	F	0.0	minor triad	(0, 5, 8)	f	f	1	None
43.0	43	1.0	1	11	F4	65	True	Bass	1	11.0	1.0	40.0	i	True	('F', 'A-', 'C')	F	F	0.0	minor triad	(0, 5, 8)	f	f	1	None
43.0	43	1.0	1	11	C4	60	True	Bass	1	11.0	1.0	40.0	i	True	('F', 'A-', 'C')	F	F	0.0	minor triad	(0, 5, 8)	f	f	1	None
43.0	43	1.0	1	11	F3	53	True	Bass	1	11.0	1.0	40.0	i	True	('F', 'A-', 'C')	F	F	0.0	minor triad	(0, 5, 8)	f	f	1	None
44.0	44	1.0	1	12	G4	67	True	Bass	1	12.0	1.0	41.0	iiø7	True	('B-', 'D-', 'F', 'G')	B-	G	1.0	half-diminished seventh chord	(1, 5, 7, 10)	f	f	2	None
44.0	44	1.0	1	12	F4	65	True	Bass	1	12.0	1.0	41.0	iiø7	True	('B-', 'D-', 'F', 'G')	B-	G	1.0	half-diminished seventh chord	(1, 5, 7, 10)	f	f	2	None
44.0	44	1.0	1	12	D-4	61	True	Bass	1	12.0	1.0	41.0	iiø7	True	('B-', 'D-', 'F', 'G')	B-	G	1.0	half-diminished seventh chord	(1, 5, 7, 10)	f	f	2	None
44.0	44	1.0	1	12	B-2	46	True	Bass	1	12.0	1.0	41.0	iiø7	True	('B-', 'D-', 'F', 'G')	B-	G	1.0	half-diminished seventh chord	(1, 5, 7, 10)	f	f	2	None
45.0	45	1.0	1	12	G4	67	True	Bass	1	12.0	0.5	42.0	V	True	('C', 'E', 'G')	C	C	0.0	major triad	(0, 4, 7)	f	f	5	None
45.0	45	1.0	1	12	E4	64	True	Bass	1	12.0	0.5	42.0	V	True	('C', 'E', 'G')	C	C	0.0	major triad	(0, 4, 7)	f	f	5	None
45.0	45	0.5	1/2	12	C4	60	True	Bass	1	12.0	0.5	42.0	V	True	('C', 'E', 'G')	C	C	0.0	major triad	(0, 4, 7)	f	f	5	None
45.0	45	1.0	1	12	C3	48	True	Bass	1	12.0	0.5	42.0	V	True	('C', 'E', 'G')	C	C	0.0	major triad	(0, 4, 7)	f	f	5	None
45.5	91/2	0.5	1/2	12	B-3	58	True	Bass	1	12.0	0.5	43.0	V7	True	('C', 'E', 'G', 'B-')	C	C	0.0	dominant seventh chord	(0, 4, 7, 10)	f	f	5	None
46.0	46	2.0	2	12	F4	65	True	Bass	1	12.0	2.0	44.0	i	True	('F', 'A-', 'C')	F	F	0.0	minor triad	(0, 5, 8)	f	f	1	None
46.0	46	2.0	2	12	C4	60	True	Bass	1	12.0	2.0	44.0	i	True	('F', 'A-', 'C')	F	F	0.0	minor triad	(0, 5, 8)	f	f	1	None
46.0	46	2.0	2	12	A-3	56	True	Bass	1	12.0	2.0	44.0	i	True	('F', 'A-', 'C')	F	F	0.0	minor triad	(0, 5, 8)	f	f	1	None
46.0	46	2.0	2	12	F2	41	True	Bass	1	12.0	2.0	44.0	i	True	('F', 'A-', 'C')	F	F	0.0	minor triad	(0, 5, 8)	f	f	1	None
48.0	48	1.0	1	13	F5	77	True	Bass	1	13.0	1.0	45.0	i	True	('F', 'A-', 'C')	F	F	0.0	minor triad	(0, 5, 8)	f	f	1	None
48.0	48	1.0	1	13	A-4	68	True	Bass	1	13.0	1.0	45.0	i	True	('F', 'A-', 'C')	F	F	0.0	minor triad	(0, 5, 8)	f	f	1	None
48.0	48	1.0	1	13	C4	60	True	Bass	1	13.0	1.0	45.0	i	True	('F', 'A-', 'C')	F	F	0.0	minor triad	(0, 5, 8)	f	f	1	None
48.0	48	0.5	1/2	13	F2	41	True	Bass	1	13.0	1.0	45.0	i	True	('F', 'A-', 'C')	F	F	0.0	minor triad	(0, 5, 8)	f	f	1	None
48.5	97/2	0.5	1/2	13	G2	43	True	Bass	1	13.0	1.0	45.0	i	False	('F', 'A-', 'C')	F	F	0.0	minor triad	(0, 5, 8)	f	f	1	None
49.0	49	1.0	1	13	F5	77	True	Bass	1	13.0	1.0	46.0	i	True	('A-', 'C', 'F')	A-	F	1.0	minor triad	(0, 5, 8)	f	f	1	None
49.0	49	1.0	1	13	A-4	68	True	Bass	1	13.0	1.0	46.0	i	True	('A-', 'C', 'F')	A-	F	1.0	minor triad	(0, 5, 8)	f	f	1	None
49.0	49	1.0	1	13	C4	60	True	Bass	1	13.0	1.0	46.0	i	True	('A-', 'C', 'F')	A-	F	1.0	minor triad	(0, 5, 8)	f	f	1	None
49.0	49	0.5	1/2	13	A-2	44	True	Bass	1	13.0	1.0	46.0	i	True	('A-', 'C', 'F')	A-	F	1.0	minor triad	(0, 5, 8)	f	f	1	None
49.5	99/2	0.5	1/2	13	B-2	46	True	Bass	1	13.0	1.0	46.0	i	False	('A-', 'C', 'F')	A-	F	1.0	minor triad	(0, 5, 8)	f	f	1	None
50.0	50	1.0	1	13	E-5	75	True	Bass	1	13.0	1.0	47.0	v	True	('C', 'E-', 'G')	C	C	0.0	minor triad	(0, 3, 7)	f	f	5	None
50.0	50	1.0	1	13	G4	67	True	Bass	1	13.0	1.0	47.0	v	True	('C', 'E-', 'G')	C	C	0.0	minor triad	(0, 3, 7)	f	f	5	None
50.0	50	1.0	1	13	C4	60	True	Bass	1	13.0	1.0	47.0	v	True	('C', 'E-', 'G')	C	C	0.0	minor triad	(0, 3, 7)	f	f	5	None
50.0	50	0.5	1/2	13	C3	48	True	Bass	1	13.0	1.0	47.0	v	True	('C', 'E-', 'G')	C	C	0.0	minor triad	(0, 3, 7)	f	f	5	None
50.5	101/2	0.5	1/2	13	D3	50	True	Bass	1	13.0	1.0	47.0	v	False	('C', 'E-', 'G')	C	C	0.0	minor triad	(0, 3, 7)	f	f	5	None
51.0	51	1.0	1	13	E-5	75	True	Bass	1	13.0	1.0	48.0	v	True	('E-', 'G', 'C')	E-	C	1.0	minor triad	(0, 3, 7)	f	f	5	None
51.0	51	1.0	1	13	G4	67	True	Bass	1	13.0	1.0	48.0	v	True	('E-', 'G', 'C')	E-	C	1.0	minor triad	(0, 3, 7)	f	f	5	None
51.0	51	1.0	1	13	C4	60	True	Bass	1	13.0	1.0	48.0	v	True	('E-', 'G', 'C')	E-	C	1.0	minor triad	(0, 3, 7)	f	f	5	None
51.0	51	0.5	1/2	13	E-3	51	True	Bass	1	13.0	1.0	48.0	v	True	('E-', 'G', 'C')	E-	C	1.0	minor triad	(0, 3, 7)	f	f	5	None
51.5	103/2	0.5	1/2	13	F3	53	True	Bass	1	13.0	1.0	48.0	v	False	('E-', 'G', 'C')	E-	C	1.0	minor triad	(0, 3, 7)	f	f	5	None
52.0	52	1.0	1	14	D5	74	True	Bass	1	14.0	1.5	49.0	V	True	('G', 'B', 'D')	G	G	0.0	major triad	(2, 7, 11)	c	c	5	None
52.0	52	0.5	1/2	14	G4	67	True	Bass	1	14.0	1.5	49.0	V	True	('G', 'B', 'D')	G	G	0.0	major triad	(2, 7, 11)	c	c	5	None
52.0	52	1.0	1	14	C4	60	True	Bass	1	14.0	1.5	49.0	V	True	('G', 'B', 'D')	G	G	0.0	major triad	(2, 7, 11)	c	c	5	None
52.0	52	1.0	1	14	G3	55	True	Bass	1	14.0	1.5	49.0	V	True	('G', 'B', 'D')	G	G	0.0	major triad	(2, 7, 11)	c	c	5	None
52.5	105/2	0.5	1/2	14	A-4	68	True	Bass	1	14.0	1.5	49.0	V	False	('G', 'B', 'D')	G	G	0.0	major triad	(2, 7, 11)	c	c	5	None
53.0	53	1.0	1	14	D5	74	True	Bass	1	14.0	1.5	49.0	V	False	('G', 'B', 'D')	G	G	0.0	major triad	(2, 7, 11)	c	c	5	None
53.0	53	0.5	1/2	14	G4	67	True	Bass	1	14.0	1.5	49.0	V	False	('G', 'B', 'D')	G	G	0.0	major triad	(2, 7, 11)	c	c	5	None
53.0	53	1.0	1	14	B3	59	True	Bass	1	14.0	1.5	49.0	V	False	('G', 'B', 'D')	G	G	0.0	major triad	(2, 7, 11)	c	c	5	None
53.0	53	1.0	1	14	G2	43	True	Bass	1	14.0	1.5	49.0	V	False	('G', 'B', 'D')	G	G	0.0	major triad	(2, 7, 11)	c	c	5	None
53.5	107/2	0.5	1/2	14	F4	65	True	Bass	1	14.0	0.5	50.0	V7	True	('G', 'B', 'D', 'F')	G	G	0.0	dominant seventh chord	(2, 5, 7, 11)	c	c	5	None
54.0	54	1.0	1	14	C5	72	True	Bass	1	14.0	1.0	51.0	I	True	('C', 'E', 'G')	C	C	0.0	major triad	(0, 4, 7)	c	c	1	None
54.0	54	1.0	1	14	E4	64	True	Bass	1	14.0	1.0	51.0	I	True	('C', 'E', 'G')	C	C	0.0	major triad	(0, 4, 7)	c	c	1	None
54.0	54	1.0	1	14	C4	60	True	Bass	1	14.0	1.0	51.0	I	True	('C', 'E', 'G')	C	C	0.0	major triad	(0, 4, 7)	c	c	1	None
54.0	54	1.0	1	14	C3	48	True	Bass	1	14.0	1.0	51.0	I	True	('C', 'E', 'G')	C	C	0.0	major triad	(0, 4, 7)	c	c	1	None
55.0	55	1.0	1	14	C5	72	True	Bass	1	14.0	1.0	52.0	I	True	('C', 'E', 'G')	C	C	0.0	major triad	(0, 4, 7)	c	c	1	None
55.0	55	1.0	1	14	E4	64	True	Bass	1	14.0	1.0	52.0	I	True	('C', 'E', 'G')	C	C	0.0	major triad	(0, 4, 7)	c	c	1	None
55.0	55	1.0	1	14	G3	55	True	Bass	1	14.0	1.0	52.0	I	True	('C', 'E', 'G')	C	C	0.0	major triad	(0, 4, 7)	c	c	1	None
55.0	55	1.0	1	14	C3	48	True	Bass	1	14.0	1.0	52.0	I	True	('C', 'E', 'G')	C	C	0.0	major triad	(0, 4, 7)	c	c	1	None
56.0	56	1.0	1	15	C5	72	True	Bass	1	15.0	1.0	53.0	V/ii	True	('F', 'A', 'C')	F	F	0.0	major triad	(0, 5, 9)	A-	b-	5	2
56.0	56	1.0	1	15	F4	65	True	Bass	1	15.0	1.0	53.0	V/ii	True	('F', 'A', 'C')	F	F	0.0	major triad	(0, 5, 9)	A-	b-	5	2
56.0	56	1.0	1	15	A3	57	True	Bass	1	15.0	1.0	53.0	V/ii	True	('F', 'A', 'C')	F	F	0.0	major triad	(0, 5, 9)	A-	b-	5	2
56.0	56	0.5	1/2	15	F3	53	True	Bass	1	15.0	1.0	53.0	V/ii	True	('F', 'A', 'C')	F	F	0.0	major triad	(0, 5, 9)	A-	b-	5	2
56.5	113/2	0.5	1/2	15	E-3	51	True	Bass	1	15.0	1.0	53.0	V/ii	False	('F', 'A', 'C')	F	F	0.0	major triad	(0, 5, 9)	A-	b-	5	2
57.0	57	1.0	1	15	C5	72	True	Bass	1	15.0	1.0	54.0	V/ii	True	('C', 'F', 'A')	C	F	2.0	major triad	(0, 5, 9)	A-	b-	5	2
57.0	57	1.0	1	15	F4	65	True	Bass	1	15.0	1.0	54.0	V/ii	True	('C', 'F', 'A')	C	F	2.0	major triad	(0, 5, 9)	A-	b-	5	2
57.0	57	1.0	1	15	A3	57	True	Bass	1	15.0	1.0	54.0	V/ii	True	('C', 'F', 'A')	C	F	2.0	major triad	(0, 5, 9)	A-	b-	5	2
57.0	57	0.5	1/2	15	D-3	49	True	Bass	1	15.0	1.0	54.0	V/ii	True	('C', 'F', 'A')	C	F	2.0	major triad	(0, 5, 9)	A-	b-	5	2
57.5	115/2	0.5	1/2	15	C3	48	True	Bass	1	15.0	1.0	54.0	V/ii	False	('C', 'F', 'A')	C	F	2.0	major triad	(0, 5, 9)	A-	b-	5	2
58.0	58	1.0	1	15	D-5	73	True	Bass	1	15.0	0.5	55.0	ii	True	('B-', 'D-', 'F')	B-	B-	0.0	minor triad	(1, 5, 10)	A-	A-	2	None
58.0	58	0.5	1/2	15	F4	65	True	Bass	1	15.0	0.5	55.0	ii	True	('B-', 'D-', 'F')	B-	B-	0.0	minor triad	(1, 5, 10)	A-	A-	2	None
58.0	58	1.0	1	15	B-3	58	True	Bass	1	15.0	0.5	55.0	ii	True	('B-', 'D-', 'F')	B-	B-	0.0	minor triad	(1, 5, 10)	A-	A-	2	None
58.0	58	1.0	1	15	B-2	46	True	Bass	1	15.0	0.5	55.0	ii	True	('B-', 'D-', 'F')	B-	B-	0.0	minor triad	(1, 5, 10)	A-	A-	2	None
58.5	117/2	0.5	1/2	15	G4	67	True	Bass	1	15.0	0.5	56.0	viio	True	('B-', 'D-', 'G')	B-	G	1.0	diminished triad	(1, 7, 10)	A-	A-	7	None
59.0	59	1.0	1	15	C5	72	True	Bass	1	15.0	1.0	57.0	I	True	('C', 'E-', 'A-')	C	A-	1.0	major triad	(0, 3, 8)	A-	A-	1	None
59.0	59	1.0	1	15	A-4	68	True	Bass	1	15.0	1.0	57.0	I	True	('C', 'E-', 'A-')	C	A-	1.0	major triad	(0, 3, 8)	A-	A-	1	None
59.0	59	1.0	1	15	E-3	51	True	Bass	1	15.0	1.0	57.0	I	True	('C', 'E-', 'A-')	C	A-	1.0	major triad	(0, 3, 8)	A-	A-	1	None
59.0	59	0.5	1/2	15	C3	48	True	Bass	1	15.0	1.0	57.0	I	True	('C', 'E-', 'A-')	C	A-	1.0	major triad	(0, 3, 8)	A-	A-	1	None
59.5	119/2	0.5	1/2	15	D-3	49	True	Bass	1	15.0	1.0	57.0	I	False	('C', 'E-', 'A-')	C	A-	1.0	major triad	(0, 3, 8)	A-	A-	1	None
60.0	60	1.5	3/2	16	B-4	70	True	Bass	1	16.0	1.5	58.0	V	True	('E-', 'G', 'B-')	E-	E-	0.0	major triad	(3, 7, 10)	A-	A-	5	None
60.0	60	0.5	1/2	16	A-4	68	True	Bass	1	16.0	1.5	58.0	V	True	('E-', 'G', 'B-')	E-	E-	0.0	major triad	(3, 7, 10)	A-	A-	5	None
60.0	60	1.5	3/2	16	E-4	63	True	Bass	1	16.0	1.5	58.0	V	True	('E-', 'G', 'B-')	E-	E-	0.0	major triad	(3, 7, 10)	A-	A-	5	None
60.0	60	1.0	1	16	E-3	51	True	Bass	1	16.0	1.5	58.0	V	True	('E-', 'G', 'B-')	E-	E-	0.0	major triad	(3, 7, 10)	A-	A-	5	None
60.5	121/2	0.5	1/2	16	F4	65	True	Bass	1	16.0	1.5	58.0	V	False	('E-', 'G', 'B-')	E-	E-	0.0	major triad	(3, 7, 10)	A-	A-	5	None
61.0	61	1.0	1	16	G4	67	True	Bass	1	16.0	1.5	58.0	V	False	('E-', 'G', 'B-')	E-	E-	0.0	major triad	(3, 7, 10)	A-	A-	5	None
61.0	61	1.0	1	16	E-3	51	True	Bass	1	16.0	1.5	58.0	V	False	('E-', 'G', 'B-')	E-	E-	0.0	major triad	(3, 7, 10)	A-	A-	5	None
61.5	123/2	0.5	1/2	16	A-4	68	True	Bass	1	16.0	0.5	59.0	V7	True	('E-', 'G', 'B-', 'D-')	E-	E-	0.0	dominant seventh chord	(1, 3, 7, 10)	A-	A-	5	None
61.5	123/2	0.5	1/2	16	D-4	61	True	Bass	1	16.0	0.5	59.0	V7	True	('E-', 'G', 'B-', 'D-')	E-	E-	0.0	dominant seventh chord	(1, 3, 7, 10)	A-	A-	5	None
62.0	62	1.0	1	16	A-4	68	True	Bass	1	16.0	1.0	60.0	I	True	('A-', 'C', 'E-')	A-	A-	0.0	major triad	(0, 3, 8)	A-	A-	1	None
62.0	62	1.0	1	16	E-4	63	True	Bass	1	16.0	1.0	60.0	I	True	('A-', 'C', 'E-')	A-	A-	0.0	major triad	(0, 3, 8)	A-	A-	1	None
62.0	62	1.0	1	16	C4	60	True	Bass	1	16.0	1.0	60.0	I	True	('A-', 'C', 'E-')	A-	A-	0.0	major triad	(0, 3, 8)	A-	A-	1	None
62.0	62	1.0	1	16	A-2	44	True	Bass	1	16.0	1.0	60.0	I	True	('A-', 'C', 'E-')	A-	A-	0.0	major triad	(0, 3, 8)	A-	A-	1	None
63.0	63	1.0	1	16	A-4	68	True	Bass	1	16.0	1.0	61.0	I	True	('A-', 'C', 'E-')	A-	A-	0.0	major triad	(0, 3, 8)	A-	A-	1	None
63.0	63	1.0	1	16	E-4	63	True	Bass	1	16.0	1.0	61.0	I	True	('A-', 'C', 'E-')	A-	A-	0.0	major triad	(0, 3, 8)	A-	A-	1	None
63.0	63	1.0	1	16	C4	60	True	Bass	1	16.0	1.0	61.0	I	True	('A-', 'C', 'E-')	A-	A-	0.0	major triad	(0, 3, 8)	A-	A-	1	None
63.0	63	1.0	1	16	A-2	44	True	Bass	1	16.0	1.0	61.0	I	True	('A-', 'C', 'E-')	A-	A-	0.0	major triad	(0, 3, 8)	A-	A-	1	None
64.0	64	1.0	1	17	E-4	63	True	Bass	1	17.0	2.0	62.0	IV	True	('D-', 'F', 'A-')	D-	D-	0.0	major triad	(1, 5, 8)	A-	A-	4	None
64.0	64	1.0	1	17	F4	65	True	Bass	1	17.0	2.0	62.0	IV	True	('D-', 'F', 'A-')	D-	D-	0.0	major triad	(1, 5, 8)	A-	A-	4	None
64.0	64	1.0	1	17	D-4	61	True	Bass	1	17.0	2.0	62.0	IV	True	('D-', 'F', 'A-')	D-	D-	0.0	major triad	(1, 5, 8)	A-	A-	4	None
64.0	64	0.5	1/2	17	D-3	49	True	Bass	1	17.0	2.0	62.0	IV	True	('D-', 'F', 'A-')	D-	D-	0.0	major triad	(1, 5, 8)	A-	A-	4	None
64.5	129/2	0.5	1/2	17	E-3	51	True	Bass	1	17.0	2.0	62.0	IV	False	('D-', 'F', 'A-')	D-	D-	0.0	major triad	(1, 5, 8)	A-	A-	4	None
65.0	65	1.0	1	17	A-4	68	True	Bass	1	17.0	2.0	62.0	IV	False	('D-', 'F', 'A-')	D-	D-	0.0	major triad	(1, 5, 8)	A-	A-	4	None
65.0	65	1.0	1	17	F4	65	True	Bass	1	17.0	2.0	62.0	IV	False	('D-', 'F', 'A-')	D-	D-	0.0	major triad	(1, 5, 8)	A-	A-	4	None
65.0	65	1.0	1	17	D-4	61	True	Bass	1	17.0	2.0	62.0	IV	False	('D-', 'F', 'A-')	D-	D-	0.0	major triad	(1, 5, 8)	A-	A-	4	None
65.0	65	0.5	1/2	17	D-3	49	True	Bass	1	17.0	2.0	62.0	IV	False	('D-', 'F', 'A-')	D-	D-	0.0	major triad	(1, 5, 8)	A-	A-	4	None
65.5	131/2	0.5	1/2	17	C3	48	True	Bass	1	17.0	2.0	62.0	IV	False	('D-', 'F', 'A-')	D-	D-	0.0	major triad	(1, 5, 8)	A-	A-	4	None
66.0	66	1.0	1	17	D-5	73	True	Bass	1	17.0	2.0	63.0	ii	True	('B-', 'D-', 'F')	B-	B-	0.0	minor triad	(1, 5, 10)	A-	A-	2	None
66.0	66	1.0	1	17	B-4	70	True	Bass	1	17.0	2.0	63.0	ii	True	('B-', 'D-', 'F')	B-	B-	0.0	minor triad	(1, 5, 10)	A-	A-	2	None
66.0	66	1.0	1	17	F4	65	True	Bass	1	17.0	2.0	63.0	ii	True	('B-', 'D-', 'F')	B-	B-	0.0	minor triad	(1, 5, 10)	A-	A-	2	None
66.0	66	0.5	1/2	17	B-2	46	True	Bass	1	17.0	2.0	63.0	ii	True	('B-', 'D-', 'F')	B-	B-	0.0	minor triad	(1, 5, 10)	A-	A-	2	None
66.5	133/2	0.5	1/2	17	C3	48	True	Bass	1	17.0	2.0	63.0	ii	False	('B-', 'D-', 'F')	B-	B-	0.0	minor triad	(1, 5, 10)	A-	A-	2	None
67.0	67	1.0	1	17	D-5	73	True	Bass	1	17.0	2.0	63.0	ii	False	('B-', 'D-', 'F')	B-	B-	0.0	minor triad	(1, 5, 10)	A-	A-	2	None
67.0	67	1.0	1	17	B-4	70	True	Bass	1	17.0	2.0	63.0	ii	False	('B-', 'D-', 'F')	B-	B-	0.0	minor triad	(1, 5, 10)	A-	A-	2	None
67.0	67	1.0	1	17	F4	65	True	Bass	1	17.0	2.0	63.0	ii	False	('B-', 'D-', 'F')	B-	B-	0.0	minor triad	(1, 5, 10)	A-	A-	2	None
67.0	67	0.5	1/2	17	D-3	49	True	Bass	1	17.0	2.0	63.0	ii	False	('B-', 'D-', 'F')	B-	B-	0.0	minor triad	(1, 5, 10)	A-	A-	2	None
67.5	135/2	0.5	1/2	17	B-2	46	True	Bass	1	17.0	2.0	63.0	ii	False	('B-', 'D-', 'F')	B-	B-	0.0	minor triad	(1, 5, 10)	A-	A-	2	None
68.0	68	1.0	1	18	B-4	70	True	Bass	1	18.0	1.5	64.0	V	True	('E-', 'G', 'B-')	E-	E-	0.0	major triad	(3, 7, 10)	A-	A-	5	None
68.0	68	1.0	1	18	G4	67	True	Bass	1	18.0	1.5	64.0	V	True	('E-', 'G', 'B-')	E-	E-	0.0	major triad	(3, 7, 10)	A-	A-	5	None
68.0	68	1.0	1	18	E-4	63	True	Bass	1	18.0	1.5	64.0	V	True	('E-', 'G', 'B-')	E-	E-	0.0	major triad	(3, 7, 10)	A-	A-	5	None
68.0	68	0.5	1/2	18	E-3	51	True	Bass	1	18.0	1.5	64.0	V	True	('E-', 'G', 'B-')	E-	E-	0.0	major triad	(3, 7, 10)	A-	A-	5	None
68.5	137/2	0.5	1/2	18	F3	53	True	Bass	1	18.0	1.5	64.0	V	False	('E-', 'G', 'B-')	E-	E-	0.0	major triad	(3, 7, 10)	A-	A-	5	None
69.0	69	1.0	1	18	B-4	70	True	Bass	1	18.0	1.5	64.0	V	False	('E-', 'G', 'B-')	E-	E-	0.0	major triad	(3, 7, 10)	A-	A-	5	None
69.0	69	1.0	1	18	G4	67	True	Bass	1	18.0	1.5	64.0	V	False	('E-', 'G', 'B-')	E-	E-	0.0	major triad	(3, 7, 10)	A-	A-	5	None
69.0	69	1.0	1	18	E-4	63	True	Bass	1	18.0	1.5	64.0	V	False	('E-', 'G', 'B-')	E-	E-	0.0	major triad	(3, 7, 10)	A-	A-	5	None
69.0	69	0.5	1/2	18	E-3	51	True	Bass	1	18.0	1.5	64.0	V	False	('E-', 'G', 'B-')	E-	E-	0.0	major triad	(3, 7, 10)	A-	A-	5	None
69.5	139/2	0.5	1/2	18	D-3	49	True	Bass	1	18.0	0.5	65.0	V7	True	('D-', 'E-', 'G', 'B-')	D-	E-	3.0	dominant seventh chord	(1, 3, 7, 10)	A-	A-	5	None
70.0	70	1.0	1	18	E-5	75	True	Bass	1	18.0	2.0	66.0	iii	True	('C', 'E-', 'G')	C	C	0.0	minor triad	(0, 3, 7)	A-	A-	3	None
70.0	70	1.0	1	18	C5	72	True	Bass	1	18.0	2.0	66.0	iii	True	('C', 'E-', 'G')	C	C	0.0	minor triad	(0, 3, 7)	A-	A-	3	None
70.0	70	1.0	1	18	G4	67	True	Bass	1	18.0	2.0	66.0	iii	True	('C', 'E-', 'G')	C	C	0.0	minor triad	(0, 3, 7)	A-	A-	3	None
70.0	70	0.5	1/2	18	C3	48	True	Bass	1	18.0	2.0	66.0	iii	True	('C', 'E-', 'G')	C	C	0.0	minor triad	(0, 3, 7)	A-	A-	3	None
70.5	141/2	0.5	1/2	18	D-3	49	True	Bass	1	18.0	2.0	66.0	iii	False	('C', 'E-', 'G')	C	C	0.0	minor triad	(0, 3, 7)	A-	A-	3	None
71.0	71	1.0	1	18	E-5	75	True	Bass	1	18.0	2.0	66.0	iii	False	('C', 'E-', 'G')	C	C	0.0	minor triad	(0, 3, 7)	A-	A-	3	None
71.0	71	1.0	1	18	C5	72	True	Bass	1	18.0	2.0	66.0	iii	False	('C', 'E-', 'G')	C	C	0.0	minor triad	(0, 3, 7)	A-	A-	3	None
71.0	71	1.0	1	18	G4	67	True	Bass	1	18.0	2.0	66.0	iii	False	('C', 'E-', 'G')	C	C	0.0	minor triad	(0, 3, 7)	A-	A-	3	None
71.0	71	0.5	1/2	18	E-3	51	True	Bass	1	18.0	2.0	66.0	iii	False	('C', 'E-', 'G')	C	C	0.0	minor triad	(0, 3, 7)	A-	A-	3	None
71.5	143/2	0.5	1/2	18	C3	48	True	Bass	1	18.0	2.0	66.0	iii	False	('C', 'E-', 'G')	C	C	0.0	minor triad	(0, 3, 7)	A-	A-	3	None
72.0	72	1.0	1	19	C5	72	True	Bass	1	19.0	2.0	67.0	vi	True	('F', 'A-', 'C')	F	F	0.0	minor triad	(0, 5, 8)	A-	A-	6	None
72.0	72	0.5	1/2	19	A-4	68	True	Bass	1	19.0	2.0	67.0	vi	True	('F', 'A-', 'C')	F	F	0.0	minor triad	(0, 5, 8)	A-	A-	6	None
72.0	72	1.0	1	19	F4	65	True	Bass	1	19.0	2.0	67.0	vi	True	('F', 'A-', 'C')	F	F	0.0	minor triad	(0, 5, 8)	A-	A-	6	None
72.0	72	0.5	1/2	19	F3	53	True	Bass	1	19.0	2.0	67.0	vi	True	('F', 'A-', 'C')	F	F	0.0	minor triad	(0, 5, 8)	A-	A-	6	None
72.5	145/2	0.5	1/2	19	G4	67	True	Bass	1	19.0	2.0	67.0	vi	False	('F', 'A-', 'C')	F	F	0.0	minor triad	(0, 5, 8)	A-	A-	6	None
72.5	145/2	0.5	1/2	19	E3	52	True	Bass	1	19.0	2.0	67.0	vi	False	('F', 'A-', 'C')	F	F	0.0	minor triad	(0, 5, 8)	A-	A-	6	None
73.0	73	1.0	1	19	C5	72	True	Bass	1	19.0	2.0	67.0	vi	False	('F', 'A-', 'C')	F	F	0.0	minor triad	(0, 5, 8)	A-	A-	6	None
73.0	73	0.5	1/2	19	A-4	68	True	Bass	1	19.0	2.0	67.0	vi	False	('F', 'A-', 'C')	F	F	0.0	minor triad	(0, 5, 8)	A-	A-	6	None
73.0	73	1.0	1	19	F4	65	True	Bass	1	19.0	2.0	67.0	vi	False	('F', 'A-', 'C')	F	F	0.0	minor triad	(0, 5, 8)	A-	A-	6	None
73.0	73	0.5	1/2	19	F3	53	True	Bass	1	19.0	2.0	67.0	vi	False	('F', 'A-', 'C')	F	F	0.0	minor triad	(0, 5, 8)	A-	A-	6	None
73.5	147/2	0.5	1/2	19	B-4	70	True	Bass	1	19.0	2.0	67.0	vi	False	('F', 'A-', 'C')	F	F	0.0	minor triad	(0, 5, 8)	A-	A-	6	None
73.5	147/2	0.5	1/2	19	G3	55	True	Bass	1	19.0	2.0	67.0	vi	False	('F', 'A-', 'C')	F	F	0.0	minor triad	(0, 5, 8)	A-	A-	6	None
74.0	74	1.0	1	19	F5	77	True	Bass	1	19.0	1.0	68.0	i	True	('A-', 'C', 'F')	A-	F	1.0	minor triad	(0, 5, 8)	f	f	1	None
74.0	74	1.0	1	19	C5	72	True	Bass	1	19.0	1.0	68.0	i	True	('A-', 'C', 'F')	A-	F	1.0	minor triad	(0, 5, 8)	f	f	1	None
74.0	74	1.0	1	19	C4	60	True	Bass	1	19.0	1.0	68.0	i	True	('A-', 'C', 'F')	A-	F	1.0	minor triad	(0, 5, 8)	f	f	1	None
74.0	74	0.5	1/2	19	A-3	56	True	Bass	1	19.0	1.0	68.0	i	True	('A-', 'C', 'F')	A-	F	1.0	minor triad	(0, 5, 8)	f	f	1	None
74.5	149/2	0.5	1/2	19	G3	55	True	Bass	1	19.0	1.0	68.0	i	False	('A-', 'C', 'F')	A-	F	1.0	minor triad	(0, 5, 8)	f	f	1	None
75.0	75	1.0	1	19	F5	77	True	Bass	1	19.0	1.0	69.0	i	True	('F', 'A-', 'C')	F	F	0.0	minor triad	(0, 5, 8)	f	f	1	None
75.0	75	0.5	1/2	19	B-4	70	True	Bass	1	19.0	1.0	69.0	i	True	('F', 'A-', 'C')	F	F	0.0	minor triad	(0, 5, 8)	f	f	1	None
75.0	75	1.0	1	19	F3	53	True	Bass	1	19.0	1.0	69.0	i	True	('F', 'A-', 'C')	F	F	0.0	minor triad	(0, 5, 8)	f	f	1	None
75.0	75	0.5	1/2	19	A-3	56	True	Bass	1	19.0	1.0	69.0	i	True	('F', 'A-', 'C')	F	F	0.0	minor triad	(0, 5, 8)	f	f	1	None
75.5	151/2	0.5	1/2	19	A-4	68	True	Bass	1	19.0	1.0	69.0	i	False	('F', 'A-', 'C')	F	F	0.0	minor triad	(0, 5, 8)	f	f	1	None
75.5	151/2	0.5	1/2	19	B-3	58	True	Bass	1	19.0	1.0	69.0	i	False	('F', 'A-', 'C')	F	F	0.0	minor triad	(0, 5, 8)	f	f	1	None
76.0	76	1.0	1	20	E5	76	True	Bass	1	20.0	2.0	70.0	V	True	('C', 'E', 'G')	C	C	0.0	major triad	(0, 4, 7)	f	f	5	None
76.0	76	1.0	1	20	G4	67	True	Bass	1	20.0	2.0	70.0	V	True	('C', 'E', 'G')	C	C	0.0	major triad	(0, 4, 7)	f	f	5	None
76.0	76	1.0	1	20	C4	60	True	Bass	1	20.0	2.0	70.0	V	True	('C', 'E', 'G')	C	C	0.0	major triad	(0, 4, 7)	f	f	5	None
76.0	76	1.0	1	20	C4	60	True	Bass	1	20.0	2.0	70.0	V	True	('C', 'E', 'G')	C	C	0.0	major triad	(0, 4, 7)	f	f	5	None
77.0	77	1.0	1	20	E5	76	True	Bass	1	20.0	2.0	70.0	V	False	('C', 'E', 'G')	C	C	0.0	major triad	(0, 4, 7)	f	f	5	None
77.0	77	1.0	1	20	G4	67	True	Bass	1	20.0	2.0	70.0	V	False	('C', 'E', 'G')	C	C	0.0	major triad	(0, 4, 7)	f	f	5	None
77.0	77	1.0	1	20	C4	60	True	Bass	1	20.0	2.0	70.0	V	False	('C', 'E', 'G')	C	C	0.0	major triad	(0, 4, 7)	f	f	5	None
77.0	77	1.0	1	20	C3	48	True	Bass	1	20.0	2.0	70.0	V	False	('C', 'E', 'G')	C	C	0.0	major triad	(0, 4, 7)	f	f	5	None
78.0	78	1.0	1	20	F5	77	True	Bass	1	20.0	2.0	71.0	I	True	('F', 'A', 'C')	F	F	0.0	major triad	(0, 5, 9)	f	f	1	None
78.0	78	1.0	1	20	A4	69	True	Bass	1	20.0	2.0	71.0	I	True	('F', 'A', 'C')	F	F	0.0	major triad	(0, 5, 9)	f	f	1	None
78.0	78	1.0	1	20	C4	60	True	Bass	1	20.0	2.0	71.0	I	True	('F', 'A', 'C')	F	F	0.0	major triad	(0, 5, 9)	f	f	1	None
78.0	78	1.0	1	20	F3	53	True	Bass	1	20.0	2.0	71.0	I	True	('F', 'A', 'C')	F	F	0.0	major triad	(0, 5, 9)	f	f	1	None
79.0	79	1.0	1	20	F5	77	True	Bass	1	20.0	2.0	71.0	I	False	('F', 'A', 'C')	F	F	0.0	major triad	(0, 5, 9)	f	f	1	None
79.0	79	1.0	1	20	A4	69	True	Bass	1	20.0	2.0	71.0	I	False	('F', 'A', 'C')	F	F	0.0	major triad	(0, 5, 9)	f	f	1	None
79.0	79	1.0	1	20	C4	60	True	Bass	1	20.0	2.0	71.0	I	False	('F', 'A', 'C')	F	F	0.0	major triad	(0, 5, 9)	f	f	1	None
79.0	79	1.0	1	20	F3	53	True	Bass	1	20.0	2.0	71.0	I	False	('F', 'A', 'C')	F	F	0.0	major triad	(0, 5, 9)	f	f	1	None
