j_offset	s_duration	s_measure	s_notes	s_intervals	s_isOnset	a_measure	a_duration	a_annotationNumber	a_romanNumeral	a_isOnset	a_pitchNames	a_bass	a_root	a_inversion	a_quality	a_pcset	a_localKey	a_tonicizedKey	a_degree1	a_degree2
0.0	0.25	1	['D3']	[]	[True]	1.0	2.0	0.0	I	True	('D', 'F#', 'A')	D	D	0.0	major triad	(2, 6, 9)	D	D	1	None
0.25	0.25	1	['D3', 'D5']	['P1']	[False, True]	1.0	2.0	0.0	I	False	('D', 'F#', 'A')	D	D	0.0	major triad	(2, 6, 9)	D	D	1	None
0.5	0.25	1	['E5']	[]	[True]	1.0	2.0	0.0	I	False	('D', 'F#', 'A')	D	D	0.0	major triad	(2, 6, 9)	D	D	1	None
0.75	0.25	1	['F#5']	[]	[True]	1.0	2.0	0.0	I	False	('D', 'F#', 'A')	D	D	0.0	major triad	(2, 6, 9)	D	D	1	None
1.0	0.25	1	['D4', 'A4']	['P5']	[True, True]	1.0	2.0	0.0	I	False	('D', 'F#', 'A')	D	D	0.0	major triad	(2, 6, 9)	D	D	1	None
1.25	0.25	1	['D4', 'F#5']	['M3']	[False, True]	1.0	2.0	0.0	I	False	('D', 'F#', 'A')	D	D	0.0	major triad	(2, 6, 9)	D	D	1	None
1.5	0.25	1	['E5']	[]	[True]	1.0	2.0	0.0	I	False	('D', 'F#', 'A')	D	D	0.0	major triad	(2, 6, 9)	D	D	1	None
1.75	0.25	1	['D5']	[]	[True]	1.0	2.0	0.0	I	False	('D', 'F#', 'A')	D	D	0.0	major triad	(2, 6, 9)	D	D	1	None
2.0	0.25	1	['F#3', 'A5']	['m3']	[True, True]	1.0	2.0	1.0	I	True	('F#', 'A', 'D')	F#	D	1.0	major triad	(2, 6, 9)	D	D	1	None
2.25	0.25	1	['F#3', 'D5']	['m6']	[False, True]	1.0	2.0	1.0	I	False	('F#', 'A', 'D')	F#	D	1.0	major triad	(2, 6, 9)	D	D	1	None
2.5	0.25	1	['E5']	[]	[True]	1.0	2.0	1.0	I	False	('F#', 'A', 'D')	F#	D	1.0	major triad	(2, 6, 9)	D	D	1	None
2.75	0.25	1	['F#5']	[]	[True]	1.0	2.0	1.0	I	False	('F#', 'A', 'D')	F#	D	1.0	major triad	(2, 6, 9)	D	D	1	None
3.0	0.25	1	['D4', 'A4']	['P5']	[True, True]	1.0	2.0	1.0	I	False	('F#', 'A', 'D')	F#	D	1.0	major triad	(2, 6, 9)	D	D	1	None
3.25	0.25	1	['D4', 'F#5']	['M3']	[False, True]	1.0	2.0	1.0	I	False	('F#', 'A', 'D')	F#	D	1.0	major triad	(2, 6, 9)	D	D	1	None
3.5	0.25	1	['E5']	[]	[True]	1.0	2.0	1.0	I	False	('F#', 'A', 'D')	F#	D	1.0	major triad	(2, 6, 9)	D	D	1	None
3.75	0.25	1	['D5']	[]	[True]	1.0	2.0	1.0	I	False	('F#', 'A', 'D')	F#	D	1.0	major triad	(2, 6, 9)	D	D	1	None
4.0	0.25	2	['E3', 'G5']	['m3']	[True, True]	2.0	1.0	2.0	ii	True	('E', 'G', 'B')	E	E	0.0	minor triad	(4, 7, 11)	D	D	2	None
4.25	0.25	2	['E3', 'E5']	['P1']	[False, True]	2.0	1.0	2.0	ii	False	('E', 'G', 'B')	E	E	0.0	minor triad	(4, 7, 11)	D	D	2	None
4.5	0.25	2	['F#5']	[]	[True]	2.0	1.0	2.0	ii	False	('E', 'G', 'B')	E	E	0.0	minor triad	(4, 7, 11)	D	D	2	None
4.75	0.25	2	['G5']	[]	[True]	2.0	1.0	2.0	ii	False	('E', 'G', 'B')	E	E	0.0	minor triad	(4, 7, 11)	D	D	2	None
5.0	0.25	2	['D4', 'B4']	['M6']	[True, True]	2.0	1.0	3.0	ii7	True	('E', 'G', 'B', 'D')	E	E	0.0	minor seventh chord	(2, 4, 7, 11)	D	D	2	None
5.25	0.25	2	['D4', 'D5']	['P1']	[False, True]	2.0	1.0	3.0	ii7	False	('E', 'G', 'B', 'D')	E	E	0.0	minor seventh chord	(2, 4, 7, 11)	D	D	2	None
5.5	0.25	2	['C#5']	[]	[True]	2.0	1.0	3.0	ii7	False	('E', 'G', 'B', 'D')	E	E	0.0	minor seventh chord	(2, 4, 7, 11)	D	D	2	None
5.75	0.25	2	['B4']	[]	[True]	2.0	1.0	3.0	ii7	False	('E', 'G', 'B', 'D')	E	E	0.0	minor seventh chord	(2, 4, 7, 11)	D	D	2	None
6.0	0.25	2	['A3', 'C#5']	['M3']	[True, True]	2.0	1.0	4.0	V	True	('A', 'C#', 'E')	A	A	0.0	major triad	(1, 4, 9)	D	D	5	None
6.25	0.25	2	['A3', 'E5']	['P5']	[False, True]	2.0	1.0	4.0	V	False	('A', 'C#', 'E')	A	A	0.0	major triad	(1, 4, 9)	D	D	5	None
6.5	0.25	2	['F#5']	[]	[True]	2.0	1.0	4.0	V	False	('A', 'C#', 'E')	A	A	0.0	major triad	(1, 4, 9)	D	D	5	None
6.75	0.25	2	['G5']	[]	[True]	2.0	1.0	4.0	V	False	('A', 'C#', 'E')	A	A	0.0	major triad	(1, 4, 9)	D	D	5	None
7.0	0.25	2	['C#4', 'A4']	['m6']	[True, True]	2.0	1.0	5.0	V7	True	('A', 'C#', 'E', 'G')	A	A	0.0	dominant seventh chord	(1, 4, 7, 9)	D	D	5	None
7.25	0.25	2	['C#4', 'G5']	['d5']	[False, True]	2.0	1.0	5.0	V7	False	('A', 'C#', 'E', 'G')	A	A	0.0	dominant seventh chord	(1, 4, 7, 9)	D	D	5	None
7.5	0.25	2	['F#5']	[]	[True]	2.0	1.0	5.0	V7	False	('A', 'C#', 'E', 'G')	A	A	0.0	dominant seventh chord	(1, 4, 7, 9)	D	D	5	None
7.75	0.25	2	['E5']	[]	[True]	2.0	1.0	5.0	V7	False	('A', 'C#', 'E', 'G')	A	A	0.0	dominant seventh chord	(1, 4, 7, 9)	D	D	5	None
8.0	0.25	3	['D3', 'F#5']	['M3']	[True, True]	3.0	1.0	6.0	I	True	('D', 'F#', 'A')	D	D	0.0	major triad	(2, 6, 9)	D	D	1	None
8.25	0.25	3	['D3', 'D5']	['P1']	[False, True]	3.0	1.0	6.0	I	False	('D', 'F#', 'A')	D	D	0.0	major triad	(2, 6, 9)	D	D	1	None
8.5	0.25	3	['E5']	[]	[True]	3.0	1.0	6.0	I	False	('D', 'F#', 'A')	D	D	0.0	major triad	(2, 6, 9)	D	D	1	None
8.75	0.25	3	['F#5']	[]	[True]	3.0	1.0	6.0	I	False	('D', 'F#', 'A')	D	D	0.0	major triad	(2, 6, 9)	D	D	1	None
9.0	0.25	3	['D4', 'A4']	['P5']	[True, True]	3.0	1.0	7.0	I7	True	('D', 'F#', 'A', 'C#')	D	D	0.0	major seventh chord	(1, 2, 6, 9)	D	D	1	None
9.25	0.25	3	['D4', 'C#5']	['M7']	[False, True]	3.0	1.0	7.0	I7	False	('D', 'F#', 'A', 'C#')	D	D	0.0	major seventh chord	(1, 2, 6, 9)	D	D	1	None
9.5	0.25	3	['B4']	[]	[True]	3.0	1.0	7.0	I7	False	('D', 'F#', 'A', 'C#')	D	D	0.0	major seventh chord	(1, 2, 6, 9)	D	D	1	None
9.75	0.25	3	['A4']	[]	[True]	3.0	1.0	7.0	I7	False	('D', 'F#', 'A', 'C#')	D	D	0.0	major seventh chord	(1, 2, 6, 9)	D	D	1	None
10.0	0.25	3	['D3', 'B4']	['M6']	[True, True]	3.0	1.0	8.0	vi	True	('D', 'F#', 'B')	D	B	1.0	minor triad	(2, 6, 11)	D	D	6	None
10.25	0.25	3	['D3', 'D5']	['P1']	[False, True]	3.0	1.0	8.0	vi	False	('D', 'F#', 'B')	D	B	1.0	minor triad	(2, 6, 11)	D	D	6	None
10.5	0.25	3	['E5']	[]	[True]	3.0	1.0	8.0	vi	False	('D', 'F#', 'B')	D	B	1.0	minor triad	(2, 6, 11)	D	D	6	None
10.75	0.25	3	['F#5']	[]	[True]	3.0	1.0	8.0	vi	False	('D', 'F#', 'B')	D	B	1.0	minor triad	(2, 6, 11)	D	D	6	None
11.0	0.25	3	['D4', 'B4']	['M6']	[True, True]	3.0	1.0	9.0	vi7	True	('D', 'F#', 'A', 'B')	D	B	1.0	minor seventh chord	(2, 6, 9, 11)	D	D	6	None
11.25	0.25	3	['D4', 'A5']	['P5']	[False, True]	3.0	1.0	9.0	vi7	False	('D', 'F#', 'A', 'B')	D	B	1.0	minor seventh chord	(2, 6, 9, 11)	D	D	6	None
11.5	0.25	3	['G#5']	[]	[True]	3.0	1.0	9.0	vi7	False	('D', 'F#', 'A', 'B')	D	B	1.0	minor seventh chord	(2, 6, 9, 11)	D	D	6	None
11.75	0.25	3	['F#5']	[]	[True]	3.0	1.0	9.0	vi7	False	('D', 'F#', 'A', 'B')	D	B	1.0	minor seventh chord	(2, 6, 9, 11)	D	D	6	None
12.0	0.25	4	['D3', 'G#5']	['A4']	[True, True]	4.0	2.0	10.0	V7	True	('D', 'E', 'G#', 'B')	D	E	3.0	dominant seventh chord	(2, 4, 8, 11)	A	A	5	None
12.25	0.25	4	['D3', 'E5']	['M2']	[False, True]	4.0	2.0	10.0	V7	False	('D', 'E', 'G#', 'B')	D	E	3.0	dominant seventh chord	(2, 4, 8, 11)	A	A	5	None
12.5	0.25	4	['F#5']	[]	[True]	4.0	2.0	10.0	V7	False	('D', 'E', 'G#', 'B')	D	E	3.0	dominant seventh chord	(2, 4, 8, 11)	A	A	5	None
12.75	0.25	4	['G#5']	[]	[True]	4.0	2.0	10.0	V7	False	('D', 'E', 'G#', 'B')	D	E	3.0	dominant seventh chord	(2, 4, 8, 11)	A	A	5	None
13.0	0.25	4	['G#3', 'B4']	['m3']	[True, True]	4.0	2.0	10.0	V7	False	('D', 'E', 'G#', 'B')	D	E	3.0	dominant seventh chord	(2, 4, 8, 11)	A	A	5	None
13.25	0.25	4	['G#3', 'D5']	['d5']	[False, True]	4.0	2.0	10.0	V7	False	('D', 'E', 'G#', 'B')	D	E	3.0	dominant seventh chord	(2, 4, 8, 11)	A	A	5	None
13.5	0.25	4	['C#5']	[]	[True]	4.0	2.0	10.0	V7	False	('D', 'E', 'G#', 'B')	D	E	3.0	dominant seventh chord	(2, 4, 8, 11)	A	A	5	None
13.75	0.25	4	['B4']	[]	[True]	4.0	2.0	10.0	V7	False	('D', 'E', 'G#', 'B')	D	E	3.0	dominant seventh chord	(2, 4, 8, 11)	A	A	5	None
14.0	0.25	4	['C#3', 'A4']	['m6']	[True, True]	4.0	1.0	11.0	I	True	('C#', 'E', 'A')	C#	A	1.0	major triad	(1, 4, 9)	A	A	1	None
14.25	0.25	4	['C#3', 'C#5']	['P1']	[False, True]	4.0	1.0	11.0	I	False	('C#', 'E', 'A')	C#	A	1.0	major triad	(1, 4, 9)	A	A	1	None
14.5	0.25	4	['D5']	[]	[True]	4.0	1.0	11.0	I	False	('C#', 'E', 'A')	C#	A	1.0	major triad	(1, 4, 9)	A	A	1	None
14.75	0.25	4	['E5']	[]	[True]	4.0	1.0	11.0	I	False	('C#', 'E', 'A')	C#	A	1.0	major triad	(1, 4, 9)	A	A	1	None
15.0	0.25	4	['A3', 'F#4']	['M6']	[True, True]	4.0	1.0	12.0	vi7	True	('C#', 'E', 'F#', 'A')	C#	F#	2.0	minor seventh chord	(1, 4, 6, 9)	A	A	6	None
15.25	0.25	4	['A3', 'E5']	['P5']	[False, True]	4.0	1.0	12.0	vi7	False	('C#', 'E', 'F#', 'A')	C#	F#	2.0	minor seventh chord	(1, 4, 6, 9)	A	A	6	None
15.5	0.25	4	['D5']	[]	[True]	4.0	1.0	12.0	vi7	False	('C#', 'E', 'F#', 'A')	C#	F#	2.0	minor seventh chord	(1, 4, 6, 9)	A	A	6	None
15.75	0.25	4	['C#5']	[]	[True]	4.0	1.0	12.0	vi7	False	('C#', 'E', 'F#', 'A')	C#	F#	2.0	minor seventh chord	(1, 4, 6, 9)	A	A	6	None
16.0	0.25	5	['B2', 'D5']	['m3']	[True, True]	5.0	1.0	13.0	ii	True	('B', 'D', 'F#')	B	B	0.0	minor triad	(2, 6, 11)	A	A	2	None
16.25	0.25	5	['B2', 'B4']	['P1']	[False, True]	5.0	1.0	13.0	ii	False	('B', 'D', 'F#')	B	B	0.0	minor triad	(2, 6, 11)	A	A	2	None
16.5	0.25	5	['C#5']	[]	[True]	5.0	1.0	13.0	ii	False	('B', 'D', 'F#')	B	B	0.0	minor triad	(2, 6, 11)	A	A	2	None
16.75	0.25	5	['D5']	[]	[True]	5.0	1.0	13.0	ii	False	('B', 'D', 'F#')	B	B	0.0	minor triad	(2, 6, 11)	A	A	2	None
17.0	0.25	5	['A3', 'F#4']	['M6']	[True, True]	5.0	1.0	14.0	ii7	True	('B', 'D', 'F#', 'A')	B	B	0.0	minor seventh chord	(2, 6, 9, 11)	A	A	2	None
17.25	0.25	5	['A3', 'A4']	['P1']	[False, True]	5.0	1.0	14.0	ii7	False	('B', 'D', 'F#', 'A')	B	B	0.0	minor seventh chord	(2, 6, 9, 11)	A	A	2	None
17.5	0.25	5	['G#4']	[]	[True]	5.0	1.0	14.0	ii7	False	('B', 'D', 'F#', 'A')	B	B	0.0	minor seventh chord	(2, 6, 9, 11)	A	A	2	None
17.75	0.25	5	['F#4']	[]	[True]	5.0	1.0	14.0	ii7	False	('B', 'D', 'F#', 'A')	B	B	0.0	minor seventh chord	(2, 6, 9, 11)	A	A	2	None
18.0	0.25	5	['E3', 'G#4']	['M3']	[True, True]	5.0	1.0	15.0	V	True	('E', 'G#', 'B')	E	E	0.0	major triad	(4, 8, 11)	A	A	5	None
18.25	0.25	5	['E3', 'B4']	['P5']	[False, True]	5.0	1.0	15.0	V	False	('E', 'G#', 'B')	E	E	0.0	major triad	(4, 8, 11)	A	A	5	None
18.5	0.25	5	['C#5']	[]	[True]	5.0	1.0	15.0	V	False	('E', 'G#', 'B')	E	E	0.0	major triad	(4, 8, 11)	A	A	5	None
18.75	0.25	5	['D5']	[]	[True]	5.0	1.0	15.0	V	False	('E', 'G#', 'B')	E	E	0.0	major triad	(4, 8, 11)	A	A	5	None
19.0	0.25	5	['G#3', 'E4']	['m6']	[True, True]	5.0	1.0	16.0	V7	True	('E', 'G#', 'B', 'D')	E	E	0.0	dominant seventh chord	(2, 4, 8, 11)	A	A	5	None
19.25	0.25	5	['G#3', 'D5']	['d5']	[False, True]	5.0	1.0	16.0	V7	False	('E', 'G#', 'B', 'D')	E	E	0.0	dominant seventh chord	(2, 4, 8, 11)	A	A	5	None
19.5	0.25	5	['C#5']	[]	[True]	5.0	1.0	16.0	V7	False	('E', 'G#', 'B', 'D')	E	E	0.0	dominant seventh chord	(2, 4, 8, 11)	A	A	5	None
19.75	0.25	5	['B4']	[]	[True]	5.0	1.0	16.0	V7	False	('E', 'G#', 'B', 'D')	E	E	0.0	dominant seventh chord	(2, 4, 8, 11)	A	A	5	None
20.0	0.25	6	['A2', 'C#5']	['M3']	[True, True]	6.0	1.0	17.0	I	True	('A', 'C#', 'E')	A	A	0.0	major triad	(1, 4, 9)	A	A	1	None
20.25	0.25	6	['A2', 'A4']	['P1']	[False, True]	6.0	1.0	17.0	I	False	('A', 'C#', 'E')	A	A	0.0	major triad	(1, 4, 9)	A	A	1	None
20.5	0.25	6	['B4']	[]	[True]	6.0	1.0	17.0	I	False	('A', 'C#', 'E')	A	A	0.0	major triad	(1, 4, 9)	A	A	1	None
20.75	0.25	6	['C#5']	[]	[True]	6.0	1.0	17.0	I	False	('A', 'C#', 'E')	A	A	0.0	major triad	(1, 4, 9)	A	A	1	None
21.0	0.25	6	['A3', 'E4']	['P5']	[True, True]	6.0	1.0	18.0	Ib7	True	('A', 'C#', 'E', 'G')	A	A	0.0	dominant seventh chord	(1, 4, 7, 9)	A	A	1	None
21.25	0.25	6	['A3', 'G4']	['m7']	[False, True]	6.0	1.0	18.0	Ib7	False	('A', 'C#', 'E', 'G')	A	A	0.0	dominant seventh chord	(1, 4, 7, 9)	A	A	1	None
21.5	0.25	6	['F#4']	[]	[True]	6.0	1.0	18.0	Ib7	False	('A', 'C#', 'E', 'G')	A	A	0.0	dominant seventh chord	(1, 4, 7, 9)	A	A	1	None
21.75	0.25	6	['E4']	[]	[True]	6.0	1.0	18.0	Ib7	False	('A', 'C#', 'E', 'G')	A	A	0.0	dominant seventh chord	(1, 4, 7, 9)	A	A	1	None
22.0	0.25	6	['A2', 'F#4']	['M6']	[True, True]	6.0	1.0	19.0	ii	True	('A', 'C#', 'F#')	A	F#	1.0	minor triad	(1, 6, 9)	e	e	2	None
22.25	0.25	6	['A2', 'A4']	['P1']	[False, True]	6.0	1.0	19.0	ii	False	('A', 'C#', 'F#')	A	F#	1.0	minor triad	(1, 6, 9)	e	e	2	None
22.5	0.25	6	['B4']	[]	[True]	6.0	1.0	19.0	ii	False	('A', 'C#', 'F#')	A	F#	1.0	minor triad	(1, 6, 9)	e	e	2	None
22.75	0.25	6	['C#5']	[]	[True]	6.0	1.0	19.0	ii	False	('A', 'C#', 'F#')	A	F#	1.0	minor triad	(1, 6, 9)	e	e	2	None
23.0	0.25	6	['A3', 'F#4']	['M6']	[True, True]	6.0	1.0	20.0	ii7	True	('A', 'C#', 'E', 'F#')	A	F#	1.0	minor seventh chord	(1, 4, 6, 9)	e	e	2	None
23.25	0.25	6	['A3', 'E5']	['P5']	[False, True]	6.0	1.0	20.0	ii7	False	('A', 'C#', 'E', 'F#')	A	F#	1.0	minor seventh chord	(1, 4, 6, 9)	e	e	2	None
23.5	0.25	6	['D#5']	[]	[True]	6.0	1.0	20.0	ii7	False	('A', 'C#', 'E', 'F#')	A	F#	1.0	minor seventh chord	(1, 4, 6, 9)	e	e	2	None
23.75	0.25	6	['C#5']	[]	[True]	6.0	1.0	20.0	ii7	False	('A', 'C#', 'E', 'F#')	A	F#	1.0	minor seventh chord	(1, 4, 6, 9)	e	e	2	None
24.0	0.25	7	['A2', 'D#5']	['A4']	[True, True]	7.0	2.0	21.0	V7	True	('A', 'B', 'D#', 'F#')	A	B	3.0	dominant seventh chord	(3, 6, 9, 11)	e	e	5	None
24.25	0.25	7	['A2', 'B4']	['M2']	[False, True]	7.0	2.0	21.0	V7	False	('A', 'B', 'D#', 'F#')	A	B	3.0	dominant seventh chord	(3, 6, 9, 11)	e	e	5	None
24.5	0.25	7	['C#5']	[]	[True]	7.0	2.0	21.0	V7	False	('A', 'B', 'D#', 'F#')	A	B	3.0	dominant seventh chord	(3, 6, 9, 11)	e	e	5	None
24.75	0.25	7	['D#5']	[]	[True]	7.0	2.0	21.0	V7	False	('A', 'B', 'D#', 'F#')	A	B	3.0	dominant seventh chord	(3, 6, 9, 11)	e	e	5	None
25.0	0.25	7	['D#3', 'F#4']	['m3']	[True, True]	7.0	2.0	21.0	V7	False	('A', 'B', 'D#', 'F#')	A	B	3.0	dominant seventh chord	(3, 6, 9, 11)	e	e	5	None
25.25	0.25	7	['D#3', 'A4']	['d5']	[False, True]	7.0	2.0	21.0	V7	False	('A', 'B', 'D#', 'F#')	A	B	3.0	dominant seventh chord	(3, 6, 9, 11)	e	e	5	None
25.5	0.25	7	['G4']	[]	[True]	7.0	2.0	21.0	V7	False	('A', 'B', 'D#', 'F#')	A	B	3.0	dominant seventh chord	(3, 6, 9, 11)	e	e	5	None
25.75	0.25	7	['F#4']	[]	[True]	7.0	2.0	21.0	V7	False	('A', 'B', 'D#', 'F#')	A	B	3.0	dominant seventh chord	(3, 6, 9, 11)	e	e	5	None
26.0	0.25	7	['G2', 'E4']	['M6']	[True, True]	7.0	1.0	22.0	i	True	('G', 'B', 'E')	G	E	1.0	minor triad	(4, 7, 11)	e	e	1	None
26.25	0.25	7	['G2', 'G4']	['P1']	[False, True]	7.0	1.0	22.0	i	False	('G', 'B', 'E')	G	E	1.0	minor triad	(4, 7, 11)	e	e	1	None
26.5	0.25	7	['A4']	[]	[True]	7.0	1.0	22.0	i	False	('G', 'B', 'E')	G	E	1.0	minor triad	(4, 7, 11)	e	e	1	None
26.75	0.25	7	['B4']	[]	[True]	7.0	1.0	22.0	i	False	('G', 'B', 'E')	G	E	1.0	minor triad	(4, 7, 11)	e	e	1	None
27.0	0.25	7	['E3', 'C#4']	['M6']	[True, True]	7.0	1.0	23.0	viøb773	True	('E', 'G', 'B#', 'C#', 'D')	E	C#	1.0	major-seventh pentacluster	(0, 1, 2, 4, 7)	e	e	#6	None
27.25	0.25	7	['E3', 'D5']	['m7']	[False, True]	7.0	1.0	23.0	viøb773	False	('E', 'G', 'B#', 'C#', 'D')	E	C#	1.0	major-seventh pentacluster	(0, 1, 2, 4, 7)	e	e	#6	None
27.5	0.25	7	['C#5']	[]	[True]	7.0	1.0	23.0	viøb773	False	('E', 'G', 'B#', 'C#', 'D')	E	C#	1.0	major-seventh pentacluster	(0, 1, 2, 4, 7)	e	e	#6	None
27.75	0.25	7	['B4']	[]	[True]	7.0	1.0	23.0	viøb773	False	('E', 'G', 'B#', 'C#', 'D')	E	C#	1.0	major-seventh pentacluster	(0, 1, 2, 4, 7)	e	e	#6	None
28.0	0.25	8	['F#2', 'A#4']	['M3']	[True, True]	8.0	2.0	24.0	V9	True	('F#', 'A#', 'C#', 'E', 'G')	F#	F#	0.0	flat-ninth pentachord	(1, 4, 6, 7, 10)	b	b	5	None
28.25	0.25	8	['F#2', 'E4']	['m7']	[False, True]	8.0	2.0	24.0	V9	False	('F#', 'A#', 'C#', 'E', 'G')	F#	F#	0.0	flat-ninth pentachord	(1, 4, 6, 7, 10)	b	b	5	None
28.5	0.25	8	['F#4']	[]	[True]	8.0	2.0	24.0	V9	False	('F#', 'A#', 'C#', 'E', 'G')	F#	F#	0.0	flat-ninth pentachord	(1, 4, 6, 7, 10)	b	b	5	None
28.75	0.25	8	['G4']	[]	[True]	8.0	2.0	24.0	V9	False	('F#', 'A#', 'C#', 'E', 'G')	F#	F#	0.0	flat-ninth pentachord	(1, 4, 6, 7, 10)	b	b	5	None
29.0	0.25	8	['F#3', 'C#4']	['P5']	[True, True]	8.0	2.0	24.0	V9	False	('F#', 'A#', 'C#', 'E', 'G')	F#	F#	0.0	flat-ninth pentachord	(1, 4, 6, 7, 10)	b	b	5	None
29.25	0.25	8	['F#3', 'G4']	['m2']	[False, True]	8.0	2.0	24.0	V9	False	('F#', 'A#', 'C#', 'E', 'G')	F#	F#	0.0	flat-ninth pentachord	(1, 4, 6, 7, 10)	b	b	5	None
29.5	0.25	8	['F#4']	[]	[True]	8.0	2.0	24.0	V9	False	('F#', 'A#', 'C#', 'E', 'G')	F#	F#	0.0	flat-ninth pentachord	(1, 4, 6, 7, 10)	b	b	5	None
29.75	0.25	8	['E4']	[]	[True]	8.0	2.0	24.0	V9	False	('F#', 'A#', 'C#', 'E', 'G')	F#	F#	0.0	flat-ninth pentachord	(1, 4, 6, 7, 10)	b	b	5	None
30.0	0.25	8	['F#2', 'D4']	['m6']	[True, True]	8.0	1.0	25.0	i	True	('F#', 'B', 'D')	F#	B	2.0	minor triad	(2, 6, 11)	b	b	1	None
30.25	0.25	8	['F#2', 'B4']	['P4']	[False, True]	8.0	1.0	25.0	i	False	('F#', 'B', 'D')	F#	B	2.0	minor triad	(2, 6, 11)	b	b	1	None
30.5	0.25	8	['C#5']	[]	[True]	8.0	1.0	25.0	i	False	('F#', 'B', 'D')	F#	B	2.0	minor triad	(2, 6, 11)	b	b	1	None
30.75	0.25	8	['D5']	[]	[True]	8.0	1.0	25.0	i	False	('F#', 'B', 'D')	F#	B	2.0	minor triad	(2, 6, 11)	b	b	1	None
31.0	0.25	8	['F#3', 'F#4']	['P1']	[True, True]	8.0	1.0	26.0	iio	True	('F#', 'A', 'C')	F#	F#	0.0	diminished triad	(0, 6, 9)	e	e	2	None
31.25	0.25	8	['F#3', 'A4']	['m3']	[False, True]	8.0	1.0	26.0	iio	False	('F#', 'A', 'C')	F#	F#	0.0	diminished triad	(0, 6, 9)	e	e	2	None
31.5	0.25	8	['G#4']	[]	[True]	8.0	1.0	26.0	iio	False	('F#', 'A', 'C')	F#	F#	0.0	diminished triad	(0, 6, 9)	e	e	2	None
31.75	0.25	8	['F#4']	[]	[True]	8.0	1.0	26.0	iio	False	('F#', 'A', 'C')	F#	F#	0.0	diminished triad	(0, 6, 9)	e	e	2	None
32.0	0.25	9	['F#2', 'E#4']	['M7']	[True, True]	9.0	2.0	27.0	viio7/ii	True	('E#', 'G#', 'B', 'D')	E#	E#	0.0	diminished seventh chord	(2, 5, 8, 11)	e	f#	#7	2
32.25	0.25	9	['F#2', 'G#4']	['M2']	[False, True]	9.0	2.0	27.0	viio7/ii	False	('E#', 'G#', 'B', 'D')	E#	E#	0.0	diminished seventh chord	(2, 5, 8, 11)	e	f#	#7	2
32.5	0.25	9	['A4']	[]	[True]	9.0	2.0	27.0	viio7/ii	False	('E#', 'G#', 'B', 'D')	E#	E#	0.0	diminished seventh chord	(2, 5, 8, 11)	e	f#	#7	2
32.75	0.25	9	['B4']	[]	[True]	9.0	2.0	27.0	viio7/ii	False	('E#', 'G#', 'B', 'D')	E#	E#	0.0	diminished seventh chord	(2, 5, 8, 11)	e	f#	#7	2
33.0	0.25	9	['F#3', 'E#4']	['M7']	[True, True]	9.0	2.0	27.0	viio7/ii	False	('E#', 'G#', 'B', 'D')	E#	E#	0.0	diminished seventh chord	(2, 5, 8, 11)	e	f#	#7	2
33.25	0.25	9	['F#3', 'D5']	['m6']	[False, True]	9.0	2.0	27.0	viio7/ii	False	('E#', 'G#', 'B', 'D')	E#	E#	0.0	diminished seventh chord	(2, 5, 8, 11)	e	f#	#7	2
33.5	0.25	9	['C#5']	[]	[True]	9.0	2.0	27.0	viio7/ii	False	('E#', 'G#', 'B', 'D')	E#	E#	0.0	diminished seventh chord	(2, 5, 8, 11)	e	f#	#7	2
33.75	0.25	9	['B4']	[]	[True]	9.0	2.0	27.0	viio7/ii	False	('E#', 'G#', 'B', 'D')	E#	E#	0.0	diminished seventh chord	(2, 5, 8, 11)	e	f#	#7	2
34.0	0.25	9	['F#2', 'G#5']	['M2']	[True, True]	9.0	2.0	28.0	V7/ii	True	('C#', 'E#', 'G#', 'B')	C#	C#	0.0	dominant seventh chord	(1, 5, 8, 11)	e	f#	5	2
34.25	0.25	9	['F#2', 'E#5']	['M7']	[False, True]	9.0	2.0	28.0	V7/ii	False	('C#', 'E#', 'G#', 'B')	C#	C#	0.0	dominant seventh chord	(1, 5, 8, 11)	e	f#	5	2
34.5	0.25	9	['F#5']	[]	[True]	9.0	2.0	28.0	V7/ii	False	('C#', 'E#', 'G#', 'B')	C#	C#	0.0	dominant seventh chord	(1, 5, 8, 11)	e	f#	5	2
34.75	0.25	9	['G#5']	[]	[True]	9.0	2.0	28.0	V7/ii	False	('C#', 'E#', 'G#', 'B')	C#	C#	0.0	dominant seventh chord	(1, 5, 8, 11)	e	f#	5	2
35.0	0.25	9	['F#3', 'C#5']	['P5']	[True, True]	9.0	2.0	28.0	V7/ii	False	('C#', 'E#', 'G#', 'B')	C#	C#	0.0	dominant seventh chord	(1, 5, 8, 11)	e	f#	5	2
35.25	0.25	9	['F#3', 'B5']	['P4']	[False, True]	9.0	2.0	28.0	V7/ii	False	('C#', 'E#', 'G#', 'B')	C#	C#	0.0	dominant seventh chord	(1, 5, 8, 11)	e	f#	5	2
35.5	0.25	9	['A5']	[]	[True]	9.0	2.0	28.0	V7/ii	False	('C#', 'E#', 'G#', 'B')	C#	C#	0.0	dominant seventh chord	(1, 5, 8, 11)	e	f#	5	2
35.75	0.25	9	['G#5']	[]	[True]	9.0	2.0	28.0	V7/ii	False	('C#', 'E#', 'G#', 'B')	C#	C#	0.0	dominant seventh chord	(1, 5, 8, 11)	e	f#	5	2
36.0	0.25	10	['F#2', 'A5']	['m3']	[True, True]	10.0	1.0	29.0	ii	True	('F#', 'A', 'C#')	F#	F#	0.0	minor triad	(1, 6, 9)	e	e	2	None
36.25	0.25	10	['F#2', 'F#5']	['P1']	[False, True]	10.0	1.0	29.0	ii	False	('F#', 'A', 'C#')	F#	F#	0.0	minor triad	(1, 6, 9)	e	e	2	None
36.5	0.25	10	['G#5']	[]	[True]	10.0	1.0	29.0	ii	False	('F#', 'A', 'C#')	F#	F#	0.0	minor triad	(1, 6, 9)	e	e	2	None
36.75	0.25	10	['A5']	[]	[True]	10.0	1.0	29.0	ii	False	('F#', 'A', 'C#')	F#	F#	0.0	minor triad	(1, 6, 9)	e	e	2	None
37.0	0.25	10	['F#3', 'C#5']	['P5']	[True, True]	10.0	1.0	30.0	ii7	True	('F#', 'A', 'C#', 'E')	F#	F#	0.0	minor seventh chord	(1, 4, 6, 9)	e	e	2	None
37.25	0.25	10	['F#3', 'E5']	['m7']	[False, True]	10.0	1.0	30.0	ii7	False	('F#', 'A', 'C#', 'E')	F#	F#	0.0	minor seventh chord	(1, 4, 6, 9)	e	e	2	None
37.5	0.25	10	['D#5']	[]	[True]	10.0	1.0	30.0	ii7	False	('F#', 'A', 'C#', 'E')	F#	F#	0.0	minor seventh chord	(1, 4, 6, 9)	e	e	2	None
37.75	0.25	10	['C#5']	[]	[True]	10.0	1.0	30.0	ii7	False	('F#', 'A', 'C#', 'E')	F#	F#	0.0	minor seventh chord	(1, 4, 6, 9)	e	e	2	None
38.0	0.25	10	['B2', 'D#5']	['M3']	[True, True]	10.0	1.0	31.0	V	True	('B', 'D#', 'F#')	B	B	0.0	major triad	(3, 6, 11)	e	e	5	None
38.25	0.25	10	['B2', 'F#5']	['P5']	[False, True]	10.0	1.0	31.0	V	False	('B', 'D#', 'F#')	B	B	0.0	major triad	(3, 6, 11)	e	e	5	None
38.5	0.25	10	['G5']	[]	[True]	10.0	1.0	31.0	V	False	('B', 'D#', 'F#')	B	B	0.0	major triad	(3, 6, 11)	e	e	5	None
38.75	0.25	10	['A5']	[]	[True]	10.0	1.0	31.0	V	False	('B', 'D#', 'F#')	B	B	0.0	major triad	(3, 6, 11)	e	e	5	None
39.0	0.25	10	['D#3', 'B4']	['m6']	[True, True]	10.0	1.0	32.0	V7	True	('B', 'D#', 'F#', 'A')	B	B	0.0	dominant seventh chord	(3, 6, 9, 11)	e	e	5	None
39.25	0.25	10	['D#3', 'A5']	['d5']	[False, True]	10.0	1.0	32.0	V7	False	('B', 'D#', 'F#', 'A')	B	B	0.0	dominant seventh chord	(3, 6, 9, 11)	e	e	5	None
39.5	0.25	10	['G5']	[]	[True]	10.0	1.0	32.0	V7	False	('B', 'D#', 'F#', 'A')	B	B	0.0	dominant seventh chord	(3, 6, 9, 11)	e	e	5	None
39.75	0.25	10	['F#5']	[]	[True]	10.0	1.0	32.0	V7	False	('B', 'D#', 'F#', 'A')	B	B	0.0	dominant seventh chord	(3, 6, 9, 11)	e	e	5	None
40.0	0.25	11	['E2', 'G5']	['m3']	[True, True]	11.0	1.0	33.0	i	True	('E', 'G', 'B')	E	E	0.0	minor triad	(4, 7, 11)	e	e	1	None
40.25	0.25	11	['E2', 'E5']	['P1']	[False, True]	11.0	1.0	33.0	i	False	('E', 'G', 'B')	E	E	0.0	minor triad	(4, 7, 11)	e	e	1	None
40.5	0.25	11	['F#5']	[]	[True]	11.0	1.0	33.0	i	False	('E', 'G', 'B')	E	E	0.0	minor triad	(4, 7, 11)	e	e	1	None
40.75	0.25	11	['G5']	[]	[True]	11.0	1.0	33.0	i	False	('E', 'G', 'B')	E	E	0.0	minor triad	(4, 7, 11)	e	e	1	None
41.0	0.25	11	['E3', 'B4']	['P5']	[True, True]	11.0	1.0	34.0	ii7	True	('E', 'G', 'B', 'D')	E	E	0.0	minor seventh chord	(2, 4, 7, 11)	D	D	2	None
41.25	0.25	11	['E3', 'D5']	['m7']	[False, True]	11.0	1.0	34.0	ii7	False	('E', 'G', 'B', 'D')	E	E	0.0	minor seventh chord	(2, 4, 7, 11)	D	D	2	None
41.5	0.25	11	['C5']	[]	[True]	11.0	1.0	34.0	ii7	False	('E', 'G', 'B', 'D')	E	E	0.0	minor seventh chord	(2, 4, 7, 11)	D	D	2	None
41.75	0.25	11	['B4']	[]	[True]	11.0	1.0	34.0	ii7	False	('E', 'G', 'B', 'D')	E	E	0.0	minor seventh chord	(2, 4, 7, 11)	D	D	2	None
42.0	0.25	11	['E2', 'C5']	['m6']	[True, True]	11.0	2.0	35.0	viio7/ii	True	('D#', 'F#', 'A', 'C')	D#	D#	0.0	diminished seventh chord	(0, 3, 6, 9)	D	e	#7	2
42.25	0.25	11	['E2', 'D#5']	['M7']	[False, True]	11.0	2.0	35.0	viio7/ii	False	('D#', 'F#', 'A', 'C')	D#	D#	0.0	diminished seventh chord	(0, 3, 6, 9)	D	e	#7	2
42.5	0.25	11	['E5']	[]	[True]	11.0	2.0	35.0	viio7/ii	False	('D#', 'F#', 'A', 'C')	D#	D#	0.0	diminished seventh chord	(0, 3, 6, 9)	D	e	#7	2
42.75	0.25	11	['F#5']	[]	[True]	11.0	2.0	35.0	viio7/ii	False	('D#', 'F#', 'A', 'C')	D#	D#	0.0	diminished seventh chord	(0, 3, 6, 9)	D	e	#7	2
43.0	0.25	11	['D#3', 'A4']	['d5']	[True, True]	11.0	2.0	35.0	viio7/ii	False	('D#', 'F#', 'A', 'C')	D#	D#	0.0	diminished seventh chord	(0, 3, 6, 9)	D	e	#7	2
43.25	0.25	11	['D#3', 'C5']	['d7']	[False, True]	11.0	2.0	35.0	viio7/ii	False	('D#', 'F#', 'A', 'C')	D#	D#	0.0	diminished seventh chord	(0, 3, 6, 9)	D	e	#7	2
43.5	0.25	11	['B4']	[]	[True]	11.0	2.0	35.0	viio7/ii	False	('D#', 'F#', 'A', 'C')	D#	D#	0.0	diminished seventh chord	(0, 3, 6, 9)	D	e	#7	2
43.75	0.25	11	['A4']	[]	[True]	11.0	2.0	35.0	viio7/ii	False	('D#', 'F#', 'A', 'C')	D#	D#	0.0	diminished seventh chord	(0, 3, 6, 9)	D	e	#7	2
44.0	0.25	12	['E2', 'G4']	['m3']	[True, True]	12.0	1.0	36.0	ii	True	('E', 'G', 'B')	E	E	0.0	minor triad	(4, 7, 11)	D	D	2	None
44.25	0.25	12	['E2', 'E5']	['P1']	[False, True]	12.0	1.0	36.0	ii	False	('E', 'G', 'B')	E	E	0.0	minor triad	(4, 7, 11)	D	D	2	None
44.5	0.25	12	['F#5']	[]	[True]	12.0	1.0	36.0	ii	False	('E', 'G', 'B')	E	E	0.0	minor triad	(4, 7, 11)	D	D	2	None
44.75	0.25	12	['G5']	[]	[True]	12.0	1.0	36.0	ii	False	('E', 'G', 'B')	E	E	0.0	minor triad	(4, 7, 11)	D	D	2	None
45.0	0.25	12	['E3', 'B4']	['P5']	[True, True]	12.0	1.0	37.0	ii7	True	('E', 'G', 'B', 'D')	E	E	0.0	minor seventh chord	(2, 4, 7, 11)	D	D	2	None
45.25	0.25	12	['E3', 'D5']	['m7']	[False, True]	12.0	1.0	37.0	ii7	False	('E', 'G', 'B', 'D')	E	E	0.0	minor seventh chord	(2, 4, 7, 11)	D	D	2	None
45.5	0.25	12	['C#5']	[]	[True]	12.0	1.0	37.0	ii7	False	('E', 'G', 'B', 'D')	E	E	0.0	minor seventh chord	(2, 4, 7, 11)	D	D	2	None
45.75	0.25	12	['B4']	[]	[True]	12.0	1.0	37.0	ii7	False	('E', 'G', 'B', 'D')	E	E	0.0	minor seventh chord	(2, 4, 7, 11)	D	D	2	None
46.0	0.25	12	['A2', 'C#5']	['M3']	[True, True]	12.0	1.0	38.0	V	True	('A', 'C#', 'E')	A	A	0.0	major triad	(1, 4, 9)	D	D	5	None
46.25	0.25	12	['A2', 'E5']	['P5']	[False, True]	12.0	1.0	38.0	V	False	('A', 'C#', 'E')	A	A	0.0	major triad	(1, 4, 9)	D	D	5	None
46.5	0.25	12	['F#5']	[]	[True]	12.0	1.0	38.0	V	False	('A', 'C#', 'E')	A	A	0.0	major triad	(1, 4, 9)	D	D	5	None
46.75	0.25	12	['G5']	[]	[True]	12.0	1.0	38.0	V	False	('A', 'C#', 'E')	A	A	0.0	major triad	(1, 4, 9)	D	D	5	None
47.0	0.25	12	['C#3', 'A4']	['m6']	[True, True]	12.0	1.0	39.0	V7	True	('A', 'C#', 'E', 'G')	A	A	0.0	dominant seventh chord	(1, 4, 7, 9)	D	D	5	None
47.25	0.25	12	['C#3', 'G5']	['d5']	[False, True]	12.0	1.0	39.0	V7	False	('A', 'C#', 'E', 'G')	A	A	0.0	dominant seventh chord	(1, 4, 7, 9)	D	D	5	None
47.5	0.25	12	['F#5']	[]	[True]	12.0	1.0	39.0	V7	False	('A', 'C#', 'E', 'G')	A	A	0.0	dominant seventh chord	(1, 4, 7, 9)	D	D	5	None
47.75	0.25	12	['E5']	[]	[True]	12.0	1.0	39.0	V7	False	('A', 'C#', 'E', 'G')	A	A	0.0	dominant seventh chord	(1, 4, 7, 9)	D	D	5	None
48.0	0.25	13	['D2', 'F#5']	['M3']	[True, True]	13.0	1.0	40.0	I	True	('D', 'F#', 'A')	D	D	0.0	major triad	(2, 6, 9)	D	D	1	None
48.25	0.25	13	['D2', 'D5']	['P1']	[False, True]	13.0	1.0	40.0	I	False	('D', 'F#', 'A')	D	D	0.0	major triad	(2, 6, 9)	D	D	1	None
48.5	0.25	13	['E5']	[]	[True]	13.0	1.0	40.0	I	False	('D', 'F#', 'A')	D	D	0.0	major triad	(2, 6, 9)	D	D	1	None
48.75	0.25	13	['F#5']	[]	[True]	13.0	1.0	40.0	I	False	('D', 'F#', 'A')	D	D	0.0	major triad	(2, 6, 9)	D	D	1	None
49.0	0.25	13	['D3', 'A4']	['P5']	[True, True]	13.0	1.0	41.0	V7	True	('D', 'F#', 'A', 'C')	D	D	0.0	dominant seventh chord	(0, 2, 6, 9)	G	G	5	None
49.25	0.25	13	['D3', 'C5']	['m7']	[False, True]	13.0	1.0	41.0	V7	False	('D', 'F#', 'A', 'C')	D	D	0.0	dominant seventh chord	(0, 2, 6, 9)	G	G	5	None
49.5	0.25	13	['B4']	[]	[True]	13.0	1.0	41.0	V7	False	('D', 'F#', 'A', 'C')	D	D	0.0	dominant seventh chord	(0, 2, 6, 9)	G	G	5	None
49.75	0.25	13	['A4']	[]	[True]	13.0	1.0	41.0	V7	False	('D', 'F#', 'A', 'C')	D	D	0.0	dominant seventh chord	(0, 2, 6, 9)	G	G	5	None
50.0	0.25	13	['D2', 'B4']	['M6']	[True, True]	13.0	1.0	42.0	I	True	('D', 'G', 'B')	D	G	2.0	major triad	(2, 7, 11)	G	G	1	None
50.25	0.25	13	['D2', 'G4']	['P4']	[False, True]	13.0	1.0	42.0	I	False	('D', 'G', 'B')	D	G	2.0	major triad	(2, 7, 11)	G	G	1	None
50.5	0.25	13	['A4']	[]	[True]	13.0	1.0	42.0	I	False	('D', 'G', 'B')	D	G	2.0	major triad	(2, 7, 11)	G	G	1	None
50.75	0.25	13	['B4']	[]	[True]	13.0	1.0	42.0	I	False	('D', 'G', 'B')	D	G	2.0	major triad	(2, 7, 11)	G	G	1	None
51.0	0.25	13	['D3', 'C#4']	['M7']	[True, True]	13.0	1.0	43.0	viiø7/V	True	('C#', 'E', 'G', 'B')	C#	C#	0.0	half-diminished seventh chord	(1, 4, 7, 11)	G	D	7	5
51.25	0.25	13	['D3', 'B4']	['M6']	[False, True]	13.0	1.0	43.0	viiø7/V	False	('C#', 'E', 'G', 'B')	C#	C#	0.0	half-diminished seventh chord	(1, 4, 7, 11)	G	D	7	5
51.5	0.25	13	['A4']	[]	[True]	13.0	1.0	43.0	viiø7/V	False	('C#', 'E', 'G', 'B')	C#	C#	0.0	half-diminished seventh chord	(1, 4, 7, 11)	G	D	7	5
51.75	0.25	13	['G4']	[]	[True]	13.0	1.0	43.0	viiø7/V	False	('C#', 'E', 'G', 'B')	C#	C#	0.0	half-diminished seventh chord	(1, 4, 7, 11)	G	D	7	5
52.0	0.25	14	['D2', 'F#4']	['M3']	[True, True]	14.0	1.0	44.0	V	True	('D', 'F#', 'A')	D	D	0.0	major triad	(2, 6, 9)	G	G	5	None
52.25	0.25	14	['D2', 'D4']	['P1']	[False, True]	14.0	1.0	44.0	V	False	('D', 'F#', 'A')	D	D	0.0	major triad	(2, 6, 9)	G	G	5	None
52.5	0.25	14	['E4']	[]	[True]	14.0	1.0	44.0	V	False	('D', 'F#', 'A')	D	D	0.0	major triad	(2, 6, 9)	G	G	5	None
52.75	0.25	14	['F#4']	[]	[True]	14.0	1.0	44.0	V	False	('D', 'F#', 'A')	D	D	0.0	major triad	(2, 6, 9)	G	G	5	None
53.0	0.25	14	['D3', 'A3']	['P5']	[True, True]	14.0	1.0	45.0	V7	True	('D', 'F#', 'A', 'C')	D	D	0.0	dominant seventh chord	(0, 2, 6, 9)	G	G	5	None
53.25	0.25	14	['D3', 'C4']	['m7']	[False, True]	14.0	1.0	45.0	V7	False	('D', 'F#', 'A', 'C')	D	D	0.0	dominant seventh chord	(0, 2, 6, 9)	G	G	5	None
53.5	0.25	14	['B3']	[]	[True]	14.0	1.0	45.0	V7	False	('D', 'F#', 'A', 'C')	D	D	0.0	dominant seventh chord	(0, 2, 6, 9)	G	G	5	None
53.75	0.25	14	['A3']	[]	[True]	14.0	1.0	45.0	V7	False	('D', 'F#', 'A', 'C')	D	D	0.0	dominant seventh chord	(0, 2, 6, 9)	G	G	5	None
54.0	0.25	14	['D2', 'B3']	['M6']	[True, True]	14.0	1.0	46.0	ii	True	('D', 'F#', 'B')	D	B	1.0	minor triad	(2, 6, 11)	A	A	2	None
54.25	0.25	14	['D2', 'D4']	['P1']	[False, True]	14.0	1.0	46.0	ii	False	('D', 'F#', 'B')	D	B	1.0	minor triad	(2, 6, 11)	A	A	2	None
54.5	0.25	14	['E4']	[]	[True]	14.0	1.0	46.0	ii	False	('D', 'F#', 'B')	D	B	1.0	minor triad	(2, 6, 11)	A	A	2	None
54.75	0.25	14	['F#4']	[]	[True]	14.0	1.0	46.0	ii	False	('D', 'F#', 'B')	D	B	1.0	minor triad	(2, 6, 11)	A	A	2	None
55.0	0.25	14	['D3', 'B3']	['M6']	[True, True]	14.0	1.0	47.0	ii7	True	('D', 'F#', 'A', 'B')	D	B	1.0	minor seventh chord	(2, 6, 9, 11)	A	A	2	None
55.25	0.25	14	['D3', 'A4']	['P5']	[False, True]	14.0	1.0	47.0	ii7	False	('D', 'F#', 'A', 'B')	D	B	1.0	minor seventh chord	(2, 6, 9, 11)	A	A	2	None
55.5	0.25	14	['G#4']	[]	[True]	14.0	1.0	47.0	ii7	False	('D', 'F#', 'A', 'B')	D	B	1.0	minor seventh chord	(2, 6, 9, 11)	A	A	2	None
55.75	0.25	14	['F#4']	[]	[True]	14.0	1.0	47.0	ii7	False	('D', 'F#', 'A', 'B')	D	B	1.0	minor seventh chord	(2, 6, 9, 11)	A	A	2	None
56.0	0.25	15	['D2', 'G#4']	['A4']	[True, True]	15.0	2.0	48.0	V7	True	('D', 'E', 'G#', 'B')	D	E	3.0	dominant seventh chord	(2, 4, 8, 11)	A	A	5	None
56.25	0.25	15	['D2', 'E4']	['M2']	[False, True]	15.0	2.0	48.0	V7	False	('D', 'E', 'G#', 'B')	D	E	3.0	dominant seventh chord	(2, 4, 8, 11)	A	A	5	None
56.5	0.25	15	['F#4']	[]	[True]	15.0	2.0	48.0	V7	False	('D', 'E', 'G#', 'B')	D	E	3.0	dominant seventh chord	(2, 4, 8, 11)	A	A	5	None
56.75	0.25	15	['G#4']	[]	[True]	15.0	2.0	48.0	V7	False	('D', 'E', 'G#', 'B')	D	E	3.0	dominant seventh chord	(2, 4, 8, 11)	A	A	5	None
57.0	0.25	15	['G#3', 'B3']	['m3']	[True, True]	15.0	2.0	48.0	V7	False	('D', 'E', 'G#', 'B')	D	E	3.0	dominant seventh chord	(2, 4, 8, 11)	A	A	5	None
57.25	0.25	15	['G#3', 'D4']	['d5']	[False, True]	15.0	2.0	48.0	V7	False	('D', 'E', 'G#', 'B')	D	E	3.0	dominant seventh chord	(2, 4, 8, 11)	A	A	5	None
57.5	0.25	15	['C4']	[]	[True]	15.0	2.0	48.0	V7	False	('D', 'E', 'G#', 'B')	D	E	3.0	dominant seventh chord	(2, 4, 8, 11)	A	A	5	None
57.75	0.25	15	['B3']	[]	[True]	15.0	2.0	48.0	V7	False	('D', 'E', 'G#', 'B')	D	E	3.0	dominant seventh chord	(2, 4, 8, 11)	A	A	5	None
58.0	0.25	15	['C3', 'A3']	['M6']	[True, True]	15.0	1.0	49.0	i	True	('C', 'E', 'A')	C	A	1.0	minor triad	(0, 4, 9)	A	A	1	None
58.25	0.25	15	['C3', 'C4']	['P1']	[False, True]	15.0	1.0	49.0	i	False	('C', 'E', 'A')	C	A	1.0	minor triad	(0, 4, 9)	A	A	1	None
58.5	0.25	15	['D4']	[]	[True]	15.0	1.0	49.0	i	False	('C', 'E', 'A')	C	A	1.0	minor triad	(0, 4, 9)	A	A	1	None
58.75	0.25	15	['E4']	[]	[True]	15.0	1.0	49.0	i	False	('C', 'E', 'A')	C	A	1.0	minor triad	(0, 4, 9)	A	A	1	None
59.0	0.25	15	['F#3', 'A3']	['m3']	[True, True]	15.0	1.0	50.0	iiøb9	True	('F#', 'A', 'C', 'E', 'G-')	F#	F#	0.0	half-diminished seventh chord	(0, 4, 6, 9)	e	e	2	None
59.25	0.25	15	['F#3', 'G4']	['m2']	[False, True]	15.0	1.0	50.0	iiøb9	False	('F#', 'A', 'C', 'E', 'G-')	F#	F#	0.0	half-diminished seventh chord	(0, 4, 6, 9)	e	e	2	None
59.5	0.25	15	['F#4']	[]	[True]	15.0	1.0	50.0	iiøb9	False	('F#', 'A', 'C', 'E', 'G-')	F#	F#	0.0	half-diminished seventh chord	(0, 4, 6, 9)	e	e	2	None
59.75	0.25	15	['E4']	[]	[True]	15.0	1.0	50.0	iiøb9	False	('F#', 'A', 'C', 'E', 'G-')	F#	F#	0.0	half-diminished seventh chord	(0, 4, 6, 9)	e	e	2	None
60.0	0.25	16	['B2', 'D#4']	['M3']	[True, True]	16.0	2.0	51.0	V9	True	('B', 'D#', 'F#', 'A', 'C')	B	B	0.0	flat-ninth pentachord	(0, 3, 6, 9, 11)	e	e	5	None
60.25	0.25	16	['B2', 'A3']	['m7']	[False, True]	16.0	2.0	51.0	V9	False	('B', 'D#', 'F#', 'A', 'C')	B	B	0.0	flat-ninth pentachord	(0, 3, 6, 9, 11)	e	e	5	None
60.5	0.25	16	['B3']	[]	[True]	16.0	2.0	51.0	V9	False	('B', 'D#', 'F#', 'A', 'C')	B	B	0.0	flat-ninth pentachord	(0, 3, 6, 9, 11)	e	e	5	None
60.75	0.25	16	['C4']	[]	[True]	16.0	2.0	51.0	V9	False	('B', 'D#', 'F#', 'A', 'C')	B	B	0.0	flat-ninth pentachord	(0, 3, 6, 9, 11)	e	e	5	None
61.0	0.25	16	['D#3', 'F#3']	['m3']	[True, True]	16.0	2.0	51.0	V9	False	('B', 'D#', 'F#', 'A', 'C')	B	B	0.0	flat-ninth pentachord	(0, 3, 6, 9, 11)	e	e	5	None
61.25	0.25	16	['D#3', 'C4']	['d7']	[False, True]	16.0	2.0	51.0	V9	False	('B', 'D#', 'F#', 'A', 'C')	B	B	0.0	flat-ninth pentachord	(0, 3, 6, 9, 11)	e	e	5	None
61.5	0.25	16	['B3']	[]	[True]	16.0	2.0	51.0	V9	False	('B', 'D#', 'F#', 'A', 'C')	B	B	0.0	flat-ninth pentachord	(0, 3, 6, 9, 11)	e	e	5	None
61.75	0.25	16	['A3']	[]	[True]	16.0	2.0	51.0	V9	False	('B', 'D#', 'F#', 'A', 'C')	B	B	0.0	flat-ninth pentachord	(0, 3, 6, 9, 11)	e	e	5	None
62.0	0.25	16	['E3', 'G3']	['m3']	[True, True]	16.0	1.0	52.0	i	True	('E', 'G', 'B')	E	E	0.0	minor triad	(4, 7, 11)	e	e	1	None
62.25	0.25	16	['E3', 'E4']	['P1']	[False, True]	16.0	1.0	52.0	i	False	('E', 'G', 'B')	E	E	0.0	minor triad	(4, 7, 11)	e	e	1	None
62.5	0.25	16	['F#4']	[]	[True]	16.0	1.0	52.0	i	False	('E', 'G', 'B')	E	E	0.0	minor triad	(4, 7, 11)	e	e	1	None
62.75	0.25	16	['G4']	[]	[True]	16.0	1.0	52.0	i	False	('E', 'G', 'B')	E	E	0.0	minor triad	(4, 7, 11)	e	e	1	None
63.0	0.25	16	['G3', 'B3']	['M3']	[True, True]	16.0	1.0	53.0	VI	True	('G', 'B', 'D')	G	G	0.0	major triad	(2, 7, 11)	b	b	6	None
63.25	0.25	16	['G3', 'D4']	['P5']	[False, True]	16.0	1.0	53.0	VI	False	('G', 'B', 'D')	G	G	0.0	major triad	(2, 7, 11)	b	b	6	None
63.5	0.25	16	['C#4']	[]	[True]	16.0	1.0	53.0	VI	False	('G', 'B', 'D')	G	G	0.0	major triad	(2, 7, 11)	b	b	6	None
63.75	0.25	16	['B3']	[]	[True]	16.0	1.0	53.0	VI	False	('G', 'B', 'D')	G	G	0.0	major triad	(2, 7, 11)	b	b	6	None
64.0	0.25	17	['B2', 'A#3']	['M7']	[True, True]	17.0	3.0	54.0	viio7	True	('E', 'G', 'A#', 'C#')	E	A#	2.0	diminished seventh chord	(1, 4, 7, 10)	b	b	#7	None
64.25	0.25	17	['B2', 'C#4']	['M2']	[False, True]	17.0	3.0	54.0	viio7	False	('E', 'G', 'A#', 'C#')	E	A#	2.0	diminished seventh chord	(1, 4, 7, 10)	b	b	#7	None
64.5	0.25	17	['D4']	[]	[True]	17.0	3.0	54.0	viio7	False	('E', 'G', 'A#', 'C#')	E	A#	2.0	diminished seventh chord	(1, 4, 7, 10)	b	b	#7	None
64.75	0.25	17	['E4']	[]	[True]	17.0	3.0	54.0	viio7	False	('E', 'G', 'A#', 'C#')	E	A#	2.0	diminished seventh chord	(1, 4, 7, 10)	b	b	#7	None
65.0	0.25	17	['E3', 'A#3']	['A4']	[True, True]	17.0	3.0	54.0	viio7	False	('E', 'G', 'A#', 'C#')	E	A#	2.0	diminished seventh chord	(1, 4, 7, 10)	b	b	#7	None
65.25	0.25	17	['E3', 'G4']	['m3']	[False, True]	17.0	3.0	54.0	viio7	False	('E', 'G', 'A#', 'C#')	E	A#	2.0	diminished seventh chord	(1, 4, 7, 10)	b	b	#7	None
65.5	0.25	17	['F#4']	[]	[True]	17.0	3.0	54.0	viio7	False	('E', 'G', 'A#', 'C#')	E	A#	2.0	diminished seventh chord	(1, 4, 7, 10)	b	b	#7	None
65.75	0.25	17	['E4']	[]	[True]	17.0	3.0	54.0	viio7	False	('E', 'G', 'A#', 'C#')	E	A#	2.0	diminished seventh chord	(1, 4, 7, 10)	b	b	#7	None
66.0	0.25	17	['G3', 'C#5']	['A4']	[True, True]	17.0	3.0	54.0	viio7	False	('E', 'G', 'A#', 'C#')	E	A#	2.0	diminished seventh chord	(1, 4, 7, 10)	b	b	#7	None
66.25	0.25	17	['G3', 'A#4']	['A2']	[False, True]	17.0	3.0	54.0	viio7	False	('E', 'G', 'A#', 'C#')	E	A#	2.0	diminished seventh chord	(1, 4, 7, 10)	b	b	#7	None
66.5	0.25	17	['B4']	[]	[True]	17.0	3.0	54.0	viio7	False	('E', 'G', 'A#', 'C#')	E	A#	2.0	diminished seventh chord	(1, 4, 7, 10)	b	b	#7	None
66.75	0.25	17	['C#5']	[]	[True]	17.0	3.0	54.0	viio7	False	('E', 'G', 'A#', 'C#')	E	A#	2.0	diminished seventh chord	(1, 4, 7, 10)	b	b	#7	None
67.0	0.25	17	['A#3', 'F#4']	['m6']	[True, True]	17.0	1.0	55.0	V7	True	('A#', 'C#', 'E', 'F#')	A#	F#	1.0	dominant seventh chord	(1, 4, 6, 10)	b	b	5	None
67.25	0.25	17	['A#3', 'E5']	['d5']	[False, True]	17.0	1.0	55.0	V7	False	('A#', 'C#', 'E', 'F#')	A#	F#	1.0	dominant seventh chord	(1, 4, 6, 10)	b	b	5	None
67.5	0.25	17	['D5']	[]	[True]	17.0	1.0	55.0	V7	False	('A#', 'C#', 'E', 'F#')	A#	F#	1.0	dominant seventh chord	(1, 4, 6, 10)	b	b	5	None
67.75	0.25	17	['C#5']	[]	[True]	17.0	1.0	55.0	V7	False	('A#', 'C#', 'E', 'F#')	A#	F#	1.0	dominant seventh chord	(1, 4, 6, 10)	b	b	5	None
68.0	0.25	18	['B2', 'D5']	['m3']	[True, True]	18.0	1.0	56.0	i	True	('B', 'D', 'F#')	B	B	0.0	minor triad	(2, 6, 11)	b	b	1	None
68.25	0.25	18	['B2', 'B4']	['P1']	[False, True]	18.0	1.0	56.0	i	False	('B', 'D', 'F#')	B	B	0.0	minor triad	(2, 6, 11)	b	b	1	None
68.5	0.25	18	['C#5']	[]	[True]	18.0	1.0	56.0	i	False	('B', 'D', 'F#')	B	B	0.0	minor triad	(2, 6, 11)	b	b	1	None
68.75	0.25	18	['D5']	[]	[True]	18.0	1.0	56.0	i	False	('B', 'D', 'F#')	B	B	0.0	minor triad	(2, 6, 11)	b	b	1	None
69.0	0.25	18	['B3', 'F#4']	['P5']	[True, True]	18.0	1.0	57.0	ii7	True	('B', 'D', 'F#', 'A')	B	B	0.0	minor seventh chord	(2, 6, 9, 11)	a	a	2	None
69.25	0.25	18	['B3', 'A4']	['m7']	[False, True]	18.0	1.0	57.0	ii7	False	('B', 'D', 'F#', 'A')	B	B	0.0	minor seventh chord	(2, 6, 9, 11)	a	a	2	None
69.5	0.25	18	['G#4']	[]	[True]	18.0	1.0	57.0	ii7	False	('B', 'D', 'F#', 'A')	B	B	0.0	minor seventh chord	(2, 6, 9, 11)	a	a	2	None
69.75	0.25	18	['F#4']	[]	[True]	18.0	1.0	57.0	ii7	False	('B', 'D', 'F#', 'A')	B	B	0.0	minor seventh chord	(2, 6, 9, 11)	a	a	2	None
70.0	0.25	18	['E3', 'G#4']	['M3']	[True, True]	18.0	1.0	58.0	V	True	('E', 'G#', 'B')	E	E	0.0	major triad	(4, 8, 11)	a	a	5	None
70.25	0.25	18	['E3', 'B4']	['P5']	[False, True]	18.0	1.0	58.0	V	False	('E', 'G#', 'B')	E	E	0.0	major triad	(4, 8, 11)	a	a	5	None
70.5	0.25	18	['C5']	[]	[True]	18.0	1.0	58.0	V	False	('E', 'G#', 'B')	E	E	0.0	major triad	(4, 8, 11)	a	a	5	None
70.75	0.25	18	['D5']	[]	[True]	18.0	1.0	58.0	V	False	('E', 'G#', 'B')	E	E	0.0	major triad	(4, 8, 11)	a	a	5	None
71.0	0.25	18	['G#3', 'E4']	['m6']	[True, True]	18.0	1.0	59.0	V7	True	('E', 'G#', 'B', 'D')	E	E	0.0	dominant seventh chord	(2, 4, 8, 11)	a	a	5	None
71.25	0.25	18	['G#3', 'D5']	['d5']	[False, True]	18.0	1.0	59.0	V7	False	('E', 'G#', 'B', 'D')	E	E	0.0	dominant seventh chord	(2, 4, 8, 11)	a	a	5	None
71.5	0.25	18	['C5']	[]	[True]	18.0	1.0	59.0	V7	False	('E', 'G#', 'B', 'D')	E	E	0.0	dominant seventh chord	(2, 4, 8, 11)	a	a	5	None
71.75	0.25	18	['B4']	[]	[True]	18.0	1.0	59.0	V7	False	('E', 'G#', 'B', 'D')	E	E	0.0	dominant seventh chord	(2, 4, 8, 11)	a	a	5	None
72.0	0.25	19	['A2', 'C5']	['m3']	[True, True]	19.0	1.0	60.0	i	True	('A', 'C', 'E')	A	A	0.0	minor triad	(0, 4, 9)	a	a	1	None
72.25	0.25	19	['A2', 'A4']	['P1']	[False, True]	19.0	1.0	60.0	i	False	('A', 'C', 'E')	A	A	0.0	minor triad	(0, 4, 9)	a	a	1	None
72.5	0.25	19	['B4']	[]	[True]	19.0	1.0	60.0	i	False	('A', 'C', 'E')	A	A	0.0	minor triad	(0, 4, 9)	a	a	1	None
72.75	0.25	19	['C5']	[]	[True]	19.0	1.0	60.0	i	False	('A', 'C', 'E')	A	A	0.0	minor triad	(0, 4, 9)	a	a	1	None
73.0	0.25	19	['A3', 'E4']	['P5']	[True, True]	19.0	1.0	61.0	ii7	True	('A', 'C', 'E', 'G')	A	A	0.0	minor seventh chord	(0, 4, 7, 9)	G	G	2	None
73.25	0.25	19	['A3', 'G4']	['m7']	[False, True]	19.0	1.0	61.0	ii7	False	('A', 'C', 'E', 'G')	A	A	0.0	minor seventh chord	(0, 4, 7, 9)	G	G	2	None
73.5	0.25	19	['F#4']	[]	[True]	19.0	1.0	61.0	ii7	False	('A', 'C', 'E', 'G')	A	A	0.0	minor seventh chord	(0, 4, 7, 9)	G	G	2	None
73.75	0.25	19	['E4']	[]	[True]	19.0	1.0	61.0	ii7	False	('A', 'C', 'E', 'G')	A	A	0.0	minor seventh chord	(0, 4, 7, 9)	G	G	2	None
74.0	0.25	19	['D3', 'F#4']	['M3']	[True, True]	19.0	1.0	62.0	V	True	('D', 'F#', 'A')	D	D	0.0	major triad	(2, 6, 9)	G	G	5	None
74.25	0.25	19	['D3', 'A4']	['P5']	[False, True]	19.0	1.0	62.0	V	False	('D', 'F#', 'A')	D	D	0.0	major triad	(2, 6, 9)	G	G	5	None
74.5	0.25	19	['B4']	[]	[True]	19.0	1.0	62.0	V	False	('D', 'F#', 'A')	D	D	0.0	major triad	(2, 6, 9)	G	G	5	None
74.75	0.25	19	['C5']	[]	[True]	19.0	1.0	62.0	V	False	('D', 'F#', 'A')	D	D	0.0	major triad	(2, 6, 9)	G	G	5	None
75.0	0.25	19	['F#3', 'D4']	['m6']	[True, True]	19.0	1.0	63.0	V7	True	('D', 'F#', 'A', 'C')	D	D	0.0	dominant seventh chord	(0, 2, 6, 9)	G	G	5	None
75.25	0.25	19	['F#3', 'C5']	['d5']	[False, True]	19.0	1.0	63.0	V7	False	('D', 'F#', 'A', 'C')	D	D	0.0	dominant seventh chord	(0, 2, 6, 9)	G	G	5	None
75.5	0.25	19	['B4']	[]	[True]	19.0	1.0	63.0	V7	False	('D', 'F#', 'A', 'C')	D	D	0.0	dominant seventh chord	(0, 2, 6, 9)	G	G	5	None
75.75	0.25	19	['A4']	[]	[True]	19.0	1.0	63.0	V7	False	('D', 'F#', 'A', 'C')	D	D	0.0	dominant seventh chord	(0, 2, 6, 9)	G	G	5	None
76.0	0.25	20	['G2', 'B4']	['M3']	[True, True]	20.0	2.0	64.0	I	True	('G', 'B', 'D')	G	G	0.0	major triad	(2, 7, 11)	G	G	1	None
76.25	0.25	20	['G2', 'G4']	['P1']	[False, True]	20.0	2.0	64.0	I	False	('G', 'B', 'D')	G	G	0.0	major triad	(2, 7, 11)	G	G	1	None
76.5	0.25	20	['A4']	[]	[True]	20.0	2.0	64.0	I	False	('G', 'B', 'D')	G	G	0.0	major triad	(2, 7, 11)	G	G	1	None
76.75	0.25	20	['B4']	[]	[True]	20.0	2.0	64.0	I	False	('G', 'B', 'D')	G	G	0.0	major triad	(2, 7, 11)	G	G	1	None
77.0	0.25	20	['G3', 'D4']	['P5']	[True, True]	20.0	2.0	64.0	I	False	('G', 'B', 'D')	G	G	0.0	major triad	(2, 7, 11)	G	G	1	None
77.25	0.25	20	['G3', 'B4']	['M3']	[False, True]	20.0	2.0	64.0	I	False	('G', 'B', 'D')	G	G	0.0	major triad	(2, 7, 11)	G	G	1	None
77.5	0.25	20	['A4']	[]	[True]	20.0	2.0	64.0	I	False	('G', 'B', 'D')	G	G	0.0	major triad	(2, 7, 11)	G	G	1	None
77.75	0.25	20	['G4']	[]	[True]	20.0	2.0	64.0	I	False	('G', 'B', 'D')	G	G	0.0	major triad	(2, 7, 11)	G	G	1	None
78.0	0.25	20	['B2', 'D5']	['m3']	[True, True]	20.0	1.0	65.0	I	True	('B', 'D', 'G')	B	G	1.0	major triad	(2, 7, 11)	G	G	1	None
78.25	0.25	20	['B2', 'G4']	['m6']	[False, True]	20.0	1.0	65.0	I	False	('B', 'D', 'G')	B	G	1.0	major triad	(2, 7, 11)	G	G	1	None
78.5	0.25	20	['A4']	[]	[True]	20.0	1.0	65.0	I	False	('B', 'D', 'G')	B	G	1.0	major triad	(2, 7, 11)	G	G	1	None
78.75	0.25	20	['B4']	[]	[True]	20.0	1.0	65.0	I	False	('B', 'D', 'G')	B	G	1.0	major triad	(2, 7, 11)	G	G	1	None
79.0	0.25	20	['E3', 'D4']	['m7']	[True, True]	20.0	1.0	66.0	vi7	True	('E', 'G', 'B', 'D')	E	E	0.0	minor seventh chord	(2, 4, 7, 11)	G	G	6	None
79.25	0.25	20	['E3', 'B4']	['P5']	[False, True]	20.0	1.0	66.0	vi7	False	('E', 'G', 'B', 'D')	E	E	0.0	minor seventh chord	(2, 4, 7, 11)	G	G	6	None
79.5	0.25	20	['A4']	[]	[True]	20.0	1.0	66.0	vi7	False	('E', 'G', 'B', 'D')	E	E	0.0	minor seventh chord	(2, 4, 7, 11)	G	G	6	None
79.75	0.25	20	['G4']	[]	[True]	20.0	1.0	66.0	vi7	False	('E', 'G', 'B', 'D')	E	E	0.0	minor seventh chord	(2, 4, 7, 11)	G	G	6	None
80.0	0.25	21	['A2', 'C5']	['m3']	[True, True]	21.0	1.0	67.0	ii	True	('A', 'C', 'E')	A	A	0.0	minor triad	(0, 4, 9)	G	G	2	None
80.25	0.25	21	['A2', 'A4']	['P1']	[False, True]	21.0	1.0	67.0	ii	False	('A', 'C', 'E')	A	A	0.0	minor triad	(0, 4, 9)	G	G	2	None
80.5	0.25	21	['B4']	[]	[True]	21.0	1.0	67.0	ii	False	('A', 'C', 'E')	A	A	0.0	minor triad	(0, 4, 9)	G	G	2	None
80.75	0.25	21	['C5']	[]	[True]	21.0	1.0	67.0	ii	False	('A', 'C', 'E')	A	A	0.0	minor triad	(0, 4, 9)	G	G	2	None
81.0	0.25	21	['G3', 'E4']	['M6']	[True, True]	21.0	1.0	68.0	ii7	True	('A', 'C', 'E', 'G')	A	A	0.0	minor seventh chord	(0, 4, 7, 9)	G	G	2	None
81.25	0.25	21	['G3', 'G4']	['P1']	[False, True]	21.0	1.0	68.0	ii7	False	('A', 'C', 'E', 'G')	A	A	0.0	minor seventh chord	(0, 4, 7, 9)	G	G	2	None
81.5	0.25	21	['F#4']	[]	[True]	21.0	1.0	68.0	ii7	False	('A', 'C', 'E', 'G')	A	A	0.0	minor seventh chord	(0, 4, 7, 9)	G	G	2	None
81.75	0.25	21	['E4']	[]	[True]	21.0	1.0	68.0	ii7	False	('A', 'C', 'E', 'G')	A	A	0.0	minor seventh chord	(0, 4, 7, 9)	G	G	2	None
82.0	0.25	21	['D3', 'F#4']	['M3']	[True, True]	21.0	1.0	69.0	V	True	('D', 'F#', 'A')	D	D	0.0	major triad	(2, 6, 9)	G	G	5	None
82.25	0.25	21	['D3', 'A4']	['P5']	[False, True]	21.0	1.0	69.0	V	False	('D', 'F#', 'A')	D	D	0.0	major triad	(2, 6, 9)	G	G	5	None
82.5	0.25	21	['B4']	[]	[True]	21.0	1.0	69.0	V	False	('D', 'F#', 'A')	D	D	0.0	major triad	(2, 6, 9)	G	G	5	None
82.75	0.25	21	['C5']	[]	[True]	21.0	1.0	69.0	V	False	('D', 'F#', 'A')	D	D	0.0	major triad	(2, 6, 9)	G	G	5	None
83.0	0.25	21	['F#3', 'D4']	['m6']	[True, True]	21.0	1.0	70.0	V7	True	('D', 'F#', 'A', 'C')	D	D	0.0	dominant seventh chord	(0, 2, 6, 9)	G	G	5	None
83.25	0.25	21	['F#3', 'C5']	['d5']	[False, True]	21.0	1.0	70.0	V7	False	('D', 'F#', 'A', 'C')	D	D	0.0	dominant seventh chord	(0, 2, 6, 9)	G	G	5	None
83.5	0.25	21	['B4']	[]	[True]	21.0	1.0	70.0	V7	False	('D', 'F#', 'A', 'C')	D	D	0.0	dominant seventh chord	(0, 2, 6, 9)	G	G	5	None
83.75	0.25	21	['A4']	[]	[True]	21.0	1.0	70.0	V7	False	('D', 'F#', 'A', 'C')	D	D	0.0	dominant seventh chord	(0, 2, 6, 9)	G	G	5	None
84.0	0.25	22	['G2', 'B4']	['M3']	[True, True]	22.0	1.0	71.0	I	True	('G', 'B', 'D')	G	G	0.0	major triad	(2, 7, 11)	G	G	1	None
84.25	0.25	22	['G2', 'G4']	['P1']	[False, True]	22.0	1.0	71.0	I	False	('G', 'B', 'D')	G	G	0.0	major triad	(2, 7, 11)	G	G	1	None
84.5	0.25	22	['A4']	[]	[True]	22.0	1.0	71.0	I	False	('G', 'B', 'D')	G	G	0.0	major triad	(2, 7, 11)	G	G	1	None
84.75	0.25	22	['B4']	[]	[True]	22.0	1.0	71.0	I	False	('G', 'B', 'D')	G	G	0.0	major triad	(2, 7, 11)	G	G	1	None
85.0	0.25	22	['G3', 'D4']	['P5']	[True, True]	22.0	1.0	72.0	I7	True	('G', 'B', 'D', 'F#')	G	G	0.0	major seventh chord	(2, 6, 7, 11)	G	G	1	None
85.25	0.25	22	['G3', 'F#4']	['M7']	[False, True]	22.0	1.0	72.0	I7	False	('G', 'B', 'D', 'F#')	G	G	0.0	major seventh chord	(2, 6, 7, 11)	G	G	1	None
85.5	0.25	22	['E4']	[]	[True]	22.0	1.0	72.0	I7	False	('G', 'B', 'D', 'F#')	G	G	0.0	major seventh chord	(2, 6, 7, 11)	G	G	1	None
85.75	0.25	22	['D4']	[]	[True]	22.0	1.0	72.0	I7	False	('G', 'B', 'D', 'F#')	G	G	0.0	major seventh chord	(2, 6, 7, 11)	G	G	1	None
86.0	0.25	22	['G2', 'E4']	['M6']	[True, True]	22.0	1.0	73.0	vi	True	('G', 'B', 'E')	G	E	1.0	minor triad	(4, 7, 11)	G	G	6	None
86.25	0.25	22	['G2', 'G4']	['P1']	[False, True]	22.0	1.0	73.0	vi	False	('G', 'B', 'E')	G	E	1.0	minor triad	(4, 7, 11)	G	G	6	None
86.5	0.25	22	['A4']	[]	[True]	22.0	1.0	73.0	vi	False	('G', 'B', 'E')	G	E	1.0	minor triad	(4, 7, 11)	G	G	6	None
86.75	0.25	22	['B4']	[]	[True]	22.0	1.0	73.0	vi	False	('G', 'B', 'E')	G	E	1.0	minor triad	(4, 7, 11)	G	G	6	None
87.0	0.25	22	['G3', 'E4']	['M6']	[True, True]	22.0	1.0	74.0	vi7	True	('G', 'B', 'D', 'E')	G	E	1.0	minor seventh chord	(2, 4, 7, 11)	G	G	6	None
87.25	0.25	22	['G3', 'D5']	['P5']	[False, True]	22.0	1.0	74.0	vi7	False	('G', 'B', 'D', 'E')	G	E	1.0	minor seventh chord	(2, 4, 7, 11)	G	G	6	None
87.5	0.25	22	['C#5']	[]	[True]	22.0	1.0	74.0	vi7	False	('G', 'B', 'D', 'E')	G	E	1.0	minor seventh chord	(2, 4, 7, 11)	G	G	6	None
87.75	0.25	22	['B4']	[]	[True]	22.0	1.0	74.0	vi7	False	('G', 'B', 'D', 'E')	G	E	1.0	minor seventh chord	(2, 4, 7, 11)	G	G	6	None
88.0	0.25	23	['G2', 'C#5']	['A4']	[True, True]	23.0	2.0	75.0	V7	True	('G', 'A', 'C#', 'E')	G	A	3.0	dominant seventh chord	(1, 4, 7, 9)	D	D	5	None
88.25	0.25	23	['G2', 'A4']	['M2']	[False, True]	23.0	2.0	75.0	V7	False	('G', 'A', 'C#', 'E')	G	A	3.0	dominant seventh chord	(1, 4, 7, 9)	D	D	5	None
88.5	0.25	23	['B4']	[]	[True]	23.0	2.0	75.0	V7	False	('G', 'A', 'C#', 'E')	G	A	3.0	dominant seventh chord	(1, 4, 7, 9)	D	D	5	None
88.75	0.25	23	['C#5']	[]	[True]	23.0	2.0	75.0	V7	False	('G', 'A', 'C#', 'E')	G	A	3.0	dominant seventh chord	(1, 4, 7, 9)	D	D	5	None
89.0	0.25	23	['C#3', 'E4']	['m3']	[True, True]	23.0	2.0	75.0	V7	False	('G', 'A', 'C#', 'E')	G	A	3.0	dominant seventh chord	(1, 4, 7, 9)	D	D	5	None
89.25	0.25	23	['C#3', 'G4']	['d5']	[False, True]	23.0	2.0	75.0	V7	False	('G', 'A', 'C#', 'E')	G	A	3.0	dominant seventh chord	(1, 4, 7, 9)	D	D	5	None
89.5	0.25	23	['F#4']	[]	[True]	23.0	2.0	75.0	V7	False	('G', 'A', 'C#', 'E')	G	A	3.0	dominant seventh chord	(1, 4, 7, 9)	D	D	5	None
89.75	0.25	23	['E4']	[]	[True]	23.0	2.0	75.0	V7	False	('G', 'A', 'C#', 'E')	G	A	3.0	dominant seventh chord	(1, 4, 7, 9)	D	D	5	None
90.0	0.25	23	['F#2', 'D4']	['m6']	[True, True]	23.0	1.0	76.0	I	True	('F#', 'A', 'D')	F#	D	1.0	major triad	(2, 6, 9)	D	D	1	None
90.25	0.25	23	['F#2', 'F#4']	['P1']	[False, True]	23.0	1.0	76.0	I	False	('F#', 'A', 'D')	F#	D	1.0	major triad	(2, 6, 9)	D	D	1	None
90.5	0.25	23	['G4']	[]	[True]	23.0	1.0	76.0	I	False	('F#', 'A', 'D')	F#	D	1.0	major triad	(2, 6, 9)	D	D	1	None
90.75	0.25	23	['A4']	[]	[True]	23.0	1.0	76.0	I	False	('F#', 'A', 'D')	F#	D	1.0	major triad	(2, 6, 9)	D	D	1	None
91.0	0.25	23	['D3', 'B3']	['M6']	[True, True]	23.0	1.0	77.0	vi7	True	('F#', 'A', 'B', 'D')	F#	B	2.0	minor seventh chord	(2, 6, 9, 11)	D	D	6	None
91.25	0.25	23	['D3', 'A4']	['P5']	[False, True]	23.0	1.0	77.0	vi7	False	('F#', 'A', 'B', 'D')	F#	B	2.0	minor seventh chord	(2, 6, 9, 11)	D	D	6	None
91.5	0.25	23	['G4']	[]	[True]	23.0	1.0	77.0	vi7	False	('F#', 'A', 'B', 'D')	F#	B	2.0	minor seventh chord	(2, 6, 9, 11)	D	D	6	None
91.75	0.25	23	['F#4']	[]	[True]	23.0	1.0	77.0	vi7	False	('F#', 'A', 'B', 'D')	F#	B	2.0	minor seventh chord	(2, 6, 9, 11)	D	D	6	None
92.0	0.25	24	['E2', 'G4']	['m3']	[True, True]	24.0	1.0	78.0	ii	True	('E', 'G', 'B')	E	E	0.0	minor triad	(4, 7, 11)	D	D	2	None
92.25	0.25	24	['E2', 'E4']	['P1']	[False, True]	24.0	1.0	78.0	ii	False	('E', 'G', 'B')	E	E	0.0	minor triad	(4, 7, 11)	D	D	2	None
92.5	0.25	24	['F#4']	[]	[True]	24.0	1.0	78.0	ii	False	('E', 'G', 'B')	E	E	0.0	minor triad	(4, 7, 11)	D	D	2	None
92.75	0.25	24	['G4']	[]	[True]	24.0	1.0	78.0	ii	False	('E', 'G', 'B')	E	E	0.0	minor triad	(4, 7, 11)	D	D	2	None
93.0	0.25	24	['D3', 'B3']	['M6']	[True, True]	24.0	1.0	79.0	ii7	True	('E', 'G', 'B', 'D')	E	E	0.0	minor seventh chord	(2, 4, 7, 11)	D	D	2	None
93.25	0.25	24	['D3', 'D4']	['P1']	[False, True]	24.0	1.0	79.0	ii7	False	('E', 'G', 'B', 'D')	E	E	0.0	minor seventh chord	(2, 4, 7, 11)	D	D	2	None
93.5	0.25	24	['C#4']	[]	[True]	24.0	1.0	79.0	ii7	False	('E', 'G', 'B', 'D')	E	E	0.0	minor seventh chord	(2, 4, 7, 11)	D	D	2	None
93.75	0.25	24	['B3']	[]	[True]	24.0	1.0	79.0	ii7	False	('E', 'G', 'B', 'D')	E	E	0.0	minor seventh chord	(2, 4, 7, 11)	D	D	2	None
94.0	0.25	24	['A2', 'C#4']	['M3']	[True, True]	24.0	1.0	80.0	V	True	('A', 'C#', 'E')	A	A	0.0	major triad	(1, 4, 9)	D	D	5	None
94.25	0.25	24	['A2', 'E4']	['P5']	[False, True]	24.0	1.0	80.0	V	False	('A', 'C#', 'E')	A	A	0.0	major triad	(1, 4, 9)	D	D	5	None
94.5	0.25	24	['F#4']	[]	[True]	24.0	1.0	80.0	V	False	('A', 'C#', 'E')	A	A	0.0	major triad	(1, 4, 9)	D	D	5	None
94.75	0.25	24	['G4']	[]	[True]	24.0	1.0	80.0	V	False	('A', 'C#', 'E')	A	A	0.0	major triad	(1, 4, 9)	D	D	5	None
95.0	0.25	24	['C#3', 'A3']	['m6']	[True, True]	24.0	1.0	81.0	V7	True	('A', 'C#', 'E', 'G')	A	A	0.0	dominant seventh chord	(1, 4, 7, 9)	D	D	5	None
95.25	0.25	24	['C#3', 'G4']	['d5']	[False, True]	24.0	1.0	81.0	V7	False	('A', 'C#', 'E', 'G')	A	A	0.0	dominant seventh chord	(1, 4, 7, 9)	D	D	5	None
95.5	0.25	24	['F#4']	[]	[True]	24.0	1.0	81.0	V7	False	('A', 'C#', 'E', 'G')	A	A	0.0	dominant seventh chord	(1, 4, 7, 9)	D	D	5	None
95.75	0.25	24	['E4']	[]	[True]	24.0	1.0	81.0	V7	False	('A', 'C#', 'E', 'G')	A	A	0.0	dominant seventh chord	(1, 4, 7, 9)	D	D	5	None
96.0	0.25	25	['D2', 'F#4']	['M3']	[True, True]	25.0	2.0	82.0	I	True	('D', 'F#', 'A')	D	D	0.0	major triad	(2, 6, 9)	D	D	1	None
96.25	0.25	25	['D2', 'D4']	['P1']	[False, True]	25.0	2.0	82.0	I	False	('D', 'F#', 'A')	D	D	0.0	major triad	(2, 6, 9)	D	D	1	None
96.5	0.25	25	['E4']	[]	[True]	25.0	2.0	82.0	I	False	('D', 'F#', 'A')	D	D	0.0	major triad	(2, 6, 9)	D	D	1	None
96.75	0.25	25	['F#4']	[]	[True]	25.0	2.0	82.0	I	False	('D', 'F#', 'A')	D	D	0.0	major triad	(2, 6, 9)	D	D	1	None
97.0	0.25	25	['D3', 'A3']	['P5']	[True, True]	25.0	2.0	82.0	I	False	('D', 'F#', 'A')	D	D	0.0	major triad	(2, 6, 9)	D	D	1	None
97.25	0.25	25	['D3', 'F#4']	['M3']	[False, True]	25.0	2.0	82.0	I	False	('D', 'F#', 'A')	D	D	0.0	major triad	(2, 6, 9)	D	D	1	None
97.5	0.25	25	['E4']	[]	[True]	25.0	2.0	82.0	I	False	('D', 'F#', 'A')	D	D	0.0	major triad	(2, 6, 9)	D	D	1	None
97.75	0.25	25	['D4']	[]	[True]	25.0	2.0	82.0	I	False	('D', 'F#', 'A')	D	D	0.0	major triad	(2, 6, 9)	D	D	1	None
98.0	0.25	25	['F#2', 'A4']	['m3']	[True, True]	25.0	2.0	83.0	V7/IV	True	('F#', 'A', 'C', 'D')	F#	D	1.0	dominant seventh chord	(0, 2, 6, 9)	D	G	5	4
98.25	0.25	25	['F#2', 'F#4']	['P1']	[False, True]	25.0	2.0	83.0	V7/IV	False	('F#', 'A', 'C', 'D')	F#	D	1.0	dominant seventh chord	(0, 2, 6, 9)	D	G	5	4
98.5	0.25	25	['G4']	[]	[True]	25.0	2.0	83.0	V7/IV	False	('F#', 'A', 'C', 'D')	F#	D	1.0	dominant seventh chord	(0, 2, 6, 9)	D	G	5	4
98.75	0.25	25	['A4']	[]	[True]	25.0	2.0	83.0	V7/IV	False	('F#', 'A', 'C', 'D')	F#	D	1.0	dominant seventh chord	(0, 2, 6, 9)	D	G	5	4
99.0	0.25	25	['A3', 'D4']	['P4']	[True, True]	25.0	2.0	83.0	V7/IV	False	('F#', 'A', 'C', 'D')	F#	D	1.0	dominant seventh chord	(0, 2, 6, 9)	D	G	5	4
99.25	0.25	25	['A3', 'C5']	['m3']	[False, True]	25.0	2.0	83.0	V7/IV	False	('F#', 'A', 'C', 'D')	F#	D	1.0	dominant seventh chord	(0, 2, 6, 9)	D	G	5	4
99.5	0.25	25	['B4']	[]	[True]	25.0	2.0	83.0	V7/IV	False	('F#', 'A', 'C', 'D')	F#	D	1.0	dominant seventh chord	(0, 2, 6, 9)	D	G	5	4
99.75	0.25	25	['A4']	[]	[True]	25.0	2.0	83.0	V7/IV	False	('F#', 'A', 'C', 'D')	F#	D	1.0	dominant seventh chord	(0, 2, 6, 9)	D	G	5	4
100.0	0.25	26	['G2', 'B4']	['M3']	[True, True]	26.0	3.0	84.0	IV	True	('G', 'B', 'D')	G	G	0.0	major triad	(2, 7, 11)	D	D	4	None
100.25	0.25	26	['G2', 'G4']	['P1']	[False, True]	26.0	3.0	84.0	IV	False	('G', 'B', 'D')	G	G	0.0	major triad	(2, 7, 11)	D	D	4	None
100.5	0.25	26	['A4']	[]	[True]	26.0	3.0	84.0	IV	False	('G', 'B', 'D')	G	G	0.0	major triad	(2, 7, 11)	D	D	4	None
100.75	0.25	26	['B4']	[]	[True]	26.0	3.0	84.0	IV	False	('G', 'B', 'D')	G	G	0.0	major triad	(2, 7, 11)	D	D	4	None
101.0	0.25	26	['G3', 'D4']	['P5']	[True, True]	26.0	3.0	84.0	IV	False	('G', 'B', 'D')	G	G	0.0	major triad	(2, 7, 11)	D	D	4	None
101.25	0.25	26	['G3', 'B4']	['M3']	[False, True]	26.0	3.0	84.0	IV	False	('G', 'B', 'D')	G	G	0.0	major triad	(2, 7, 11)	D	D	4	None
101.5	0.25	26	['A4']	[]	[True]	26.0	3.0	84.0	IV	False	('G', 'B', 'D')	G	G	0.0	major triad	(2, 7, 11)	D	D	4	None
101.75	0.25	26	['G4']	[]	[True]	26.0	3.0	84.0	IV	False	('G', 'B', 'D')	G	G	0.0	major triad	(2, 7, 11)	D	D	4	None
102.0	0.25	26	['B2', 'D5']	['m3']	[True, True]	26.0	3.0	84.0	IV	False	('G', 'B', 'D')	G	G	0.0	major triad	(2, 7, 11)	D	D	4	None
102.25	0.25	26	['B2', 'B4']	['P1']	[False, True]	26.0	3.0	84.0	IV	False	('G', 'B', 'D')	G	G	0.0	major triad	(2, 7, 11)	D	D	4	None
102.5	0.25	26	['C#5']	[]	[True]	26.0	3.0	84.0	IV	False	('G', 'B', 'D')	G	G	0.0	major triad	(2, 7, 11)	D	D	4	None
102.75	0.25	26	['D5']	[]	[True]	26.0	3.0	84.0	IV	False	('G', 'B', 'D')	G	G	0.0	major triad	(2, 7, 11)	D	D	4	None
103.0	0.25	26	['D4', 'G#4']	['A4']	[True, True]	26.0	1.0	85.0	viio7/v	True	('D', 'F', 'G#', 'B')	D	G#	2.0	diminished seventh chord	(2, 5, 8, 11)	D	a	#7	5
103.25	0.25	26	['D4', 'F5']	['m3']	[False, True]	26.0	1.0	85.0	viio7/v	False	('D', 'F', 'G#', 'B')	D	G#	2.0	diminished seventh chord	(2, 5, 8, 11)	D	a	#7	5
103.5	0.25	26	['E5']	[]	[True]	26.0	1.0	85.0	viio7/v	False	('D', 'F', 'G#', 'B')	D	G#	2.0	diminished seventh chord	(2, 5, 8, 11)	D	a	#7	5
103.75	0.25	26	['D5']	[]	[True]	26.0	1.0	85.0	viio7/v	False	('D', 'F', 'G#', 'B')	D	G#	2.0	diminished seventh chord	(2, 5, 8, 11)	D	a	#7	5
104.0	0.25	27	['A2', 'C#5']	['M3']	[True, True]	27.0	2.0	86.0	V7	True	('A', 'C#', 'E', 'G')	A	A	0.0	dominant seventh chord	(1, 4, 7, 9)	D	D	5	None
104.25	0.25	27	['A2', 'A4']	['P1']	[False, True]	27.0	2.0	86.0	V7	False	('A', 'C#', 'E', 'G')	A	A	0.0	dominant seventh chord	(1, 4, 7, 9)	D	D	5	None
104.5	0.25	27	['A2', 'B4']	['M2']	[False, True]	27.0	2.0	86.0	V7	False	('A', 'C#', 'E', 'G')	A	A	0.0	dominant seventh chord	(1, 4, 7, 9)	D	D	5	None
104.75	0.25	27	['A2', 'C#5']	['M3']	[False, True]	27.0	2.0	86.0	V7	False	('A', 'C#', 'E', 'G')	A	A	0.0	dominant seventh chord	(1, 4, 7, 9)	D	D	5	None
105.0	0.25	27	['A2', 'G3', 'E4']	['m7', 'P5']	[False, True, True]	27.0	2.0	86.0	V7	False	('A', 'C#', 'E', 'G')	A	A	0.0	dominant seventh chord	(1, 4, 7, 9)	D	D	5	None
105.25	0.25	27	['A2', 'G3', 'G4']	['m7', 'm7']	[False, False, True]	27.0	2.0	86.0	V7	False	('A', 'C#', 'E', 'G')	A	A	0.0	dominant seventh chord	(1, 4, 7, 9)	D	D	5	None
105.5	0.25	27	['A2', 'F#4']	['M6']	[False, True]	27.0	2.0	86.0	V7	False	('A', 'C#', 'E', 'G')	A	A	0.0	dominant seventh chord	(1, 4, 7, 9)	D	D	5	None
105.75	0.25	27	['A2', 'E4']	['P5']	[False, True]	27.0	2.0	86.0	V7	False	('A', 'C#', 'E', 'G')	A	A	0.0	dominant seventh chord	(1, 4, 7, 9)	D	D	5	None
106.0	0.25	27	['A2', 'F#3', 'A4']	['M6', 'P1']	[False, True, True]	27.0	1.0	87.0	I	True	('A', 'D', 'F#')	A	D	2.0	major triad	(2, 6, 9)	D	D	1	None
106.25	0.25	27	['A2', 'F#3', 'D5']	['M6', 'P4']	[False, False, True]	27.0	1.0	87.0	I	False	('A', 'D', 'F#')	A	D	2.0	major triad	(2, 6, 9)	D	D	1	None
106.5	0.25	27	['A2', 'E5']	['P5']	[False, True]	27.0	1.0	87.0	I	False	('A', 'D', 'F#')	A	D	2.0	major triad	(2, 6, 9)	D	D	1	None
106.75	0.25	27	['A2', 'F#5']	['M6']	[False, True]	27.0	1.0	87.0	I	False	('A', 'D', 'F#')	A	D	2.0	major triad	(2, 6, 9)	D	D	1	None
107.0	0.25	27	['A2', 'D3', 'B4']	['P4', 'M2']	[False, True, True]	27.0	1.0	88.0	vi7	True	('A', 'B', 'D', 'F#')	A	B	3.0	minor seventh chord	(2, 6, 9, 11)	D	D	6	None
107.25	0.25	27	['A2', 'D3', 'A5']	['P4', 'P1']	[False, False, True]	27.0	1.0	88.0	vi7	False	('A', 'B', 'D', 'F#')	A	B	3.0	minor seventh chord	(2, 6, 9, 11)	D	D	6	None
107.5	0.25	27	['A2', 'G5']	['m7']	[False, True]	27.0	1.0	88.0	vi7	False	('A', 'B', 'D', 'F#')	A	B	3.0	minor seventh chord	(2, 6, 9, 11)	D	D	6	None
107.75	0.25	27	['A2', 'F#5']	['M6']	[False, True]	27.0	1.0	88.0	vi7	False	('A', 'B', 'D', 'F#')	A	B	3.0	minor seventh chord	(2, 6, 9, 11)	D	D	6	None
108.0	0.25	28	['A2', 'E3', 'G5']	['P5', 'm7']	[False, True, True]	28.0	2.0	89.0	V7	True	('A', 'C#', 'E', 'G')	A	A	0.0	dominant seventh chord	(1, 4, 7, 9)	D	D	5	None
108.25	0.25	28	['A2', 'E3', 'C#5']	['P5', 'M3']	[False, False, True]	28.0	2.0	89.0	V7	False	('A', 'C#', 'E', 'G')	A	A	0.0	dominant seventh chord	(1, 4, 7, 9)	D	D	5	None
108.5	0.25	28	['A2', 'D5']	['P4']	[False, True]	28.0	2.0	89.0	V7	False	('A', 'C#', 'E', 'G')	A	A	0.0	dominant seventh chord	(1, 4, 7, 9)	D	D	5	None
108.75	0.25	28	['A2', 'E5']	['P5']	[False, True]	28.0	2.0	89.0	V7	False	('A', 'C#', 'E', 'G')	A	A	0.0	dominant seventh chord	(1, 4, 7, 9)	D	D	5	None
109.0	0.25	28	['A2', 'C#3', 'A4']	['M3', 'P1']	[False, True, True]	28.0	2.0	89.0	V7	False	('A', 'C#', 'E', 'G')	A	A	0.0	dominant seventh chord	(1, 4, 7, 9)	D	D	5	None
109.25	0.25	28	['A2', 'C#3', 'G5']	['M3', 'm7']	[False, False, True]	28.0	2.0	89.0	V7	False	('A', 'C#', 'E', 'G')	A	A	0.0	dominant seventh chord	(1, 4, 7, 9)	D	D	5	None
109.5	0.25	28	['A2', 'F#5']	['M6']	[False, True]	28.0	2.0	89.0	V7	False	('A', 'C#', 'E', 'G')	A	A	0.0	dominant seventh chord	(1, 4, 7, 9)	D	D	5	None
109.75	0.25	28	['A2', 'E5']	['P5']	[False, True]	28.0	2.0	89.0	V7	False	('A', 'C#', 'E', 'G')	A	A	0.0	dominant seventh chord	(1, 4, 7, 9)	D	D	5	None
110.0	0.25	28	['A2', 'D3', 'F#5']	['P4', 'M6']	[False, True, True]	28.0	2.0	90.0	viiø7/v	True	('B', 'D', 'F#', 'G#')	B	G#	1.0	half-diminished seventh chord	(2, 6, 8, 11)	D	a	#7	5
110.25	0.25	28	['A2', 'D3', 'B4']	['P4', 'M2']	[False, False, True]	28.0	2.0	90.0	viiø7/v	False	('B', 'D', 'F#', 'G#')	B	G#	1.0	half-diminished seventh chord	(2, 6, 8, 11)	D	a	#7	5
110.5	0.25	28	['A2', 'C#5']	['M3']	[False, True]	28.0	2.0	90.0	viiø7/v	False	('B', 'D', 'F#', 'G#')	B	G#	1.0	half-diminished seventh chord	(2, 6, 8, 11)	D	a	#7	5
110.75	0.25	28	['A2', 'D5']	['P4']	[False, True]	28.0	2.0	90.0	viiø7/v	False	('B', 'D', 'F#', 'G#')	B	G#	1.0	half-diminished seventh chord	(2, 6, 8, 11)	D	a	#7	5
111.0	0.25	28	['A2', 'B2', 'G#4']	['M2', 'M7']	[False, True, True]	28.0	2.0	90.0	viiø7/v	False	('B', 'D', 'F#', 'G#')	B	G#	1.0	half-diminished seventh chord	(2, 6, 8, 11)	D	a	#7	5
111.25	0.25	28	['A2', 'B2', 'F#5']	['M2', 'M6']	[False, False, True]	28.0	2.0	90.0	viiø7/v	False	('B', 'D', 'F#', 'G#')	B	G#	1.0	half-diminished seventh chord	(2, 6, 8, 11)	D	a	#7	5
111.5	0.25	28	['A2', 'E5']	['P5']	[False, True]	28.0	2.0	90.0	viiø7/v	False	('B', 'D', 'F#', 'G#')	B	G#	1.0	half-diminished seventh chord	(2, 6, 8, 11)	D	a	#7	5
111.75	0.25	28	['A2', 'D5']	['P4']	[False, True]	28.0	2.0	90.0	viiø7/v	False	('B', 'D', 'F#', 'G#')	B	G#	1.0	half-diminished seventh chord	(2, 6, 8, 11)	D	a	#7	5
112.0	0.25	29	['A2', 'C#5']	['M3']	[False, True]	29.0	2.0	91.0	V9	True	('A', 'C#', 'E', 'G', 'B-')	A	A	0.0	flat-ninth pentachord	(1, 4, 7, 9, 10)	d	d	5	None
112.25	0.25	29	['A2', 'E3', 'G4']	['P5', 'm7']	[False, True, True]	29.0	2.0	91.0	V9	False	('A', 'C#', 'E', 'G', 'B-')	A	A	0.0	flat-ninth pentachord	(1, 4, 7, 9, 10)	d	d	5	None
112.5	0.25	29	['A2', 'F#3', 'A4']	['M6', 'P1']	[False, True, True]	29.0	2.0	91.0	V9	False	('A', 'C#', 'E', 'G', 'B-')	A	A	0.0	flat-ninth pentachord	(1, 4, 7, 9, 10)	d	d	5	None
112.75	0.25	29	['A2', 'G3', 'B-4']	['m7', 'm2']	[False, True, True]	29.0	2.0	91.0	V9	False	('A', 'C#', 'E', 'G', 'B-')	A	A	0.0	flat-ninth pentachord	(1, 4, 7, 9, 10)	d	d	5	None
113.0	0.25	29	['A2', 'C#3', 'E4']	['M3', 'P5']	[False, True, True]	29.0	2.0	91.0	V9	False	('A', 'C#', 'E', 'G', 'B-')	A	A	0.0	flat-ninth pentachord	(1, 4, 7, 9, 10)	d	d	5	None
113.25	0.25	29	['A2', 'E3', 'G4']	['P5', 'm7']	[False, True, True]	29.0	2.0	91.0	V9	False	('A', 'C#', 'E', 'G', 'B-')	A	A	0.0	flat-ninth pentachord	(1, 4, 7, 9, 10)	d	d	5	None
113.5	0.25	29	['A2', 'D3', 'F4']	['P4', 'm6']	[False, True, True]	29.0	2.0	91.0	V9	False	('A', 'C#', 'E', 'G', 'B-')	A	A	0.0	flat-ninth pentachord	(1, 4, 7, 9, 10)	d	d	5	None
113.75	0.25	29	['A2', 'C#3', 'E4']	['M3', 'P5']	[False, True, True]	29.0	2.0	91.0	V9	False	('A', 'C#', 'E', 'G', 'B-')	A	A	0.0	flat-ninth pentachord	(1, 4, 7, 9, 10)	d	d	5	None
114.0	0.25	29	['A2', 'D3', 'F4']	['P4', 'm6']	[False, True, True]	29.0	1.0	92.0	i	True	('A', 'D', 'F')	A	D	2.0	minor triad	(2, 5, 9)	d	d	1	None
114.25	0.25	29	['A2', 'F3', 'D5']	['m6', 'P4']	[False, True, True]	29.0	1.0	92.0	i	False	('A', 'D', 'F')	A	D	2.0	minor triad	(2, 5, 9)	d	d	1	None
114.5	0.25	29	['A2', 'G3', 'E5']	['m7', 'P5']	[False, True, True]	29.0	1.0	92.0	i	False	('A', 'D', 'F')	A	D	2.0	minor triad	(2, 5, 9)	d	d	1	None
114.75	0.25	29	['A2', 'A3', 'F5']	['P1', 'm6']	[False, True, True]	29.0	1.0	92.0	i	False	('A', 'D', 'F')	A	D	2.0	minor triad	(2, 5, 9)	d	d	1	None
115.0	0.25	29	['A2', 'E3', 'C#5']	['P5', 'M3']	[False, True, True]	29.0	1.0	93.0	V7	True	('A', 'C#', 'E', 'G')	A	A	0.0	dominant seventh chord	(1, 4, 7, 9)	d	d	5	None
115.25	0.25	29	['A2', 'G3', 'E5']	['m7', 'P5']	[False, True, True]	29.0	1.0	93.0	V7	False	('A', 'C#', 'E', 'G')	A	A	0.0	dominant seventh chord	(1, 4, 7, 9)	d	d	5	None
115.5	0.25	29	['A2', 'F3', 'D5']	['m6', 'P4']	[False, True, True]	29.0	1.0	93.0	V7	False	('A', 'C#', 'E', 'G')	A	A	0.0	dominant seventh chord	(1, 4, 7, 9)	d	d	5	None
115.75	0.25	29	['A2', 'E3', 'C#5']	['P5', 'M3']	[False, True, True]	29.0	1.0	93.0	V7	False	('A', 'C#', 'E', 'G')	A	A	0.0	dominant seventh chord	(1, 4, 7, 9)	d	d	5	None
116.0	0.25	30	['F3', 'D5']	['M6']	[True, True]	30.0	1.0	94.0	bVI	True	('D', 'F', 'B-')	D	B-	1.0	major triad	(2, 5, 10)	d	d	6	None
116.25	0.25	30	['D3', 'B-5']	['m6']	[True, True]	30.0	1.0	94.0	bVI	False	('D', 'F', 'B-')	D	B-	1.0	major triad	(2, 5, 10)	d	d	6	None
116.5	0.25	30	['E3', 'A5']	['P4']	[True, True]	30.0	1.0	94.0	bVI	False	('D', 'F', 'B-')	D	B-	1.0	major triad	(2, 5, 10)	d	d	6	None
116.75	0.25	30	['F3', 'G5']	['M2']	[True, True]	30.0	1.0	94.0	bVI	False	('D', 'F', 'B-')	D	B-	1.0	major triad	(2, 5, 10)	d	d	6	None
117.0	0.25	30	['A2', 'F5']	['m6']	[True, True]	30.0	1.0	95.0	i7	True	('A', 'C', 'D', 'F')	A	D	2.0	minor seventh chord	(0, 2, 5, 9)	d	d	1	None
117.25	0.25	30	['C3', 'E5']	['M3']	[True, True]	30.0	1.0	95.0	i7	False	('A', 'C', 'D', 'F')	A	D	2.0	minor seventh chord	(0, 2, 5, 9)	d	d	1	None
117.5	0.25	30	['B-2', 'D5']	['M3']	[True, True]	30.0	1.0	95.0	i7	False	('A', 'C', 'D', 'F')	A	D	2.0	minor seventh chord	(0, 2, 5, 9)	d	d	1	None
117.75	0.25	30	['A2', 'C#5']	['M3']	[True, True]	30.0	1.0	95.0	i7	False	('A', 'C', 'D', 'F')	A	D	2.0	minor seventh chord	(0, 2, 5, 9)	d	d	1	None
118.0	0.25	30	['G#2', 'D5']	['d5']	[True, True]	30.0	2.0	96.0	viio7/v	True	('G#', 'B', 'D', 'F')	G#	G#	0.0	diminished seventh chord	(2, 5, 8, 11)	d	a	#7	5
118.25	0.25	30	['G#2', 'F5']	['d7']	[False, True]	30.0	2.0	96.0	viio7/v	False	('G#', 'B', 'D', 'F')	G#	G#	0.0	diminished seventh chord	(2, 5, 8, 11)	d	a	#7	5
118.5	0.25	30	['G#2', 'E5']	['m6']	[False, True]	30.0	2.0	96.0	viio7/v	False	('G#', 'B', 'D', 'F')	G#	G#	0.0	diminished seventh chord	(2, 5, 8, 11)	d	a	#7	5
118.75	0.25	30	['G#2', 'D5']	['d5']	[False, True]	30.0	2.0	96.0	viio7/v	False	('G#', 'B', 'D', 'F')	G#	G#	0.0	diminished seventh chord	(2, 5, 8, 11)	d	a	#7	5
119.0	0.25	30	['G#2', 'B5']	['m3']	[False, True]	30.0	2.0	96.0	viio7/v	False	('G#', 'B', 'D', 'F')	G#	G#	0.0	diminished seventh chord	(2, 5, 8, 11)	d	a	#7	5
119.25	0.25	30	['G#2', 'G#5']	['P1']	[False, True]	30.0	2.0	96.0	viio7/v	False	('G#', 'B', 'D', 'F')	G#	G#	0.0	diminished seventh chord	(2, 5, 8, 11)	d	a	#7	5
119.5	0.25	30	['G#2', 'A5']	['m2']	[False, True]	30.0	2.0	96.0	viio7/v	False	('G#', 'B', 'D', 'F')	G#	G#	0.0	diminished seventh chord	(2, 5, 8, 11)	d	a	#7	5
119.75	0.25	30	['G#2', 'B5']	['m3']	[False, True]	30.0	2.0	96.0	viio7/v	False	('G#', 'B', 'D', 'F')	G#	G#	0.0	diminished seventh chord	(2, 5, 8, 11)	d	a	#7	5
120.0	0.25	31	['G#2', 'F5']	['d7']	[False, True]	31.0	2.0	97.0	viio7/v	True	('G#', 'B', 'D', 'F')	G#	G#	0.0	diminished seventh chord	(2, 5, 8, 11)	d	a	#7	5
120.25	0.25	31	['G#2', 'D5']	['d5']	[False, True]	31.0	2.0	97.0	viio7/v	False	('G#', 'B', 'D', 'F')	G#	G#	0.0	diminished seventh chord	(2, 5, 8, 11)	d	a	#7	5
120.5	0.25	31	['G#2', 'E5']	['m6']	[False, True]	31.0	2.0	97.0	viio7/v	False	('G#', 'B', 'D', 'F')	G#	G#	0.0	diminished seventh chord	(2, 5, 8, 11)	d	a	#7	5
120.75	0.25	31	['G#2', 'F5']	['d7']	[False, True]	31.0	2.0	97.0	viio7/v	False	('G#', 'B', 'D', 'F')	G#	G#	0.0	diminished seventh chord	(2, 5, 8, 11)	d	a	#7	5
121.0	0.25	31	['G#2', 'B4']	['m3']	[False, True]	31.0	2.0	97.0	viio7/v	False	('G#', 'B', 'D', 'F')	G#	G#	0.0	diminished seventh chord	(2, 5, 8, 11)	d	a	#7	5
121.25	0.25	31	['G#2', 'G#4']	['P1']	[False, True]	31.0	2.0	97.0	viio7/v	False	('G#', 'B', 'D', 'F')	G#	G#	0.0	diminished seventh chord	(2, 5, 8, 11)	d	a	#7	5
121.5	0.25	31	['G#2', 'A4']	['m2']	[False, True]	31.0	2.0	97.0	viio7/v	False	('G#', 'B', 'D', 'F')	G#	G#	0.0	diminished seventh chord	(2, 5, 8, 11)	d	a	#7	5
121.75	0.25	31	['G#2', 'B4']	['m3']	[False, True]	31.0	2.0	97.0	viio7/v	False	('G#', 'B', 'D', 'F')	G#	G#	0.0	diminished seventh chord	(2, 5, 8, 11)	d	a	#7	5
122.0	0.25	31	['G#2', 'E4']	['m6']	[False, True]	31.0	2.0	98.0	V/v	True	('G#', 'B', 'E')	G#	E	1.0	major triad	(4, 8, 11)	d	a	5	5
122.25	0.25	31	['G#2', 'F#4']	['m7']	[False, True]	31.0	2.0	98.0	V/v	False	('G#', 'B', 'E')	G#	E	1.0	major triad	(4, 8, 11)	d	a	5	5
122.5	0.25	31	['G#2', 'G#4']	['P1']	[False, True]	31.0	2.0	98.0	V/v	False	('G#', 'B', 'E')	G#	E	1.0	major triad	(4, 8, 11)	d	a	5	5
122.75	0.25	31	['G#2', 'A4']	['m2']	[False, True]	31.0	2.0	98.0	V/v	False	('G#', 'B', 'E')	G#	E	1.0	major triad	(4, 8, 11)	d	a	5	5
123.0	0.25	31	['G#2', 'B4']	['m3']	[False, True]	31.0	2.0	98.0	V/v	False	('G#', 'B', 'E')	G#	E	1.0	major triad	(4, 8, 11)	d	a	5	5
123.25	0.25	31	['G#2', 'C#5']	['P4']	[False, True]	31.0	2.0	98.0	V/v	False	('G#', 'B', 'E')	G#	E	1.0	major triad	(4, 8, 11)	d	a	5	5
123.5	0.25	31	['G#2', 'D5']	['d5']	[False, True]	31.0	2.0	98.0	V/v	False	('G#', 'B', 'E')	G#	E	1.0	major triad	(4, 8, 11)	d	a	5	5
123.75	0.25	31	['G#2', 'E5']	['m6']	[False, True]	31.0	2.0	98.0	V/v	False	('G#', 'B', 'E')	G#	E	1.0	major triad	(4, 8, 11)	d	a	5	5
124.0	0.25	32	['A2', 'F5']	['m6']	[True, True]	32.0	1.0	99.0	i	True	('A', 'D', 'F')	A	D	2.0	minor triad	(2, 5, 9)	d	d	1	None
124.25	0.25	32	['A2', 'C#5', 'F5']	['M3', 'm6']	[False, True, False]	32.0	1.0	99.0	i	False	('A', 'D', 'F')	A	D	2.0	minor triad	(2, 5, 9)	d	d	1	None
124.5	0.25	32	['A2', 'A3', 'D5', 'F5']	['P1', 'P4', 'm6']	[False, True, True, False]	32.0	1.0	99.0	i	False	('A', 'D', 'F')	A	D	2.0	minor triad	(2, 5, 9)	d	d	1	None
124.75	0.25	32	['A2', 'A3', 'A4', 'F5']	['P1', 'P1', 'm6']	[False, False, True, False]	32.0	1.0	99.0	i	False	('A', 'D', 'F')	A	D	2.0	minor triad	(2, 5, 9)	d	d	1	None
125.0	0.25	32	['A2', 'G3', 'B-4', 'F5']	['m7', 'm2', 'm6']	[False, True, True, False]	32.0	1.0	100.0	V9	True	('A', 'C#', 'E', 'G', 'B-')	A	A	0.0	flat-ninth pentachord	(1, 4, 7, 9, 10)	d	d	5	None
125.25	0.25	32	['A2', 'G3', 'G4', 'F5']	['m7', 'm7', 'm6']	[False, False, True, False]	32.0	1.0	100.0	V9	False	('A', 'C#', 'E', 'G', 'B-')	A	A	0.0	flat-ninth pentachord	(1, 4, 7, 9, 10)	d	d	5	None
125.5	0.25	32	['A2', 'C#3', 'E5']	['M3', 'P5']	[False, True, True]	32.0	1.0	100.0	V9	False	('A', 'C#', 'E', 'G', 'B-')	A	A	0.0	flat-ninth pentachord	(1, 4, 7, 9, 10)	d	d	5	None
125.75	0.25	32	['A2', 'C#3', 'G4', 'E5']	['M3', 'm7', 'P5']	[False, False, True, False]	32.0	1.0	100.0	V9	False	('A', 'C#', 'E', 'G', 'B-')	A	A	0.0	flat-ninth pentachord	(1, 4, 7, 9, 10)	d	d	5	None
126.0	0.25	32	['A2', 'F3', 'A4', 'E5']	['m6', 'P1', 'P5']	[False, True, True, False]	32.0	1.0	101.0	I	True	('A', 'D', 'F#')	A	D	2.0	major triad	(2, 6, 9)	d	d	1	None
126.25	0.25	32	['A2', 'F3', 'F4', 'E5']	['m6', 'm6', 'P5']	[False, False, True, False]	32.0	1.0	101.0	I	False	('A', 'D', 'F#')	A	D	2.0	major triad	(2, 6, 9)	d	d	1	None
126.5	0.25	32	['A2', 'D3', 'D5']	['P4', 'P4']	[False, True, True]	32.0	1.0	101.0	I	False	('A', 'D', 'F#')	A	D	2.0	major triad	(2, 6, 9)	d	d	1	None
126.75	0.25	32	['A2', 'D3', 'F4', 'D5']	['P4', 'm6', 'P4']	[False, False, True, False]	32.0	1.0	101.0	I	False	('A', 'D', 'F#')	A	D	2.0	major triad	(2, 6, 9)	d	d	1	None
127.0	0.25	32	['A2', 'E3', 'G4', 'D5']	['P5', 'm7', 'P4']	[False, True, True, False]	32.0	1.0	102.0	V7	True	('A', 'C#', 'E', 'G')	A	A	0.0	dominant seventh chord	(1, 4, 7, 9)	d	d	5	None
127.25	0.25	32	['A2', 'E3', 'E4', 'D5']	['P5', 'P5', 'P4']	[False, False, True, False]	32.0	1.0	102.0	V7	False	('A', 'C#', 'E', 'G')	A	A	0.0	dominant seventh chord	(1, 4, 7, 9)	d	d	5	None
127.5	0.25	32	['A2', 'G3', 'C#5']	['m7', 'M3']	[False, True, True]	32.0	1.0	102.0	V7	False	('A', 'C#', 'E', 'G')	A	A	0.0	dominant seventh chord	(1, 4, 7, 9)	d	d	5	None
127.75	0.25	32	['A2', 'G3', 'E4', 'C#5']	['m7', 'P5', 'M3']	[False, False, True, False]	32.0	1.0	102.0	V7	False	('A', 'C#', 'E', 'G')	A	A	0.0	dominant seventh chord	(1, 4, 7, 9)	d	d	5	None
128.0	1.0	33	['A2', 'D3', 'G#3', 'B3', 'D4', 'F4', 'G#4', 'B4', 'D5']	['P4', 'M7', 'M2', 'P4', 'm6', 'M7', 'M2', 'P4']	[True, True, True, True, True, True, True, True, True]	33.0	4.0	103.0	viio7/v	True	('D', 'F', 'G#', 'B')	D	G#	2.0	diminished seventh chord	(2, 5, 8, 11)	d	a	#7	5
129.0	0.125	33	['D5']	[]	[False]	33.0	4.0	103.0	viio7/v	False	('D', 'F', 'G#', 'B')	D	G#	2.0	diminished seventh chord	(2, 5, 8, 11)	d	a	#7	5
129.125	0.125	33	['C#5']	[]	[True]	33.0	4.0	103.0	viio7/v	False	('D', 'F', 'G#', 'B')	D	G#	2.0	diminished seventh chord	(2, 5, 8, 11)	d	a	#7	5
129.25	0.125	33	['B4']	[]	[True]	33.0	4.0	103.0	viio7/v	False	('D', 'F', 'G#', 'B')	D	G#	2.0	diminished seventh chord	(2, 5, 8, 11)	d	a	#7	5
129.375	0.125	33	['A4']	[]	[True]	33.0	4.0	103.0	viio7/v	False	('D', 'F', 'G#', 'B')	D	G#	2.0	diminished seventh chord	(2, 5, 8, 11)	d	a	#7	5
129.5	0.125	33	['G#4']	[]	[True]	33.0	4.0	103.0	viio7/v	False	('D', 'F', 'G#', 'B')	D	G#	2.0	diminished seventh chord	(2, 5, 8, 11)	d	a	#7	5
129.625	0.125	33	['F#4']	[]	[True]	33.0	4.0	103.0	viio7/v	False	('D', 'F', 'G#', 'B')	D	G#	2.0	diminished seventh chord	(2, 5, 8, 11)	d	a	#7	5
129.75	0.125	33	['E4']	[]	[True]	33.0	4.0	103.0	viio7/v	False	('D', 'F', 'G#', 'B')	D	G#	2.0	diminished seventh chord	(2, 5, 8, 11)	d	a	#7	5
129.875	0.125	33	['F#4']	[]	[True]	33.0	4.0	103.0	viio7/v	False	('D', 'F', 'G#', 'B')	D	G#	2.0	diminished seventh chord	(2, 5, 8, 11)	d	a	#7	5
130.0	0.125	33	['G#4']	[]	[True]	33.0	4.0	103.0	viio7/v	False	('D', 'F', 'G#', 'B')	D	G#	2.0	diminished seventh chord	(2, 5, 8, 11)	d	a	#7	5
130.125	0.125	33	['A4']	[]	[True]	33.0	4.0	103.0	viio7/v	False	('D', 'F', 'G#', 'B')	D	G#	2.0	diminished seventh chord	(2, 5, 8, 11)	d	a	#7	5
130.25	0.125	33	['B4']	[]	[True]	33.0	4.0	103.0	viio7/v	False	('D', 'F', 'G#', 'B')	D	G#	2.0	diminished seventh chord	(2, 5, 8, 11)	d	a	#7	5
130.375	0.125	33	['C#5']	[]	[True]	33.0	4.0	103.0	viio7/v	False	('D', 'F', 'G#', 'B')	D	G#	2.0	diminished seventh chord	(2, 5, 8, 11)	d	a	#7	5
130.5	0.125	33	['D5']	[]	[True]	33.0	4.0	103.0	viio7/v	False	('D', 'F', 'G#', 'B')	D	G#	2.0	diminished seventh chord	(2, 5, 8, 11)	d	a	#7	5
130.625	0.125	33	['E5']	[]	[True]	33.0	4.0	103.0	viio7/v	False	('D', 'F', 'G#', 'B')	D	G#	2.0	diminished seventh chord	(2, 5, 8, 11)	d	a	#7	5
130.75	0.125	33	['F5']	[]	[True]	33.0	4.0	103.0	viio7/v	False	('D', 'F', 'G#', 'B')	D	G#	2.0	diminished seventh chord	(2, 5, 8, 11)	d	a	#7	5
130.875	0.125	33	['E5']	[]	[True]	33.0	4.0	103.0	viio7/v	False	('D', 'F', 'G#', 'B')	D	G#	2.0	diminished seventh chord	(2, 5, 8, 11)	d	a	#7	5
131.0	0.125	33	['D5']	[]	[True]	33.0	4.0	103.0	viio7/v	False	('D', 'F', 'G#', 'B')	D	G#	2.0	diminished seventh chord	(2, 5, 8, 11)	d	a	#7	5
131.125	0.125	33	['C#5']	[]	[True]	33.0	4.0	103.0	viio7/v	False	('D', 'F', 'G#', 'B')	D	G#	2.0	diminished seventh chord	(2, 5, 8, 11)	d	a	#7	5
131.25	0.125	33	['B4']	[]	[True]	33.0	4.0	103.0	viio7/v	False	('D', 'F', 'G#', 'B')	D	G#	2.0	diminished seventh chord	(2, 5, 8, 11)	d	a	#7	5
131.375	0.125	33	['A4']	[]	[True]	33.0	4.0	103.0	viio7/v	False	('D', 'F', 'G#', 'B')	D	G#	2.0	diminished seventh chord	(2, 5, 8, 11)	d	a	#7	5
131.5	0.125	33	['G#4']	[]	[True]	33.0	4.0	103.0	viio7/v	False	('D', 'F', 'G#', 'B')	D	G#	2.0	diminished seventh chord	(2, 5, 8, 11)	d	a	#7	5
131.625	0.125	33	['F#4']	[]	[True]	33.0	4.0	103.0	viio7/v	False	('D', 'F', 'G#', 'B')	D	G#	2.0	diminished seventh chord	(2, 5, 8, 11)	d	a	#7	5
131.75	0.125	33	['E4']	[]	[True]	33.0	4.0	103.0	viio7/v	False	('D', 'F', 'G#', 'B')	D	G#	2.0	diminished seventh chord	(2, 5, 8, 11)	d	a	#7	5
131.875	0.125	33	['D4']	[]	[True]	33.0	4.0	103.0	viio7/v	False	('D', 'F', 'G#', 'B')	D	G#	2.0	diminished seventh chord	(2, 5, 8, 11)	d	a	#7	5
132.0	0.5	34	['C#4', 'E4', 'G4', 'B-4', 'C#5', 'E5', 'G5', 'B-5']	['m3', 'd5', 'd7', 'P1', 'm3', 'd5', 'd7']	[True, True, True, True, True, True, True, True]	34.0	1.0	104.0	viio7	True	('C#', 'E', 'G', 'B-')	C#	C#	0.0	diminished seventh chord	(1, 4, 7, 10)	d	d	#7	None
132.5	0.5	34	['C#4', 'E4', 'G4', 'B-4', 'C#5', 'E5', 'G5', 'B-5']	['m3', 'd5', 'd7', 'P1', 'm3', 'd5', 'd7']	[True, True, True, True, True, True, True, True]	34.0	1.0	104.0	viio7	False	('C#', 'E', 'G', 'B-')	C#	C#	0.0	diminished seventh chord	(1, 4, 7, 10)	d	d	#7	None
133.0	0.5	34	['D4', 'F4', 'G#4', 'B4', 'D5', 'F5', 'G#5', 'B5']	['m3', 'A4', 'M6', 'P1', 'm3', 'A4', 'M6']	[True, True, True, True, True, True, True, True]	34.0	1.0	105.0	viio7/v	True	('D', 'F', 'G#', 'B')	D	G#	2.0	diminished seventh chord	(2, 5, 8, 11)	d	a	#7	5
133.5	0.5	34	['D4', 'F4', 'G#4', 'B4', 'D5', 'F5', 'G#5', 'B5']	['m3', 'A4', 'M6', 'P1', 'm3', 'A4', 'M6']	[True, True, True, True, True, True, True, True]	34.0	1.0	105.0	viio7/v	False	('D', 'F', 'G#', 'B')	D	G#	2.0	diminished seventh chord	(2, 5, 8, 11)	d	a	#7	5
134.0	1.0	34	['A2', 'E3', 'A3', 'E4', 'A4', 'D5']	['P5', 'P1', 'P5', 'P1', 'P4']	[True, True, True, True, True, True]	34.0	2.0	106.0	V7	True	('A', 'C#', 'E', 'G')	A	A	0.0	dominant seventh chord	(1, 4, 7, 9)	d	d	5	None
135.0	1.0	34	['A2', 'G3', 'A3', 'E4', 'A4', 'C#5']	['m7', 'P1', 'P5', 'P1', 'M3']	[False, True, False, False, False, True]	34.0	2.0	106.0	V7	False	('A', 'C#', 'E', 'G')	A	A	0.0	dominant seventh chord	(1, 4, 7, 9)	d	d	5	None
136.0	4.0	35	['D3', 'F#3', 'A3', 'F#4', 'A4', 'D5']	['M3', 'P5', 'M3', 'P5', 'P1']	[True, True, True, True, True, True]	35.0	4.0	107.0	I	True	('D', 'F#', 'A')	D	D	0.0	major triad	(2, 6, 9)	d	d	1	None
