quarterbeats	mn	mn_onset	a_duration	a_annotationNumber	label	a_romanNumeral	a_isOnset	a_pitchNames	a_bass	a_root	a_inversion	a_quality	a_pcset	a_localKey	localkey_abs	globalkey	a_tonicizedKey	a_degree1	a_degree2
0.0	0	3/8	0.5	0	V	V	True	('E', 'G#', 'B')	E	E	0	major triad	(4, 8, 11)	A	A	A	A	5	None
0.5	1	0	2.0	1	I	I	True	('A', 'C#', 'E')	A	A	0	major triad	(1, 4, 9)	A	A	A	A	1	None
2.5	2	0	2.0	2	V6	V	True	('G#', 'B', 'E')	G#	E	1	major triad	(4, 8, 11)	A	A	A	A	5	None
4.5	3	0	0.5	3	I	I	True	('A', 'C#', 'E')	A	A	0	major triad	(1, 4, 9)	A	A	A	A	1	None
5.0	3	1/8	0.5	4	I6	I	True	('C#', 'E', 'A')	C#	A	1	major triad	(1, 4, 9)	A	A	A	A	1	None
5.5	3	1/4	0.5	5	viio6	viio	True	('B', 'D', 'G#')	B	G#	1	diminished triad	(2, 8, 11)	A	A	A	A	7	None
6.0	3	3/8	0.5	6	I	I	True	('A', 'C#', 'E')	A	A	0	major triad	(1, 4, 9)	A	A	A	A	1	None
6.5	4	0	1.0	7	V	V	True	('E', 'G#', 'B')	E	E	0	major triad	(4, 8, 11)	A	A	A	A	5	None
7.5	4	1/4	1.0	8	V	V	True	('E', 'G#', 'B')	E	E	0	major triad	(4, 8, 11)	A	A	A	A	5	None
8.5	5	0	2.0	9	I	I	True	('A', 'C#', 'E')	A	A	0	major triad	(1, 4, 9)	A	A	A	A	1	None
10.5	6	0	2.0	10	V6	V	True	('G#', 'B', 'E')	G#	E	1	major triad	(4, 8, 11)	A	A	A	A	5	None
12.5	7	0	0.5	11	I	I	True	('A', 'C#', 'E')	A	A	0	major triad	(1, 4, 9)	A	A	A	A	1	None
13.0	7	1/8	0.5	12	I6	I	True	('C#', 'E', 'A')	C#	A	1	major triad	(1, 4, 9)	A	A	A	A	1	None
13.5	7	1/4	0.5	13	viio6	viio	True	('B', 'D', 'G#')	B	G#	1	diminished triad	(2, 8, 11)	A	A	A	A	7	None
14.0	7	3/8	0.5	14	I	I	True	('A', 'C#', 'E')	A	A	0	major triad	(1, 4, 9)	A	A	A	A	1	None
14.5	8	0	1.0	15	V	V	True	('E', 'G#', 'B')	E	E	0	major triad	(4, 8, 11)	A	A	A	A	5	None
15.5	8	1/4	1.0	16	V/V	V/V	True	('B', 'D#', 'F#')	B	B	0	major triad	(3, 6, 11)	A	A	A	E	5	5
16.5	9	0	2.0	17	V65/V	V7/V	True	('D#', 'F#', 'A', 'B')	D#	B	1	dominant seventh chord	(3, 6, 9, 11)	A	A	A	E	5	5
18.5	10	0	2.0	18	V	V	True	('E', 'G#', 'B')	E	E	0	major triad	(4, 8, 11)	A	A	A	A	5	None
20.5	11	0	2.0	19	V65/V	V7/V	True	('D#', 'F#', 'A', 'B')	D#	B	1	dominant seventh chord	(3, 6, 9, 11)	A	A	A	E	5	5
22.5	12	0	1.5	20	V	V	True	('E', 'G#', 'B')	E	E	0	major triad	(4, 8, 11)	A	A	A	A	5	None
24.0	12	3/8	0.5	21	V6	V	True	('G#', 'B', 'E')	G#	E	1	major triad	(4, 8, 11)	A	A	A	A	5	None
24.5	13	0	1.0	22	I	I	True	('A', 'C#', 'E')	A	A	0	major triad	(1, 4, 9)	A	A	A	A	1	None
25.5	13	1/4	1.0	23	V/V	V/V	True	('B', 'D#', 'F#')	B	B	0	major triad	(3, 6, 11)	A	A	A	E	5	5
26.5	14	0	1.5	24	V6	V	True	('G#', 'B', 'E')	G#	E	1	major triad	(4, 8, 11)	A	A	A	A	5	None
28.0	14	3/8	0.5	25	V6	V	True	('G#', 'B', 'E')	G#	E	1	major triad	(4, 8, 11)	A	A	A	A	5	None
28.5	15	0	1.0	26	I	I	True	('A', 'C#', 'E')	A	A	0	major triad	(1, 4, 9)	A	A	A	A	1	None
29.5	15	1/4	1.0	27	V/V	V/V	True	('B', 'D#', 'F#')	B	B	0	major triad	(3, 6, 11)	A	A	A	E	5	5
30.5	16	0	1.5	28	V6	V	True	('G#', 'B', 'E')	G#	E	1	major triad	(4, 8, 11)	A	A	A	A	5	None
32.0	16	3/8	0.5	29	V6	V	True	('G#', 'B', 'E')	G#	E	1	major triad	(4, 8, 11)	A	A	A	A	5	None
32.5	17	0	1.0	30	I	I	True	('A', 'C#', 'E')	A	A	0	major triad	(1, 4, 9)	A	A	A	A	1	None
33.5	17	1/4	1.0	31	V/V	V/V	True	('B', 'D#', 'F#')	B	B	0	major triad	(3, 6, 11)	A	A	A	E	5	5
34.5	18	0	1.5	32	V6	V	True	('G#', 'B', 'E')	G#	E	1	major triad	(4, 8, 11)	A	A	A	A	5	None
36.0	18	3/8	0.5	33	V6	V	True	('G#', 'B', 'E')	G#	E	1	major triad	(4, 8, 11)	A	A	A	A	5	None
36.5	19	0	1.0	34	I	I	True	('A', 'C#', 'E')	A	A	0	major triad	(1, 4, 9)	A	A	A	A	1	None
37.5	19	1/4	1.0	35	V/V	V/V	True	('B', 'D#', 'F#')	B	B	0	major triad	(3, 6, 11)	A	A	A	E	5	5
38.5	20	0	1.0	36	V	V	True	('E', 'G#', 'B')	E	E	0	major triad	(4, 8, 11)	A	A	A	A	5	None
39.5	20	1/4	1.0	37	V65/V	V7/V	True	('D#', 'F#', 'A', 'B')	D#	B	1	dominant seventh chord	(3, 6, 9, 11)	A	A	A	E	5	5
40.5	21	0	1.0	38	V	V	True	('E', 'G#', 'B')	E	E	0	major triad	(4, 8, 11)	A	A	A	A	5	None
41.5	21	1/4	1.0	39	V/V	V/V	True	('B', 'D#', 'F#')	B	B	0	major triad	(3, 6, 11)	A	A	A	E	5	5
42.5	22	0	2.0	40	V/V	V/V	True	('B', 'D#', 'F#')	B	B	0	major triad	(3, 6, 11)	A	A	A	E	5	5
44.5	23	0	1.5	41	V	V	True	('E', 'G#', 'B')	E	E	0	major triad	(4, 8, 11)	A	A	A	A	5	None
46.0	23	3/8	0.5	42	I	I	True	('A', 'C#', 'E')	A	A	0	major triad	(1, 4, 9)	A	A	A	A	1	None
46.5	24	0	1.0	43	I	I	True	('A', 'C#', 'E')	A	A	0	major triad	(1, 4, 9)	A	A	A	A	1	None
47.5	24	1/4	1.0	44	V65/ii	V7/ii	True	('A#', 'C#', 'E', 'F#')	A#	F#	1	dominant seventh chord	(1, 4, 6, 10)	A	A	A	b	5	2
48.5	25	0	1.0	45	ii	ii	True	('B', 'D', 'F#')	B	B	0	minor triad	(2, 6, 11)	A	A	A	A	2	None
49.5	25	1/4	1.0	46	V65	V7	True	('G#', 'B', 'D', 'E')	G#	E	1	dominant seventh chord	(2, 4, 8, 11)	A	A	A	A	5	None
50.5	26	0	0.5	47	I	I	True	('A', 'C#', 'E')	A	A	0	major triad	(1, 4, 9)	A	A	A	A	1	None
51.0	26	1/8	0.5	48	I6	I	True	('C#', 'E', 'A')	C#	A	1	major triad	(1, 4, 9)	A	A	A	A	1	None
51.5	26	1/4	0.5	49	V43	V7	True	('B', 'D', 'E', 'G#')	B	E	2	dominant seventh chord	(2, 4, 8, 11)	A	A	A	A	5	None
52.0	26	3/8	0.5	50	I	I	True	('A', 'C#', 'E')	A	A	0	major triad	(1, 4, 9)	A	A	A	A	1	None
52.5	27	0	1.5	51	V	V	True	('E', 'G#', 'B')	E	E	0	major triad	(4, 8, 11)	A	A	A	A	5	None
54.0	27	3/8	0.5	52	I	I	True	('A', 'C#', 'E')	A	A	0	major triad	(1, 4, 9)	A	A	A	A	1	None
54.5	28	0	2.0	53	I	I	True	('A', 'C#', 'E')	A	A	0	major triad	(1, 4, 9)	A	A	A	A	1	None
56.5	29	0	2.0	54	V65	V7	True	('G#', 'B', 'D', 'E')	G#	E	1	dominant seventh chord	(2, 4, 8, 11)	A	A	A	A	5	None
58.5	30	0	2.0	55	I	I	True	('A', 'C#', 'E')	A	A	0	major triad	(1, 4, 9)	A	A	A	A	1	None
60.5	31	0	2.0	56	V65	V7	True	('G#', 'B', 'D', 'E')	G#	E	1	dominant seventh chord	(2, 4, 8, 11)	A	A	A	A	5	None
62.5	32	0	1.0	57	I	I	True	('A', 'C#', 'E')	A	A	0	major triad	(1, 4, 9)	A	A	A	A	1	None
63.5	32	1/4	1.0	58	V	V	True	('E', 'G#', 'B')	E	E	0	major triad	(4, 8, 11)	A	A	A	A	5	None
64.5	33	0	0.5	59	I	I	True	('A', 'C#', 'E')	A	A	0	major triad	(1, 4, 9)	A	A	A	A	1	None
65.0	33	1/8	0.5	60	IV	IV	True	('D', 'F#', 'A')	D	D	0	major triad	(2, 6, 9)	A	A	A	A	4	None
65.5	33	1/4	0.5	61	I6	I	True	('C#', 'E', 'A')	C#	A	1	major triad	(1, 4, 9)	A	A	A	A	1	None
66.0	33	3/8	0.5	62	IV	IV	True	('D', 'F#', 'A')	D	D	0	major triad	(2, 6, 9)	A	A	A	A	4	None
66.5	34	0	2.0	63	V	V	True	('E', 'G#', 'B')	E	E	0	major triad	(4, 8, 11)	A	A	A	A	5	None
68.5	35	0	0.5	64	I	I	True	('A', 'C#', 'E')	A	A	0	major triad	(1, 4, 9)	A	A	A	A	1	None
69.0	35	1/8	0.5	65	IV	IV	True	('D', 'F#', 'A')	D	D	0	major triad	(2, 6, 9)	A	A	A	A	4	None
69.5	35	1/4	0.5	66	I6	I	True	('C#', 'E', 'A')	C#	A	1	major triad	(1, 4, 9)	A	A	A	A	1	None
70.0	35	3/8	0.5	67	IV	IV	True	('D', 'F#', 'A')	D	D	0	major triad	(2, 6, 9)	A	A	A	A	4	None
70.5	36	0	2.0	68	V	V	True	('E', 'G#', 'B')	E	E	0	major triad	(4, 8, 11)	A	A	A	A	5	None
72.5	37	0	1.5	69	I	I	True	('A', 'C#', 'E')	A	A	0	major triad	(1, 4, 9)	A	A	A	A	1	None
74.0	37	3/8	0.5	70	V	V	True	('E', 'G#', 'B')	E	E	0	major triad	(4, 8, 11)	A	A	A	A	5	None
74.5	38	0	2.0	71	I	I	True	('A', 'C#', 'E')	A	A	0	major triad	(1, 4, 9)	A	A	A	A	1	None
76.5	39	0	2.0	72	V6	V	True	('G#', 'B', 'E')	G#	E	1	major triad	(4, 8, 11)	A	A	A	A	5	None
78.5	40	0	2.0	73	I	I	True	('A', 'C#', 'E')	A	A	0	major triad	(1, 4, 9)	A	A	A	A	1	None
80.5	41	0	1.5	74	V	V	True	('E', 'G#', 'B')	E	E	0	major triad	(4, 8, 11)	A	A	A	A	5	None
82.0	41	3/8	0.5	75	V	V	True	('E', 'G#', 'B')	E	E	0	major triad	(4, 8, 11)	A	A	A	A	5	None
82.5	42	0	2.0	76	I	I	True	('A', 'C#', 'E')	A	A	0	major triad	(1, 4, 9)	A	A	A	A	1	None
84.5	43	0	2.0	77	V6	V	True	('G#', 'B', 'E')	G#	E	1	major triad	(4, 8, 11)	A	A	A	A	5	None
86.5	44	0	2.0	78	I	I	True	('A', 'C#', 'E')	A	A	0	major triad	(1, 4, 9)	A	A	A	A	1	None
88.5	45	0	1.5	79	V	V	True	('E', 'G#', 'B')	E	E	0	major triad	(4, 8, 11)	A	A	A	A	5	None
90.0	45	3/8	0.5	80	V/V	V/V	True	('B', 'D#', 'F#')	B	B	0	major triad	(3, 6, 11)	A	A	A	E	5	5
90.5	46	0	2.0	81	V65/V	V7/V	True	('D#', 'F#', 'A', 'B')	D#	B	1	dominant seventh chord	(3, 6, 9, 11)	A	A	A	E	5	5
92.5	47	0	2.0	82	V	V	True	('E', 'G#', 'B')	E	E	0	major triad	(4, 8, 11)	A	A	A	A	5	None
94.5	48	0	2.0	83	V65/V	V7/V	True	('D#', 'F#', 'A', 'B')	D#	B	1	dominant seventh chord	(3, 6, 9, 11)	A	A	A	E	5	5
96.5	49	0	1.5	84	V	V	True	('E', 'G#', 'B')	E	E	0	major triad	(4, 8, 11)	A	A	A	A	5	None
98.0	49	3/8	0.5	85	V6	V	True	('G#', 'B', 'E')	G#	E	1	major triad	(4, 8, 11)	A	A	A	A	5	None
98.5	50	0	1.0	86	vi	vi	True	('F#', 'A', 'C#')	F#	F#	0	minor triad	(1, 6, 9)	A	A	A	A	6	None
99.5	50	1/4	1.0	87	V7/V	V7/V	True	('B', 'D#', 'F#', 'A')	B	B	0	dominant seventh chord	(3, 6, 9, 11)	A	A	A	E	5	5
100.5	51	0	1.5	88	V	V	True	('E', 'G#', 'B')	E	E	0	major triad	(4, 8, 11)	A	A	A	A	5	None
102.0	51	3/8	0.5	89	V6	V	True	('G#', 'B', 'E')	G#	E	1	major triad	(4, 8, 11)	A	A	A	A	5	None
102.5	52	0	1.0	90	vi	vi	True	('F#', 'A', 'C#')	F#	F#	0	minor triad	(1, 6, 9)	A	A	A	A	6	None
103.5	52	1/4	1.0	91	V7/V	V7/V	True	('B', 'D#', 'F#', 'A')	B	B	0	dominant seventh chord	(3, 6, 9, 11)	A	A	A	E	5	5
104.5	53	0	1.5	92	V	V	True	('E', 'G#', 'B')	E	E	0	major triad	(4, 8, 11)	A	A	A	A	5	None
106.0	53	3/8	0.5	93	V6	V	True	('G#', 'B', 'E')	G#	E	1	major triad	(4, 8, 11)	A	A	A	A	5	None
106.5	54	0	1.0	94	vi	vi	True	('F#', 'A', 'C#')	F#	F#	0	minor triad	(1, 6, 9)	A	A	A	A	6	None
107.5	54	1/4	1.0	95	V7/V	V7/V	True	('B', 'D#', 'F#', 'A')	B	B	0	dominant seventh chord	(3, 6, 9, 11)	A	A	A	E	5	5
108.5	55	0	1.5	96	V	V	True	('E', 'G#', 'B')	E	E	0	major triad	(4, 8, 11)	A	A	A	A	5	None
110.0	55	3/8	0.5	97	V6	V	True	('G#', 'B', 'E')	G#	E	1	major triad	(4, 8, 11)	A	A	A	A	5	None
110.5	56	0	1.0	98	vi	vi	True	('F#', 'A', 'C#')	F#	F#	0	minor triad	(1, 6, 9)	A	A	A	A	6	None
111.5	56	1/4	1.0	99	V7/V	V7/V	True	('B', 'D#', 'F#', 'A')	B	B	0	dominant seventh chord	(3, 6, 9, 11)	A	A	A	E	5	5
112.5	57	0	1.0	100	V	V	True	('E', 'G#', 'B')	E	E	0	major triad	(4, 8, 11)	A	A	A	A	5	None
113.5	57	1/4	1.0	101	V65/V	V7/V	True	('D#', 'F#', 'A', 'B')	D#	B	1	dominant seventh chord	(3, 6, 9, 11)	A	A	A	E	5	5
114.5	58	0	1.0	102	V	V	True	('E', 'G#', 'B')	E	E	0	major triad	(4, 8, 11)	A	A	A	A	5	None
115.5	58	1/4	1.0	103	V7/V	V7/V	True	('B', 'D#', 'F#', 'A')	B	B	0	dominant seventh chord	(3, 6, 9, 11)	A	A	A	E	5	5
116.5	59	0	2.0	104	V7/V	V7/V	True	('B', 'D#', 'F#', 'A')	B	B	0	dominant seventh chord	(3, 6, 9, 11)	A	A	A	E	5	5
118.5	60	0	1.5	105	V	V	True	('E', 'G#', 'B')	E	E	0	major triad	(4, 8, 11)	A	A	A	A	5	None
120.0	60	3/8	0.5	106	iii	iii	True	('C#', 'E', 'G#')	C#	C#	0	minor triad	(1, 4, 8)	A	A	A	A	3	None
120.5	61	0	2.0	107	V65/ii	V7/ii	True	('A#', 'C#', 'E', 'F#')	A#	F#	1	dominant seventh chord	(1, 4, 6, 10)	A	A	A	b	5	2
122.5	62	0	1.5	108	ii	ii	True	('B', 'D', 'F#')	B	B	0	minor triad	(2, 6, 11)	A	A	A	A	2	None
124.0	62	3/8	0.5	109	V6	V	True	('G#', 'B', 'E')	G#	E	1	major triad	(4, 8, 11)	A	A	A	A	5	None
124.5	63	0	0.5	110	I	I	True	('A', 'C#', 'E')	A	A	0	major triad	(1, 4, 9)	A	A	A	A	1	None
125.0	63	1/8	0.5	111	I6	I	True	('C#', 'E', 'A')	C#	A	1	major triad	(1, 4, 9)	A	A	A	A	1	None
125.5	63	1/4	0.5	112	viio6	viio	True	('B', 'D', 'G#')	B	G#	1	diminished triad	(2, 8, 11)	A	A	A	A	7	None
126.0	63	3/8	0.5	113	I	I	True	('A', 'C#', 'E')	A	A	0	major triad	(1, 4, 9)	A	A	A	A	1	None
126.5	64	0	1.5	114	V	V	True	('E', 'G#', 'B')	E	E	0	major triad	(4, 8, 11)	A	A	A	A	5	None
128.0	64	3/8	0.5	115	I	I	True	('A', 'C#', 'E')	A	A	0	major triad	(1, 4, 9)	A	A	A	A	1	None
128.5	65	0	2.0	116	I	I	True	('A', 'C#', 'E')	A	A	0	major triad	(1, 4, 9)	A	A	A	A	1	None
130.5	66	0	2.0	117	V65	V7	True	('G#', 'B', 'D', 'E')	G#	E	1	dominant seventh chord	(2, 4, 8, 11)	A	A	A	A	5	None
132.5	67	0	2.0	118	I	I	True	('A', 'C#', 'E')	A	A	0	major triad	(1, 4, 9)	A	A	A	A	1	None
134.5	68	0	2.0	119	V6	V	True	('G#', 'B', 'E')	G#	E	1	major triad	(4, 8, 11)	A	A	A	A	5	None
136.5	69	0	1.0	120	I	I	True	('A', 'C#', 'E')	A	A	0	major triad	(1, 4, 9)	A	A	A	A	1	None
137.5	69	1/4	1.0	121	V	V	True	('E', 'G#', 'B')	E	E	0	major triad	(4, 8, 11)	A	A	A	A	5	None
138.5	70	0	1.5	122	vi	vi	True	('F#', 'A', 'C#')	F#	F#	0	minor triad	(1, 6, 9)	A	A	A	A	6	None
140.0	70	3/8	0.5	123	IV	IV	True	('D', 'F#', 'A')	D	D	0	major triad	(2, 6, 9)	A	A	A	A	4	None
140.5	71	0	2.0	124	V7	V7	True	('E', 'G#', 'B', 'D')	E	E	0	dominant seventh chord	(2, 4, 8, 11)	A	A	A	A	5	None
142.5	72	0	1.5	125	vi	vi	True	('F#', 'A', 'C#')	F#	F#	0	minor triad	(1, 6, 9)	A	A	A	A	6	None
144.0	72	3/8	0.5	126	IV	IV	True	('D', 'F#', 'A')	D	D	0	major triad	(2, 6, 9)	A	A	A	A	4	None
144.5	73	0	2.0	127	V7	V7	True	('E', 'G#', 'B', 'D')	E	E	0	dominant seventh chord	(2, 4, 8, 11)	A	A	A	A	5	None
146.5	74	0	1.5	128	I	I	True	('A', 'C#', 'E')	A	A	0	major triad	(1, 4, 9)	A	A	A	A	1	None
148.0	74	3/8	0.5	129	V	V	True	('E', 'G#', 'B')	E	E	0	major triad	(4, 8, 11)	A	A	A	A	5	None
148.5	75	0	2.0	130	I	I	True	('A', 'C#', 'E')	A	A	0	major triad	(1, 4, 9)	A	A	A	A	1	None
150.5	76	0	1.5	131	V6	V	True	('G#', 'B', 'E')	G#	E	1	major triad	(4, 8, 11)	A	A	A	A	5	None
152.0	76	3/8	0.5	132	V42	V7	True	('D', 'E', 'G#', 'B')	D	E	3	dominant seventh chord	(2, 4, 8, 11)	A	A	A	A	5	None
152.5	77	0	0.5	133	I6	I	True	('C#', 'E', 'A')	C#	A	1	major triad	(1, 4, 9)	A	A	A	A	1	None
153.0	77	1/8	0.5	134	I	I	True	('A', 'C#', 'E')	A	A	0	major triad	(1, 4, 9)	A	A	A	A	1	None
153.5	77	1/4	0.5	135	V65	V7	True	('G#', 'B', 'D', 'E')	G#	E	1	dominant seventh chord	(2, 4, 8, 11)	A	A	A	A	5	None
154.0	77	3/8	0.5	136	I	I	True	('A', 'C#', 'E')	A	A	0	major triad	(1, 4, 9)	A	A	A	A	1	None
154.5	78	0	1.5	137	V	V	True	('E', 'G#', 'B')	E	E	0	major triad	(4, 8, 11)	A	A	A	A	5	None
156.0	78	3/8	0.5	138	V	V	True	('E', 'G#', 'B')	E	E	0	major triad	(4, 8, 11)	A	A	A	A	5	None
156.5	79	0	2.0	139	I	I	True	('A', 'C#', 'E')	A	A	0	major triad	(1, 4, 9)	A	A	A	A	1	None
158.5	80	0	1.5	140	V6	V	True	('G#', 'B', 'E')	G#	E	1	major triad	(4, 8, 11)	A	A	A	A	5	None
160.0	80	3/8	0.5	141	V42	V7	True	('D', 'E', 'G#', 'B')	D	E	3	dominant seventh chord	(2, 4, 8, 11)	A	A	A	A	5	None
160.5	81	0	0.5	142	I6	I	True	('C#', 'E', 'A')	C#	A	1	major triad	(1, 4, 9)	A	A	A	A	1	None
161.0	81	1/8	0.5	143	I	I	True	('A', 'C#', 'E')	A	A	0	major triad	(1, 4, 9)	A	A	A	A	1	None
161.5	81	1/4	0.5	144	V65	V7	True	('G#', 'B', 'D', 'E')	G#	E	1	dominant seventh chord	(2, 4, 8, 11)	A	A	A	A	5	None
162.0	81	3/8	0.5	145	I	I	True	('A', 'C#', 'E')	A	A	0	major triad	(1, 4, 9)	A	A	A	A	1	None
162.5	82	0	1.5	146	V	V	True	('E', 'G#', 'B')	E	E	0	major triad	(4, 8, 11)	A	A	A	A	5	None
164.0	82	3/8	0.5	147	V/V	V/V	True	('B', 'D#', 'F#')	B	B	0	major triad	(3, 6, 11)	A	A	A	E	5	5
164.5	83	0	2.0	148	V65/V	V7/V	True	('D#', 'F#', 'A', 'B')	D#	B	1	dominant seventh chord	(3, 6, 9, 11)	A	A	A	E	5	5
166.5	84	0	2.0	149	V	V	True	('E', 'G#', 'B')	E	E	0	major triad	(4, 8, 11)	A	A	A	A	5	None
168.5	85	0	2.0	150	V65/V	V7/V	True	('D#', 'F#', 'A', 'B')	D#	B	1	dominant seventh chord	(3, 6, 9, 11)	A	A	A	E	5	5
170.5	86	0	1.5	151	V	V	True	('E', 'G#', 'B')	E	E	0	major triad	(4, 8, 11)	A	A	A	A	5	None
172.0	86	3/8	0.5	152	V6	V	True	('G#', 'B', 'E')	G#	E	1	major triad	(4, 8, 11)	A	A	A	A	5	None
172.5	87	0	1.0	153	I	I	True	('A', 'C#', 'E')	A	A	0	major triad	(1, 4, 9)	A	A	A	A	1	None
173.5	87	1/4	1.0	154	V/V	V/V	True	('B', 'D#', 'F#')	B	B	0	major triad	(3, 6, 11)	A	A	A	E	5	5
174.5	88	0	1.5	155	V6	V	True	('G#', 'B', 'E')	G#	E	1	major triad	(4, 8, 11)	A	A	A	A	5	None
176.0	88	3/8	0.5	156	V6	V	True	('G#', 'B', 'E')	G#	E	1	major triad	(4, 8, 11)	A	A	A	A	5	None
176.5	89	0	1.0	157	I	I	True	('A', 'C#', 'E')	A	A	0	major triad	(1, 4, 9)	A	A	A	A	1	None
177.5	89	1/4	1.0	158	viio64/V	viio/V	True	('A', 'D#', 'F#')	A	D#	2	diminished triad	(3, 6, 9)	A	A	A	E	7	5
178.5	90	0	1.5	159	V6	V	True	('G#', 'B', 'E')	G#	E	1	major triad	(4, 8, 11)	A	A	A	A	5	None
180.0	90	3/8	0.5	160	V6	V	True	('G#', 'B', 'E')	G#	E	1	major triad	(4, 8, 11)	A	A	A	A	5	None
180.5	91	0	1.0	161	I	I	True	('A', 'C#', 'E')	A	A	0	major triad	(1, 4, 9)	A	A	A	A	1	None
181.5	91	1/4	1.0	162	V/V	V/V	True	('B', 'D#', 'F#')	B	B	0	major triad	(3, 6, 11)	A	A	A	E	5	5
182.5	92	0	1.5	163	V6	V	True	('G#', 'B', 'E')	G#	E	1	major triad	(4, 8, 11)	A	A	A	A	5	None
184.0	92	3/8	0.5	164	V6	V	True	('G#', 'B', 'E')	G#	E	1	major triad	(4, 8, 11)	A	A	A	A	5	None
184.5	93	0	1.0	165	I	I	True	('A', 'C#', 'E')	A	A	0	major triad	(1, 4, 9)	A	A	A	A	1	None
185.5	93	1/4	1.0	166	viio64/V	viio/V	True	('A', 'D#', 'F#')	A	D#	2	diminished triad	(3, 6, 9)	A	A	A	E	7	5
186.5	94	0	1.0	167	V6	V	True	('G#', 'B', 'E')	G#	E	1	major triad	(4, 8, 11)	A	A	A	A	5	None
187.5	94	1/4	1.0	168	viio64/V	viio/V	True	('A', 'D#', 'F#')	A	D#	2	diminished triad	(3, 6, 9)	A	A	A	E	7	5
188.5	95	0	1.0	169	V	V	True	('E', 'G#', 'B')	E	E	0	major triad	(4, 8, 11)	A	A	A	A	5	None
189.5	95	1/4	1.0	170	V/V	V/V	True	('B', 'D#', 'F#')	B	B	0	major triad	(3, 6, 11)	A	A	A	E	5	5
190.5	96	0	2.0	171	V/V	V/V	True	('B', 'D#', 'F#')	B	B	0	major triad	(3, 6, 11)	A	A	A	E	5	5
192.5	97	0	1.0	172	V	V	True	('E', 'G#', 'B')	E	E	0	major triad	(4, 8, 11)	A	A	A	A	5	None
193.5	97	1/4	1.0	173	V	V	True	('E', 'G#', 'B')	E	E	0	major triad	(4, 8, 11)	A	A	A	A	5	None
194.5	98	0	2.0	174	V43/ii	V7/ii	True	('C#', 'E', 'F#', 'A#')	C#	F#	2	dominant seventh chord	(1, 4, 6, 10)	A	A	A	b	5	2
196.5	99	0	1.0	175	ii	ii	True	('B', 'D', 'F#')	B	B	0	minor triad	(2, 6, 11)	A	A	A	A	2	None
197.5	99	1/4	1.0	176	V43	V7	True	('B', 'D', 'E', 'G#')	B	E	2	dominant seventh chord	(2, 4, 8, 11)	A	A	A	A	5	None
198.5	100	0	2.0	177	I	I	True	('A', 'C#', 'E')	A	A	0	major triad	(1, 4, 9)	A	A	A	A	1	None
200.5	101	0	2.0	178	V	V	True	('E', 'G#', 'B')	E	E	0	major triad	(4, 8, 11)	A	A	A	A	5	None
202.5	102	0	2.0	179	I	I	True	('A', 'C#', 'E')	A	A	0	major triad	(1, 4, 9)	A	A	A	A	1	None
204.5	103	0	2.0	180	V65	V7	True	('G#', 'B', 'D', 'E')	G#	E	1	dominant seventh chord	(2, 4, 8, 11)	A	A	A	A	5	None
206.5	104	0	2.0	181	I	I	True	('A', 'C#', 'E')	A	A	0	major triad	(1, 4, 9)	A	A	A	A	1	None
208.5	105	0	2.0	182	V65	V7	True	('G#', 'B', 'D', 'E')	G#	E	1	dominant seventh chord	(2, 4, 8, 11)	A	A	A	A	5	None
210.5	106	0	1.0	183	I	I	True	('A', 'C#', 'E')	A	A	0	major triad	(1, 4, 9)	A	A	A	A	1	None
211.5	106	1/4	1.0	184	V	V	True	('E', 'G#', 'B')	E	E	0	major triad	(4, 8, 11)	A	A	A	A	5	None
212.5	107	0	0.5	185	I	I	True	('A', 'C#', 'E')	A	A	0	major triad	(1, 4, 9)	A	A	A	A	1	None
213.0	107	1/8	0.5	186	IV	IV	True	('D', 'F#', 'A')	D	D	0	major triad	(2, 6, 9)	A	A	A	A	4	None
213.5	107	1/4	0.5	187	I6	I	True	('C#', 'E', 'A')	C#	A	1	major triad	(1, 4, 9)	A	A	A	A	1	None
214.0	107	3/8	0.5	188	IV	IV	True	('D', 'F#', 'A')	D	D	0	major triad	(2, 6, 9)	A	A	A	A	4	None
214.5	108	0	2.0	189	V	V	True	('E', 'G#', 'B')	E	E	0	major triad	(4, 8, 11)	A	A	A	A	5	None
216.5	109	0	0.5	190	I	I	True	('A', 'C#', 'E')	A	A	0	major triad	(1, 4, 9)	A	A	A	A	1	None
217.0	109	1/8	0.5	191	IV	IV	True	('D', 'F#', 'A')	D	D	0	major triad	(2, 6, 9)	A	A	A	A	4	None
217.5	109	1/4	0.5	192	I6	I	True	('C#', 'E', 'A')	C#	A	1	major triad	(1, 4, 9)	A	A	A	A	1	None
218.0	109	3/8	0.5	193	IV	IV	True	('D', 'F#', 'A')	D	D	0	major triad	(2, 6, 9)	A	A	A	A	4	None
218.5	110	0	2.0	194	V	V	True	('E', 'G#', 'B')	E	E	0	major triad	(4, 8, 11)	A	A	A	A	5	None
220.5	111	0	1.5	195	I	I	True	('A', 'C#', 'E')	A	A	0	major triad	(1, 4, 9)	A	A	A	A	1	None
222.0	111	3/8	0.5	196	V	V	True	('E', 'G#', 'B')	E	E	0	major triad	(4, 8, 11)	A	A	A	A	5	None
222.5	112	0	2.0	197	I	I	True	('A', 'C#', 'E')	A	A	0	major triad	(1, 4, 9)	A	A	A	A	1	None
224.5	113	0	2.0	198	V65	V7	True	('G#', 'B', 'D', 'E')	G#	E	1	dominant seventh chord	(2, 4, 8, 11)	A	A	A	A	5	None
226.5	114	0	0.5	199	I	I	True	('A', 'C#', 'E')	A	A	0	major triad	(1, 4, 9)	A	A	A	A	1	None
227.0	114	1/8	0.5	200	I64	I	True	('E', 'A', 'C#')	E	A	2	major triad	(1, 4, 9)	A	A	A	A	1	None
227.5	114	1/4	0.5	201	viio	viio	True	('G#', 'B', 'D')	G#	G#	0	diminished triad	(2, 8, 11)	A	A	A	A	7	None
228.0	114	3/8	0.5	202	I	I	True	('A', 'C#', 'E')	A	A	0	major triad	(1, 4, 9)	A	A	A	A	1	None
228.5	115	0	1.5	203	V	V	True	('E', 'G#', 'B')	E	E	0	major triad	(4, 8, 11)	A	A	A	A	5	None
230.0	115	3/8	0.5	204	V	V	True	('E', 'G#', 'B')	E	E	0	major triad	(4, 8, 11)	A	A	A	A	5	None
230.5	116	0	2.0	205	I	I	True	('A', 'C#', 'E')	A	A	0	major triad	(1, 4, 9)	A	A	A	A	1	None
232.5	117	0	2.0	206	V65	V7	True	('G#', 'B', 'D', 'E')	G#	E	1	dominant seventh chord	(2, 4, 8, 11)	A	A	A	A	5	None
234.5	118	0	0.5	207	I	I	True	('A', 'C#', 'E')	A	A	0	major triad	(1, 4, 9)	A	A	A	A	1	None
235.0	118	1/8	0.5	208	I64	I	True	('E', 'A', 'C#')	E	A	2	major triad	(1, 4, 9)	A	A	A	A	1	None
235.5	118	1/4	0.5	209	viio	viio	True	('G#', 'B', 'D')	G#	G#	0	diminished triad	(2, 8, 11)	A	A	A	A	7	None
236.0	118	3/8	0.5	210	I	I	True	('A', 'C#', 'E')	A	A	0	major triad	(1, 4, 9)	A	A	A	A	1	None
236.5	119	0	1.5	211	V	V	True	('E', 'G#', 'B')	E	E	0	major triad	(4, 8, 11)	A	A	A	A	5	None
238.0	119	3/8	0.5	212	V/V	V/V	True	('B', 'D#', 'F#')	B	B	0	major triad	(3, 6, 11)	A	A	A	E	5	5
238.5	120	0	2.0	213	V6/V	V/V	True	('D#', 'F#', 'B')	D#	B	1	major triad	(3, 6, 11)	A	A	A	E	5	5
240.5	121	0	2.0	214	V	V	True	('E', 'G#', 'B')	E	E	0	major triad	(4, 8, 11)	A	A	A	A	5	None
242.5	122	0	1.0	215	V6/V	V/V	True	('D#', 'F#', 'B')	D#	B	1	major triad	(3, 6, 11)	A	A	A	E	5	5
243.5	122	1/4	1.0	216	V65/V	V7/V	True	('D#', 'F#', 'A', 'B')	D#	B	1	dominant seventh chord	(3, 6, 9, 11)	A	A	A	E	5	5
244.5	123	0	1.5	217	V	V	True	('E', 'G#', 'B')	E	E	0	major triad	(4, 8, 11)	A	A	A	A	5	None
246.0	123	3/8	0.5	218	V6	V	True	('G#', 'B', 'E')	G#	E	1	major triad	(4, 8, 11)	A	A	A	A	5	None
246.5	124	0	0.5	219	I	I	True	('A', 'C#', 'E')	A	A	0	major triad	(1, 4, 9)	A	A	A	A	1	None
247.0	124	1/8	0.5	220	vi6	vi	True	('A', 'C#', 'F#')	A	F#	1	minor triad	(1, 6, 9)	A	A	A	A	6	None
247.5	124	1/4	1.0	221	V/V	V/V	True	('B', 'D#', 'F#')	B	B	0	major triad	(3, 6, 11)	A	A	A	E	5	5
248.5	125	0	1.5	222	V6	V	True	('G#', 'B', 'E')	G#	E	1	major triad	(4, 8, 11)	A	A	A	A	5	None
250.0	125	3/8	0.5	223	V6	V	True	('G#', 'B', 'E')	G#	E	1	major triad	(4, 8, 11)	A	A	A	A	5	None
250.5	126	0	0.5	224	I	I	True	('A', 'C#', 'E')	A	A	0	major triad	(1, 4, 9)	A	A	A	A	1	None
251.0	126	1/8	0.5	225	vi6	vi	True	('A', 'C#', 'F#')	A	F#	1	minor triad	(1, 6, 9)	A	A	A	A	6	None
251.5	126	1/4	0.5	226	V/V	V/V	True	('B', 'D#', 'F#')	B	B	0	major triad	(3, 6, 11)	A	A	A	E	5	5
252.0	126	3/8	0.5	227	V7/V	V7/V	True	('B', 'D#', 'F#', 'A')	B	B	0	dominant seventh chord	(3, 6, 9, 11)	A	A	A	E	5	5
252.5	127	0	1.5	228	V	V	True	('E', 'G#', 'B')	E	E	0	major triad	(4, 8, 11)	A	A	A	A	5	None
254.0	127	3/8	0.5	229	V6	V	True	('G#', 'B', 'E')	G#	E	1	major triad	(4, 8, 11)	A	A	A	A	5	None
254.5	128	0	0.5	230	I	I	True	('A', 'C#', 'E')	A	A	0	major triad	(1, 4, 9)	A	A	A	A	1	None
255.0	128	1/8	0.5	231	vi6	vi	True	('A', 'C#', 'F#')	A	F#	1	minor triad	(1, 6, 9)	A	A	A	A	6	None
255.5	128	1/4	0.5	232	V/V	V/V	True	('B', 'D#', 'F#')	B	B	0	major triad	(3, 6, 11)	A	A	A	E	5	5
256.0	128	3/8	0.5	233	V7/V	V7/V	True	('B', 'D#', 'F#', 'A')	B	B	0	dominant seventh chord	(3, 6, 9, 11)	A	A	A	E	5	5
256.5	129	0	1.5	234	V	V	True	('E', 'G#', 'B')	E	E	0	major triad	(4, 8, 11)	A	A	A	A	5	None
258.0	129	3/8	0.5	235	V6	V	True	('G#', 'B', 'E')	G#	E	1	major triad	(4, 8, 11)	A	A	A	A	5	None
258.5	130	0	0.5	236	I	I	True	('A', 'C#', 'E')	A	A	0	major triad	(1, 4, 9)	A	A	A	A	1	None
259.0	130	1/8	0.5	237	vi6	vi	True	('A', 'C#', 'F#')	A	F#	1	minor triad	(1, 6, 9)	A	A	A	A	6	None
259.5	130	1/4	0.5	238	V/V	V/V	True	('B', 'D#', 'F#')	B	B	0	major triad	(3, 6, 11)	A	A	A	E	5	5
260.0	130	3/8	0.5	239	V7/V	V7/V	True	('B', 'D#', 'F#', 'A')	B	B	0	dominant seventh chord	(3, 6, 9, 11)	A	A	A	E	5	5
260.5	131	0	1.0	240	V	V	True	('E', 'G#', 'B')	E	E	0	major triad	(4, 8, 11)	A	A	A	A	5	None
261.5	131	1/4	1.0	241	V65/V	V7/V	True	('D#', 'F#', 'A', 'B')	D#	B	1	dominant seventh chord	(3, 6, 9, 11)	A	A	A	E	5	5
262.5	132	0	1.0	242	V	V	True	('E', 'G#', 'B')	E	E	0	major triad	(4, 8, 11)	A	A	A	A	5	None
263.5	132	1/4	1.0	243	V/V	V/V	True	('B', 'D#', 'F#')	B	B	0	major triad	(3, 6, 11)	A	A	A	E	5	5
264.5	133	0	2.0	244	V/V	V/V	True	('B', 'D#', 'F#')	B	B	0	major triad	(3, 6, 11)	A	A	A	E	5	5
266.5	134	0	1.0	245	V	V	True	('E', 'G#', 'B')	E	E	0	major triad	(4, 8, 11)	A	A	A	A	5	None
267.5	134	1/4	1.0	246	V	V	True	('E', 'G#', 'B')	E	E	0	major triad	(4, 8, 11)	A	A	A	A	5	None
268.5	135	0	1.0	247	V	V	True	('E', 'G#', 'B')	E	E	0	major triad	(4, 8, 11)	A	A	A	A	5	None
269.5	135	1/4	1.0	248	vi	vi	True	('F#', 'A', 'C#')	F#	F#	0	minor triad	(1, 6, 9)	A	A	A	A	6	None
270.5	136	0	1.5	249	ii	ii	True	('B', 'D', 'F#')	B	B	0	minor triad	(2, 6, 11)	A	A	A	A	2	None
272.0	136	3/8	0.5	250	V6	V	True	('G#', 'B', 'E')	G#	E	1	major triad	(4, 8, 11)	A	A	A	A	5	None
272.5	137	0	1.0	251	I	I	True	('A', 'C#', 'E')	A	A	0	major triad	(1, 4, 9)	A	A	A	A	1	None
273.5	137	1/4	0.5	252	viio6	viio	True	('B', 'D', 'G#')	B	G#	1	diminished triad	(2, 8, 11)	A	A	A	A	7	None
274.0	137	3/8	0.5	253	I	I	True	('A', 'C#', 'E')	A	A	0	major triad	(1, 4, 9)	A	A	A	A	1	None
274.5	138	0	1.5	254	V	V	True	('E', 'G#', 'B')	E	E	0	major triad	(4, 8, 11)	A	A	A	A	5	None
276.0	138	3/8	0.5	255	I	I	True	('A', 'C#', 'E')	A	A	0	major triad	(1, 4, 9)	A	A	A	A	1	None
276.5	139	0	2.0	256	I	I	True	('A', 'C#', 'E')	A	A	0	major triad	(1, 4, 9)	A	A	A	A	1	None
278.5	140	0	2.0	257	V65	V7	True	('G#', 'B', 'D', 'E')	G#	E	1	dominant seventh chord	(2, 4, 8, 11)	A	A	A	A	5	None
280.5	141	0	2.0	258	I	I	True	('A', 'C#', 'E')	A	A	0	major triad	(1, 4, 9)	A	A	A	A	1	None
282.5	142	0	2.0	259	V7	V7	True	('E', 'G#', 'B', 'D')	E	E	0	dominant seventh chord	(2, 4, 8, 11)	A	A	A	A	5	None
284.5	143	0	1.0	260	I	I	True	('A', 'C#', 'E')	A	A	0	major triad	(1, 4, 9)	A	A	A	A	1	None
285.5	143	1/4	1.0	261	V	V	True	('E', 'G#', 'B')	E	E	0	major triad	(4, 8, 11)	A	A	A	A	5	None
286.5	144	0	0.5	262	I	I	True	('A', 'C#', 'E')	A	A	0	major triad	(1, 4, 9)	A	A	A	A	1	None
287.0	144	1/8	0.5	263	IV64	IV	True	('A', 'D', 'F#')	A	D	2	major triad	(2, 6, 9)	A	A	A	A	4	None
287.5	144	1/4	0.5	264	I	I	True	('A', 'C#', 'E')	A	A	0	major triad	(1, 4, 9)	A	A	A	A	1	None
288.0	144	3/8	0.5	265	IV64	IV	True	('A', 'D', 'F#')	A	D	2	major triad	(2, 6, 9)	A	A	A	A	4	None
288.5	145	0	2.0	266	V	V	True	('E', 'G#', 'B')	E	E	0	major triad	(4, 8, 11)	A	A	A	A	5	None
290.5	146	0	0.5	267	I	I	True	('A', 'C#', 'E')	A	A	0	major triad	(1, 4, 9)	A	A	A	A	1	None
291.0	146	1/8	0.5	268	IV64	IV	True	('A', 'D', 'F#')	A	D	2	major triad	(2, 6, 9)	A	A	A	A	4	None
291.5	146	1/4	0.5	269	I6	I	True	('C#', 'E', 'A')	C#	A	1	major triad	(1, 4, 9)	A	A	A	A	1	None
292.0	146	3/8	0.5	270	IV64	IV	True	('A', 'D', 'F#')	A	D	2	major triad	(2, 6, 9)	A	A	A	A	4	None
292.5	147	0	2.0	271	V	V	True	('E', 'G#', 'B')	E	E	0	major triad	(4, 8, 11)	A	A	A	A	5	None
294.5	148	0	1.5	272	I	I	True	('A', 'C#', 'E')	A	A	0	major triad	(1, 4, 9)	A	A	A	A	1	None
296.0	148	3/8	0.5	273	V	V	True	('E', 'G#', 'B')	E	E	0	major triad	(4, 8, 11)	A	A	A	A	5	None
296.5	149	0	2.0	274	I	I	True	('A', 'C#', 'E')	A	A	0	major triad	(1, 4, 9)	A	A	A	A	1	None
298.5	150	0	2.0	275	V6	V	True	('G#', 'B', 'E')	G#	E	1	major triad	(4, 8, 11)	A	A	A	A	5	None
300.5	151	0	0.5	276	I	I	True	('A', 'C#', 'E')	A	A	0	major triad	(1, 4, 9)	A	A	A	A	1	None
301.0	151	1/8	0.5	277	I6	I	True	('C#', 'E', 'A')	C#	A	1	major triad	(1, 4, 9)	A	A	A	A	1	None
301.5	151	1/4	0.5	278	V43	V7	True	('B', 'D', 'E', 'G#')	B	E	2	dominant seventh chord	(2, 4, 8, 11)	A	A	A	A	5	None
302.0	151	3/8	0.5	279	I	I	True	('A', 'C#', 'E')	A	A	0	major triad	(1, 4, 9)	A	A	A	A	1	None
302.5	152	0	1.0	280	V	V	True	('E', 'G#', 'B')	E	E	0	major triad	(4, 8, 11)	A	A	A	A	5	None
303.5	152	1/4	1.0	281	V	V	True	('E', 'G#', 'B')	E	E	0	major triad	(4, 8, 11)	A	A	A	A	5	None
304.5	153	0	2.0	282	I	I	True	('A', 'C#', 'E')	A	A	0	major triad	(1, 4, 9)	A	A	A	A	1	None
306.5	154	0	2.0	283	V6	V	True	('G#', 'B', 'E')	G#	E	1	major triad	(4, 8, 11)	A	A	A	A	5	None
308.5	155	0	0.5	284	I	I	True	('A', 'C#', 'E')	A	A	0	major triad	(1, 4, 9)	A	A	A	A	1	None
309.0	155	1/8	0.5	285	I6	I	True	('C#', 'E', 'A')	C#	A	1	major triad	(1, 4, 9)	A	A	A	A	1	None
309.5	155	1/4	0.5	286	V43	V7	True	('B', 'D', 'E', 'G#')	B	E	2	dominant seventh chord	(2, 4, 8, 11)	A	A	A	A	5	None
310.0	155	3/8	0.5	287	I	I	True	('A', 'C#', 'E')	A	A	0	major triad	(1, 4, 9)	A	A	A	A	1	None
310.5	156	0	1.0	288	V	V	True	('E', 'G#', 'B')	E	E	0	major triad	(4, 8, 11)	A	A	A	A	5	None
311.5	156	1/4	1.0	289	V/V	V/V	True	('B', 'D#', 'F#')	B	B	0	major triad	(3, 6, 11)	A	A	A	E	5	5
312.5	157	0	2.0	290	V6/V	V/V	True	('D#', 'F#', 'B')	D#	B	1	major triad	(3, 6, 11)	A	A	A	E	5	5
314.5	158	0	2.0	291	V	V	True	('E', 'G#', 'B')	E	E	0	major triad	(4, 8, 11)	A	A	A	A	5	None
316.5	159	0	2.0	292	V6/V	V/V	True	('D#', 'F#', 'B')	D#	B	1	major triad	(3, 6, 11)	A	A	A	E	5	5
318.5	160	0	2.0	293	V	V	True	('E', 'G#', 'B')	E	E	0	major triad	(4, 8, 11)	A	A	A	A	5	None
320.5	161	0	1.0	294	I	I	True	('A', 'C#', 'E')	A	A	0	major triad	(1, 4, 9)	A	A	A	A	1	None
321.5	161	1/4	0.5	295	V/V	V/V	True	('B', 'D#', 'F#')	B	B	0	major triad	(3, 6, 11)	A	A	A	E	5	5
322.0	161	3/8	0.5	296	V42/V	V7/V	True	('A', 'B', 'D#', 'F#')	A	B	3	dominant seventh chord	(3, 6, 9, 11)	A	A	A	E	5	5
322.5	162	0	1.5	297	V6	V	True	('G#', 'B', 'E')	G#	E	1	major triad	(4, 8, 11)	A	A	A	A	5	None
324.0	162	3/8	0.5	298	V	V	True	('E', 'G#', 'B')	E	E	0	major triad	(4, 8, 11)	A	A	A	A	5	None
324.5	163	0	1.0	299	I	I	True	('A', 'C#', 'E')	A	A	0	major triad	(1, 4, 9)	A	A	A	A	1	None
325.5	163	1/4	0.5	300	V/V	V/V	True	('B', 'D#', 'F#')	B	B	0	major triad	(3, 6, 11)	A	A	A	E	5	5
326.0	163	3/8	0.5	301	V42/V	V7/V	True	('A', 'B', 'D#', 'F#')	A	B	3	dominant seventh chord	(3, 6, 9, 11)	A	A	A	E	5	5
326.5	164	0	1.5	302	V6	V	True	('G#', 'B', 'E')	G#	E	1	major triad	(4, 8, 11)	A	A	A	A	5	None
328.0	164	3/8	0.5	303	V	V	True	('E', 'G#', 'B')	E	E	0	major triad	(4, 8, 11)	A	A	A	A	5	None
328.5	165	0	1.0	304	I	I	True	('A', 'C#', 'E')	A	A	0	major triad	(1, 4, 9)	A	A	A	A	1	None
329.5	165	1/4	0.5	305	V/V	V/V	True	('B', 'D#', 'F#')	B	B	0	major triad	(3, 6, 11)	A	A	A	E	5	5
330.0	165	3/8	0.5	306	V42/V	V7/V	True	('A', 'B', 'D#', 'F#')	A	B	3	dominant seventh chord	(3, 6, 9, 11)	A	A	A	E	5	5
330.5	166	0	1.5	307	V6	V	True	('G#', 'B', 'E')	G#	E	1	major triad	(4, 8, 11)	A	A	A	A	5	None
332.0	166	3/8	0.5	308	V	V	True	('E', 'G#', 'B')	E	E	0	major triad	(4, 8, 11)	A	A	A	A	5	None
332.5	167	0	1.0	309	I	I	True	('A', 'C#', 'E')	A	A	0	major triad	(1, 4, 9)	A	A	A	A	1	None
333.5	167	1/4	0.5	310	V/V	V/V	True	('B', 'D#', 'F#')	B	B	0	major triad	(3, 6, 11)	A	A	A	E	5	5
334.0	167	3/8	0.5	311	V42/V	V7/V	True	('A', 'B', 'D#', 'F#')	A	B	3	dominant seventh chord	(3, 6, 9, 11)	A	A	A	E	5	5
334.5	168	0	0.5	312	V	V	True	('E', 'G#', 'B')	E	E	0	major triad	(4, 8, 11)	A	A	A	A	5	None
335.0	168	1/8	0.5	313	V6	V	True	('G#', 'B', 'E')	G#	E	1	major triad	(4, 8, 11)	A	A	A	A	5	None
335.5	168	1/4	1.0	314	V65/V	V7/V	True	('D#', 'F#', 'A', 'B')	D#	B	1	dominant seventh chord	(3, 6, 9, 11)	A	A	A	E	5	5
336.5	169	0	1.0	315	V	V	True	('E', 'G#', 'B')	E	E	0	major triad	(4, 8, 11)	A	A	A	A	5	None
337.5	169	1/4	1.0	316	V/V	V/V	True	('B', 'D#', 'F#')	B	B	0	major triad	(3, 6, 11)	A	A	A	E	5	5
338.5	170	0	2.0	317	V/V	V/V	True	('B', 'D#', 'F#')	B	B	0	major triad	(3, 6, 11)	A	A	A	E	5	5
340.5	171	0	2.0	318	V	V	True	('E', 'G#', 'B')	E	E	0	major triad	(4, 8, 11)	A	A	A	A	5	None
342.5	172	0	1.0	319	iii	iii	True	('C#', 'E', 'G#')	C#	C#	0	minor triad	(1, 4, 8)	A	A	A	A	3	None
343.5	172	1/4	1.0	320	viio/ii	viio/ii	True	('A#', 'C#', 'E')	A#	A#	0	diminished triad	(1, 4, 10)	A	A	A	b	#7	2
344.5	173	0	1.5	321	ii42	ii7	True	('A', 'B', 'D', 'F#')	A	B	3	minor seventh chord	(2, 6, 9, 11)	A	A	A	A	2	None
346.0	173	3/8	0.5	322	V6	V	True	('G#', 'B', 'E')	G#	E	1	major triad	(4, 8, 11)	A	A	A	A	5	None
346.5	174	0	0.5	323	I	I	True	('A', 'C#', 'E')	A	A	0	major triad	(1, 4, 9)	A	A	A	A	1	None
347.0	174	1/8	0.5	324	I6	I	True	('C#', 'E', 'A')	C#	A	1	major triad	(1, 4, 9)	A	A	A	A	1	None
347.5	174	1/4	0.5	325	viio6	viio	True	('B', 'D', 'G#')	B	G#	1	diminished triad	(2, 8, 11)	A	A	A	A	7	None
348.0	174	3/8	0.5	326	I	I	True	('A', 'C#', 'E')	A	A	0	major triad	(1, 4, 9)	A	A	A	A	1	None
348.5	175	0	1.5	327	V	V	True	('E', 'G#', 'B')	E	E	0	major triad	(4, 8, 11)	A	A	A	A	5	None
350.0	175	3/8	0.5	328	I	I	True	('A', 'C#', 'E')	A	A	0	major triad	(1, 4, 9)	A	A	A	A	1	None
350.5	176	0	0.5	329	I	I	True	('A', 'C#', 'E')	A	A	0	major triad	(1, 4, 9)	A	A	A	A	1	None
351.0	176	1/8	0.5	330	V	V	True	('E', 'G#', 'B')	E	E	0	major triad	(4, 8, 11)	A	A	A	A	5	None
351.5	176	1/4	0.5	331	I6	I	True	('C#', 'E', 'A')	C#	A	1	major triad	(1, 4, 9)	A	A	A	A	1	None
352.0	176	3/8	0.5	332	IV	IV	True	('D', 'F#', 'A')	D	D	0	major triad	(2, 6, 9)	A	A	A	A	4	None
352.5	177	0	2.0	333	V	V	True	('E', 'G#', 'B')	E	E	0	major triad	(4, 8, 11)	A	A	A	A	5	None
354.5	178	0	2.0	334	I	I	True	('A', 'C#', 'E')	A	A	0	major triad	(1, 4, 9)	A	A	A	A	1	None
356.5	179	0	2.0	335	V	V	True	('E', 'G#', 'B')	E	E	0	major triad	(4, 8, 11)	A	A	A	A	5	None
358.5	180	0	0.5	336	I	I	True	('A', 'C#', 'E')	A	A	0	major triad	(1, 4, 9)	A	A	A	A	1	None
359.0	180	1/8	0.5	337	I6	I	True	('C#', 'E', 'A')	C#	A	1	major triad	(1, 4, 9)	A	A	A	A	1	None
359.5	180	1/4	0.5	338	ii6	ii	True	('D', 'F#', 'B')	D	B	1	minor triad	(2, 6, 11)	A	A	A	A	2	None
360.0	180	3/8	0.5	339	V	V	True	('E', 'G#', 'B')	E	E	0	major triad	(4, 8, 11)	A	A	A	A	5	None
360.5	181	0	0.5	340	I	I	True	('A', 'C#', 'E')	A	A	0	major triad	(1, 4, 9)	A	A	A	A	1	None
361.0	181	1/8	0.5	341	IV	IV	True	('D', 'F#', 'A')	D	D	0	major triad	(2, 6, 9)	A	A	A	A	4	None
361.5	181	1/4	0.5	342	I6	I	True	('C#', 'E', 'A')	C#	A	1	major triad	(1, 4, 9)	A	A	A	A	1	None
362.0	181	3/8	0.5	343	IV	IV	True	('D', 'F#', 'A')	D	D	0	major triad	(2, 6, 9)	A	A	A	A	4	None
362.5	182	0	1.0	344	iii	iii	True	('C#', 'E', 'G#')	C#	C#	0	minor triad	(1, 4, 8)	A	A	A	A	3	None
363.5	182	1/4	1.0	345	V	V	True	('E', 'G#', 'B')	E	E	0	major triad	(4, 8, 11)	A	A	A	A	5	None
364.5	183	0	0.5	346	I	I	True	('A', 'C#', 'E')	A	A	0	major triad	(1, 4, 9)	A	A	A	A	1	None
365.0	183	1/8	0.5	347	I	I	True	('A', 'C#', 'E')	A	A	0	major triad	(1, 4, 9)	A	A	A	A	1	None
365.5	183	1/4	0.5	348	V	V	True	('E', 'G#', 'B')	E	E	0	major triad	(4, 8, 11)	A	A	A	A	5	None
366.0	183	3/8	0.5	349	IV	IV	True	('D', 'F#', 'A')	D	D	0	major triad	(2, 6, 9)	A	A	A	A	4	None
366.5	184	0	1.0	350	iii	iii	True	('C#', 'E', 'G#')	C#	C#	0	minor triad	(1, 4, 8)	A	A	A	A	3	None
367.5	184	1/4	1.0	351	V	V	True	('E', 'G#', 'B')	E	E	0	major triad	(4, 8, 11)	A	A	A	A	5	None
368.5	185	0	1.5	352	I	I	True	('A', 'C#', 'E')	A	A	0	major triad	(1, 4, 9)	A	A	A	A	1	None
370.0	185	3/8	0.5	353	V	V	True	('E', 'G#', 'B')	E	E	0	major triad	(4, 8, 11)	A	A	A	A	5	None
370.5	186	0	2.0	354	I	I	True	('A', 'C#', 'E')	A	A	0	major triad	(1, 4, 9)	A	A	A	A	1	None
372.5	187	0	1.5	355	V	V	True	('E', 'G#', 'B')	E	E	0	major triad	(4, 8, 11)	A	A	A	A	5	None
374.0	187	3/8	0.5	356	V7	V7	True	('E', 'G#', 'B', 'D')	E	E	0	dominant seventh chord	(2, 4, 8, 11)	A	A	A	A	5	None
374.5	188	0	1.0	357	I	I	True	('A', 'C#', 'E')	A	A	0	major triad	(1, 4, 9)	A	A	A	A	1	None
375.5	188	1/4	0.75	358	V65	V7	True	('G#', 'B', 'D', 'E')	G#	E	1	dominant seventh chord	(2, 4, 8, 11)	A	A	A	A	5	None
376.25	188	7/16	0.25	359	I	I	True	('A', 'C#', 'E')	A	A	0	major triad	(1, 4, 9)	A	A	A	A	1	None
376.5	189	0	0.5	360	V	V	True	('E', 'G#', 'B')	E	E	0	major triad	(4, 8, 11)	A	A	A	A	5	None
377.0	189	1/8	1.5	361	V	V	True	('E', 'G#', 'B')	E	E	0	major triad	(4, 8, 11)	A	A	A	A	5	None
378.5	190	0	2.0	362	I	I	True	('A', 'C#', 'E')	A	A	0	major triad	(1, 4, 9)	A	A	A	A	1	None
380.5	191	0	1.5	363	V	V	True	('E', 'G#', 'B')	E	E	0	major triad	(4, 8, 11)	A	A	A	A	5	None
382.0	191	3/8	0.5	364	V7	V7	True	('E', 'G#', 'B', 'D')	E	E	0	dominant seventh chord	(2, 4, 8, 11)	A	A	A	A	5	None
382.5	192	0	1.0	365	I	I	True	('A', 'C#', 'E')	A	A	0	major triad	(1, 4, 9)	A	A	A	A	1	None
383.5	192	1/4	0.75	366	V65	V7	True	('G#', 'B', 'D', 'E')	G#	E	1	dominant seventh chord	(2, 4, 8, 11)	A	A	A	A	5	None
384.25	192	7/16	0.25	367	I	I	True	('A', 'C#', 'E')	A	A	0	major triad	(1, 4, 9)	A	A	A	A	1	None
384.5	193	0	0.5	368	V	V	True	('E', 'G#', 'B')	E	E	0	major triad	(4, 8, 11)	A	A	A	A	5	None
385.0	193	1/8	1.5	369	V/V	V/V	True	('B', 'D#', 'F#')	B	B	0	major triad	(3, 6, 11)	A	A	A	E	5	5
386.5	194	0	1.0	370	V6/V	V/V	True	('D#', 'F#', 'B')	D#	B	1	major triad	(3, 6, 11)	A	A	A	E	5	5
387.5	194	1/4	1.0	371	V65/V	V7/V	True	('D#', 'F#', 'A', 'B')	D#	B	1	dominant seventh chord	(3, 6, 9, 11)	A	A	A	E	5	5
388.5	195	0	2.0	372	V	V	True	('E', 'G#', 'B')	E	E	0	major triad	(4, 8, 11)	A	A	A	A	5	None
390.5	196	0	1.0	373	V6/V	V/V	True	('D#', 'F#', 'B')	D#	B	1	major triad	(3, 6, 11)	A	A	A	E	5	5
391.5	196	1/4	1.0	374	V65/V	V7/V	True	('D#', 'F#', 'A', 'B')	D#	B	1	dominant seventh chord	(3, 6, 9, 11)	A	A	A	E	5	5
392.5	197	0	1.5	375	V	V	True	('E', 'G#', 'B')	E	E	0	major triad	(4, 8, 11)	A	A	A	A	5	None
394.0	197	3/8	0.5	376	V	V	True	('E', 'G#', 'B')	E	E	0	major triad	(4, 8, 11)	A	A	A	A	5	None
394.5	198	0	1.0	377	I	I	True	('A', 'C#', 'E')	A	A	0	major triad	(1, 4, 9)	A	A	A	A	1	None
395.5	198	1/4	1.0	378	V42/V	V7/V	True	('A', 'B', 'D#', 'F#')	A	B	3	dominant seventh chord	(3, 6, 9, 11)	A	A	A	E	5	5
396.5	199	0	1.5	379	V6	V	True	('G#', 'B', 'E')	G#	E	1	major triad	(4, 8, 11)	A	A	A	A	5	None
398.0	199	3/8	0.5	380	V	V	True	('E', 'G#', 'B')	E	E	0	major triad	(4, 8, 11)	A	A	A	A	5	None
398.5	200	0	1.0	381	I6	I	True	('C#', 'E', 'A')	C#	A	1	major triad	(1, 4, 9)	A	A	A	A	1	None
399.5	200	1/4	1.0	382	V65/V	V7/V	True	('D#', 'F#', 'A', 'B')	D#	B	1	dominant seventh chord	(3, 6, 9, 11)	A	A	A	E	5	5
400.5	201	0	1.5	383	V	V	True	('E', 'G#', 'B')	E	E	0	major triad	(4, 8, 11)	A	A	A	A	5	None
402.0	201	3/8	0.5	384	V	V	True	('E', 'G#', 'B')	E	E	0	major triad	(4, 8, 11)	A	A	A	A	5	None
402.5	202	0	1.0	385	I	I	True	('A', 'C#', 'E')	A	A	0	major triad	(1, 4, 9)	A	A	A	A	1	None
403.5	202	1/4	1.0	386	V42/V	V7/V	True	('A', 'B', 'D#', 'F#')	A	B	3	dominant seventh chord	(3, 6, 9, 11)	A	A	A	E	5	5
404.5	203	0	1.5	387	V6	V	True	('G#', 'B', 'E')	G#	E	1	major triad	(4, 8, 11)	A	A	A	A	5	None
406.0	203	3/8	0.5	388	V	V	True	('E', 'G#', 'B')	E	E	0	major triad	(4, 8, 11)	A	A	A	A	5	None
406.5	204	0	1.0	389	I6	I	True	('C#', 'E', 'A')	C#	A	1	major triad	(1, 4, 9)	A	A	A	A	1	None
407.5	204	1/4	1.0	390	V65/V	V7/V	True	('D#', 'F#', 'A', 'B')	D#	B	1	dominant seventh chord	(3, 6, 9, 11)	A	A	A	E	5	5
408.5	205	0	1.0	391	V	V	True	('E', 'G#', 'B')	E	E	0	major triad	(4, 8, 11)	A	A	A	A	5	None
409.5	205	1/4	1.0	392	V43/V	V7/V	True	('F#', 'A', 'B', 'D#')	F#	B	2	dominant seventh chord	(3, 6, 9, 11)	A	A	A	E	5	5
410.5	206	0	1.0	393	V65	V7	True	('G#', 'B', 'D', 'E')	G#	E	1	dominant seventh chord	(2, 4, 8, 11)	A	A	A	A	5	None
411.5	206	1/4	1.0	394	V6/V	V/V	True	('D#', 'F#', 'B')	D#	B	1	major triad	(3, 6, 11)	A	A	A	E	5	5
412.5	207	0	2.0	395	V6/V	V/V	True	('D#', 'F#', 'B')	D#	B	1	major triad	(3, 6, 11)	A	A	A	E	5	5
414.5	208	0	1.5	396	V	V	True	('E', 'G#', 'B')	E	E	0	major triad	(4, 8, 11)	A	A	A	A	5	None
416.0	208	3/8	1.5	397	V	V	True	('E', 'G#', 'B')	E	E	0	major triad	(4, 8, 11)	A	A	A	A	5	None
417.5	209	0	1.5	398	I	I	True	('A', 'C#', 'E')	A	A	0	major triad	(1, 4, 9)	A	A	A	A	1	None
419.0	209	3/8	1.5	399	V6/ii	V/ii	True	('A#', 'C#', 'F#')	A#	F#	1	major triad	(1, 6, 10)	A	A	A	b	5	2
420.5	210	0	1.5	400	ii	ii	True	('B', 'D', 'F#')	B	B	0	minor triad	(2, 6, 11)	A	A	A	A	2	None
422.0	210	3/8	1.5	401	V6	V	True	('G#', 'B', 'E')	G#	E	1	major triad	(4, 8, 11)	A	A	A	A	5	None
423.5	211	0	1.0	402	I	I	True	('A', 'C#', 'E')	A	A	0	major triad	(1, 4, 9)	A	A	A	A	1	None
424.5	211	1/4	0.5	403	I6	I	True	('C#', 'E', 'A')	C#	A	1	major triad	(1, 4, 9)	A	A	A	A	1	None
425.0	211	3/8	1.0	404	V43	V7	True	('B', 'D', 'E', 'G#')	B	E	2	dominant seventh chord	(2, 4, 8, 11)	A	A	A	A	5	None
426.0	211	5/8	0.5	405	I	I	True	('A', 'C#', 'E')	A	A	0	major triad	(1, 4, 9)	A	A	A	A	1	None
426.5	212	0	1.0	406	V	V	True	('E', 'G#', 'B')	E	E	0	major triad	(4, 8, 11)	A	A	A	A	5	None
427.5	212	1/4	2.0	407	I	I	True	('A', 'C#', 'E')	A	A	0	major triad	(1, 4, 9)	A	A	A	A	1	None
429.5	213	0	2.0	408	I	I	True	('A', 'C#', 'E')	A	A	0	major triad	(1, 4, 9)	A	A	A	A	1	None
431.5	214	0	2.0	409	V6	V	True	('G#', 'B', 'E')	G#	E	1	major triad	(4, 8, 11)	A	A	A	A	5	None
433.5	215	0	1.0	410	I	I	True	('A', 'C#', 'E')	A	A	0	major triad	(1, 4, 9)	A	A	A	A	1	None
434.5	215	1/4	1.0	411	I6	I	True	('C#', 'E', 'A')	C#	A	1	major triad	(1, 4, 9)	A	A	A	A	1	None
435.5	216	0	1.5	412	V6	V	True	('G#', 'B', 'E')	G#	E	1	major triad	(4, 8, 11)	A	A	A	A	5	None
437.0	216	3/8	0.5	413	V7	V7	True	('E', 'G#', 'B', 'D')	E	E	0	dominant seventh chord	(2, 4, 8, 11)	A	A	A	A	5	None
437.5	217	0	1.0	414	I	I	True	('A', 'C#', 'E')	A	A	0	major triad	(1, 4, 9)	A	A	A	A	1	None
438.5	217	1/4	1.0	415	V	V	True	('E', 'G#', 'B')	E	E	0	major triad	(4, 8, 11)	A	A	A	A	5	None
439.5	218	0	0.5	416	I	I	True	('A', 'C#', 'E')	A	A	0	major triad	(1, 4, 9)	A	A	A	A	1	None
440.0	218	1/8	1.5	417	I	I	True	('A', 'C#', 'E')	A	A	0	major triad	(1, 4, 9)	A	A	A	A	1	None
441.5	219	0	1.0	418	I	I	True	('A', 'C#', 'E')	A	A	0	major triad	(1, 4, 9)	A	A	A	A	1	None
442.5	219	1/4	0.5	419	ii	ii	True	('B', 'D', 'F#')	B	B	0	minor triad	(2, 6, 11)	A	A	A	A	2	None
443.0	219	3/8	0.5	420	V	V	True	('E', 'G#', 'B')	E	E	0	major triad	(4, 8, 11)	A	A	A	A	5	None
443.5	220	0	0.5	421	I	I	True	('A', 'C#', 'E')	A	A	0	major triad	(1, 4, 9)	A	A	A	A	1	None
444.0	220	1/8	1.0	422	I	I	True	('A', 'C#', 'E')	A	A	0	major triad	(1, 4, 9)	A	A	A	A	1	None
445.0	220	3/8	0.5	423	V	V	True	('E', 'G#', 'B')	E	E	0	major triad	(4, 8, 11)	A	A	A	A	5	None
445.5	221	0	0.5	424	I	I	True	('A', 'C#', 'E')	A	A	0	major triad	(1, 4, 9)	A	A	A	A	1	None
446.0	221	1/8	1.5	425	V	V	True	('E', 'G#', 'B')	E	E	0	major triad	(4, 8, 11)	A	A	A	A	5	None
447.5	222	0	1.5	426	I	I	True	('A', 'C#', 'E')	A	A	0	major triad	(1, 4, 9)	A	A	A	A	1	None
449.0	222	3/8	0.5	427	V	V	True	('E', 'G#', 'B')	E	E	0	major triad	(4, 8, 11)	a	a	A	a	5	None
449.5	223	0	2.0	428	i	i	True	('A', 'C', 'E')	A	A	0	minor triad	(0, 4, 9)	a	a	A	a	1	None
451.5	224	0	2.0	429	V6	V	True	('G#', 'B', 'E')	G#	E	1	major triad	(4, 8, 11)	a	a	A	a	5	None
453.5	225	0	2.0	430	i	i	True	('A', 'C', 'E')	A	A	0	minor triad	(0, 4, 9)	a	a	A	a	1	None
455.5	226	0	1.5	431	V	V	True	('E', 'G#', 'B')	E	E	0	major triad	(4, 8, 11)	a	a	A	a	5	None
457.0	226	3/8	0.5	432	V	V	True	('E', 'G#', 'B')	E	E	0	major triad	(4, 8, 11)	a	a	A	a	5	None
457.5	227	0	2.0	433	i	i	True	('A', 'C', 'E')	A	A	0	minor triad	(0, 4, 9)	a	a	A	a	1	None
459.5	228	0	2.0	434	V6	V	True	('G#', 'B', 'E')	G#	E	1	major triad	(4, 8, 11)	a	a	A	a	5	None
461.5	229	0	2.0	435	i	i	True	('A', 'C', 'E')	A	A	0	minor triad	(0, 4, 9)	a	a	A	a	1	None
463.5	230	0	1.5	436	V	V	True	('E', 'G#', 'B')	E	E	0	major triad	(4, 8, 11)	a	a	A	a	5	None
465.0	230	3/8	0.5	437	V/V	V/V	True	('B', 'D#', 'F#')	B	B	0	major triad	(3, 6, 11)	a	a	A	E	5	5
465.5	231	0	2.0	438	V6/V	V/V	True	('D#', 'F#', 'B')	D#	B	1	major triad	(3, 6, 11)	a	a	A	E	5	5
467.5	232	0	2.0	439	v	v	True	('E', 'G', 'B')	E	E	0	minor triad	(4, 7, 11)	a	a	A	a	5	None
469.5	233	0	2.0	440	V6/V	V/V	True	('D#', 'F#', 'B')	D#	B	1	major triad	(3, 6, 11)	a	a	A	E	5	5
471.5	234	0	2.0	441	v	v	True	('E', 'G', 'B')	E	E	0	minor triad	(4, 7, 11)	a	a	A	a	5	None
473.5	235	0	1.0	442	i	i	True	('A', 'C', 'E')	A	A	0	minor triad	(0, 4, 9)	a	a	A	a	1	None
474.5	235	1/4	1.0	443	viio64/v	viio/v	True	('A', 'D#', 'F#')	A	D#	2	diminished triad	(3, 6, 9)	a	a	A	e	#7	5
475.5	236	0	1.5	444	v6	v	True	('G', 'B', 'E')	G	E	1	minor triad	(4, 7, 11)	a	a	A	a	5	None
477.0	236	3/8	0.5	445	v6	v	True	('G', 'B', 'E')	G	E	1	minor triad	(4, 7, 11)	a	a	A	a	5	None
477.5	237	0	1.0	446	i	i	True	('A', 'C', 'E')	A	A	0	minor triad	(0, 4, 9)	a	a	A	a	1	None
478.5	237	1/4	1.0	447	viio64/v	viio/v	True	('A', 'D#', 'F#')	A	D#	2	diminished triad	(3, 6, 9)	a	a	A	e	#7	5
479.5	238	0	1.5	448	v6	v	True	('G', 'B', 'E')	G	E	1	minor triad	(4, 7, 11)	a	a	A	a	5	None
481.0	238	3/8	0.5	449	v6	v	True	('G', 'B', 'E')	G	E	1	minor triad	(4, 7, 11)	a	a	A	a	5	None
481.5	239	0	1.0	450	i	i	True	('A', 'C', 'E')	A	A	0	minor triad	(0, 4, 9)	a	a	A	a	1	None
482.5	239	1/4	1.0	451	viio64/v	viio/v	True	('A', 'D#', 'F#')	A	D#	2	diminished triad	(3, 6, 9)	a	a	A	e	#7	5
483.5	240	0	1.5	452	v6	v	True	('G', 'B', 'E')	G	E	1	minor triad	(4, 7, 11)	a	a	A	a	5	None
485.0	240	3/8	0.5	453	v6	v	True	('G', 'B', 'E')	G	E	1	minor triad	(4, 7, 11)	a	a	A	a	5	None
485.5	241	0	1.0	454	i	i	True	('A', 'C', 'E')	A	A	0	minor triad	(0, 4, 9)	a	a	A	a	1	None
486.5	241	1/4	1.0	455	viio43/v	viio7/v	True	('A', 'C', 'D#', 'F#')	A	D#	2	diminished seventh chord	(0, 3, 6, 9)	a	a	A	e	#7	5
487.5	242	0	1.0	456	Ger/v	Ger/v	True	('A#', 'C', 'E')	A#	A#	0	incomplete dominant-seventh chord	(0, 4, 10)	a	a	A	e	#4	5
488.5	242	1/4	1.0	457	V7/v	V7/v	True	('B', 'D#', 'F#', 'A')	B	B	0	dominant seventh chord	(3, 6, 9, 11)	a	a	A	e	5	5
489.5	243	0	1.0	458	v64	v	True	('B', 'E', 'G')	B	E	2	minor triad	(4, 7, 11)	a	a	A	a	5	None
490.5	243	1/4	1.0	459	V7/v	V7/v	True	('B', 'D#', 'F#', 'A')	B	B	0	dominant seventh chord	(3, 6, 9, 11)	a	a	A	e	5	5
491.5	244	0	2.0	460	v64	v	True	('B', 'E', 'G')	B	E	2	minor triad	(4, 7, 11)	a	a	A	a	5	None
493.5	245	0	2.0	461	V7/v	V7/v	True	('B', 'D#', 'F#', 'A')	B	B	0	dominant seventh chord	(3, 6, 9, 11)	a	a	A	e	5	5
495.5	246	0	2.0	462	V7/v	V7/v	True	('B', 'D#', 'F#', 'A')	B	B	0	dominant seventh chord	(3, 6, 9, 11)	a	a	A	e	5	5
497.5	247	0	2.0	463	V	V	True	('E', 'G#', 'B')	E	E	0	major triad	(4, 8, 11)	a	a	A	a	5	None
499.5	248	0	2.0	464	iv	iv	True	('D', 'F', 'A')	D	D	0	minor triad	(2, 5, 9)	a	a	A	a	4	None
501.5	249	0	2.0	465	V43	V7	True	('B', 'D', 'E', 'G#')	B	E	2	dominant seventh chord	(2, 4, 8, 11)	a	a	A	a	5	None
503.5	250	0	2.0	466	i	i	True	('A', 'C', 'E')	A	A	0	minor triad	(0, 4, 9)	a	a	A	a	1	None
505.5	251	0	2.0	467	V	V	True	('E', 'G#', 'B')	E	E	0	major triad	(4, 8, 11)	a	a	A	a	5	None
507.5	252	0	1.0	468	i	i	True	('A', 'C', 'E')	A	A	0	minor triad	(0, 4, 9)	a	a	A	a	1	None
508.5	252	1/4	1.0	469	i	i	True	('A', 'C', 'E')	A	A	0	minor triad	(0, 4, 9)	a	a	A	a	1	None
509.5	253	0	2.0	470	V6	V	True	('G#', 'B', 'E')	G#	E	1	major triad	(4, 8, 11)	a	a	A	a	5	None
511.5	254	0	2.0	471	i	i	True	('A', 'C', 'E')	A	A	0	minor triad	(0, 4, 9)	a	a	A	a	1	None
513.5	255	0	2.0	472	V6	V	True	('G#', 'B', 'E')	G#	E	1	major triad	(4, 8, 11)	a	a	A	a	5	None
515.5	256	0	1.0	473	i	i	True	('A', 'C', 'E')	A	A	0	minor triad	(0, 4, 9)	a	a	A	a	1	None
516.5	256	1/4	1.0	474	V	V	True	('E', 'G#', 'B')	E	E	0	major triad	(4, 8, 11)	a	a	A	a	5	None
517.5	257	0	1.0	475	VI	VI	True	('F', 'A', 'C')	F	F	0	major triad	(0, 5, 9)	a	a	A	a	6	None
518.5	257	1/4	1.0	476	iv6	iv	True	('F', 'A', 'D')	F	D	1	minor triad	(2, 5, 9)	a	a	A	a	4	None
519.5	258	0	2.0	477	V	V	True	('E', 'G#', 'B')	E	E	0	major triad	(4, 8, 11)	a	a	A	a	5	None
521.5	259	0	1.0	478	VI	VI	True	('F', 'A', 'C')	F	F	0	major triad	(0, 5, 9)	a	a	A	a	6	None
522.5	259	1/4	1.0	479	iv6	iv	True	('F', 'A', 'D')	F	D	1	minor triad	(2, 5, 9)	a	a	A	a	4	None
523.5	260	0	2.0	480	V	V	True	('E', 'G#', 'B')	E	E	0	major triad	(4, 8, 11)	a	a	A	a	5	None
525.5	261	0	1.5	481	I	I	True	('A', 'C#', 'E')	A	A	0	major triad	(1, 4, 9)	a	a	A	a	1	None
527.0	261	3/8	0.5	482	V	V	True	('E', 'G#', 'B')	E	E	0	major triad	(4, 8, 11)	A	A	A	A	5	None
527.5	262	0	3.0	483	I	I	True	('A', 'C#', 'E')	A	A	0	major triad	(1, 4, 9)	A	A	A	A	1	None
530.5	263	0	3.0	484	V6	V	True	('G#', 'B', 'E')	G#	E	1	major triad	(4, 8, 11)	A	A	A	A	5	None
533.5	264	0	1.5	485	I	I	True	('A', 'C#', 'E')	A	A	0	major triad	(1, 4, 9)	A	A	A	A	1	None
535.0	264	3/8	1.0	486	V43	V7	True	('B', 'D', 'E', 'G#')	B	E	2	dominant seventh chord	(2, 4, 8, 11)	A	A	A	A	5	None
536.0	264	5/8	0.5	487	I	I	True	('A', 'C#', 'E')	A	A	0	major triad	(1, 4, 9)	A	A	A	A	1	None
536.5	265	0	1.5	488	V	V	True	('E', 'G#', 'B')	E	E	0	major triad	(4, 8, 11)	A	A	A	A	5	None
538.0	265	3/8	1.0	489	V	V	True	('E', 'G#', 'B')	E	E	0	major triad	(4, 8, 11)	A	A	A	A	5	None
539.0	265	5/8	0.5	490	V	V	True	('E', 'G#', 'B')	E	E	0	major triad	(4, 8, 11)	A	A	A	A	5	None
539.5	266	0	3.0	491	I	I	True	('A', 'C#', 'E')	A	A	0	major triad	(1, 4, 9)	A	A	A	A	1	None
542.5	267	0	3.0	492	V6	V	True	('G#', 'B', 'E')	G#	E	1	major triad	(4, 8, 11)	A	A	A	A	5	None
545.5	268	0	1.5	493	I	I	True	('A', 'C#', 'E')	A	A	0	major triad	(1, 4, 9)	A	A	A	A	1	None
547.0	268	3/8	1.0	494	V43	V7	True	('B', 'D', 'E', 'G#')	B	E	2	dominant seventh chord	(2, 4, 8, 11)	A	A	A	A	5	None
548.0	268	5/8	0.5	495	I	I	True	('A', 'C#', 'E')	A	A	0	major triad	(1, 4, 9)	A	A	A	A	1	None
548.5	269	0	1.5	496	V	V	True	('E', 'G#', 'B')	E	E	0	major triad	(4, 8, 11)	A	A	A	A	5	None
550.0	269	3/8	1.0	497	V	V	True	('E', 'G#', 'B')	E	E	0	major triad	(4, 8, 11)	A	A	A	A	5	None
551.0	269	5/8	0.5	498	V/V	V/V	True	('B', 'D#', 'F#')	B	B	0	major triad	(3, 6, 11)	A	A	A	E	5	5
551.5	270	0	3.0	499	V6/V	V/V	True	('D#', 'F#', 'B')	D#	B	1	major triad	(3, 6, 11)	A	A	A	E	5	5
554.5	271	0	3.0	500	V	V	True	('E', 'G#', 'B')	E	E	0	major triad	(4, 8, 11)	A	A	A	A	5	None
557.5	272	0	3.0	501	V6/V	V/V	True	('D#', 'F#', 'B')	D#	B	1	major triad	(3, 6, 11)	A	A	A	E	5	5
560.5	273	0	2.0	502	V	V	True	('E', 'G#', 'B')	E	E	0	major triad	(4, 8, 11)	A	A	A	A	5	None
562.5	273	1/2	0.5	503	V	V	True	('E', 'G#', 'B')	E	E	0	major triad	(4, 8, 11)	A	A	A	A	5	None
563.0	273	5/8	0.5	504	V6	V	True	('G#', 'B', 'E')	G#	E	1	major triad	(4, 8, 11)	A	A	A	A	5	None
563.5	274	0	1.5	505	I	I	True	('A', 'C#', 'E')	A	A	0	major triad	(1, 4, 9)	A	A	A	A	1	None
565.0	274	3/8	1.5	506	V/V	V/V	True	('B', 'D#', 'F#')	B	B	0	major triad	(3, 6, 11)	A	A	A	E	5	5
566.5	275	0	1.5	507	V	V	True	('E', 'G#', 'B')	E	E	0	major triad	(4, 8, 11)	A	A	A	A	5	None
568.0	275	3/8	1.0	508	V	V	True	('E', 'G#', 'B')	E	E	0	major triad	(4, 8, 11)	A	A	A	A	5	None
569.0	275	5/8	0.5	509	V6	V	True	('G#', 'B', 'E')	G#	E	1	major triad	(4, 8, 11)	A	A	A	A	5	None
569.5	276	0	1.5	510	I	I	True	('A', 'C#', 'E')	A	A	0	major triad	(1, 4, 9)	A	A	A	A	1	None
571.0	276	3/8	1.5	511	V/V	V/V	True	('B', 'D#', 'F#')	B	B	0	major triad	(3, 6, 11)	A	A	A	E	5	5
572.5	277	0	1.5	512	V	V	True	('E', 'G#', 'B')	E	E	0	major triad	(4, 8, 11)	A	A	A	A	5	None
574.0	277	3/8	1.0	513	V	V	True	('E', 'G#', 'B')	E	E	0	major triad	(4, 8, 11)	A	A	A	A	5	None
575.0	277	5/8	0.5	514	V6	V	True	('G#', 'B', 'E')	G#	E	1	major triad	(4, 8, 11)	A	A	A	A	5	None
575.5	278	0	1.5	515	I	I	True	('A', 'C#', 'E')	A	A	0	major triad	(1, 4, 9)	A	A	A	A	1	None
577.0	278	3/8	1.5	516	V/V	V/V	True	('B', 'D#', 'F#')	B	B	0	major triad	(3, 6, 11)	A	A	A	E	5	5
578.5	279	0	1.5	517	V	V	True	('E', 'G#', 'B')	E	E	0	major triad	(4, 8, 11)	A	A	A	A	5	None
580.0	279	3/8	1.0	518	V	V	True	('E', 'G#', 'B')	E	E	0	major triad	(4, 8, 11)	A	A	A	A	5	None
581.0	279	5/8	0.5	519	V6	V	True	('G#', 'B', 'E')	G#	E	1	major triad	(4, 8, 11)	A	A	A	A	5	None
581.5	280	0	1.5	520	I	I	True	('A', 'C#', 'E')	A	A	0	major triad	(1, 4, 9)	A	A	A	A	1	None
583.0	280	3/8	1.5	521	V/V	V/V	True	('B', 'D#', 'F#')	B	B	0	major triad	(3, 6, 11)	A	A	A	E	5	5
584.5	281	0	1.5	522	viio6	viio	True	('B', 'D', 'G#')	B	G#	1	diminished triad	(2, 8, 11)	A	A	A	A	7	None
586.0	281	3/8	1.5	523	V/V	V/V	True	('B', 'D#', 'F#')	B	B	0	major triad	(3, 6, 11)	A	A	A	E	5	5
587.5	282	0	1.5	524	V64	V	True	('B', 'E', 'G#')	B	E	2	major triad	(4, 8, 11)	A	A	A	A	5	None
589.0	282	3/8	1.5	525	V7/V	V7/V	True	('B', 'D#', 'F#', 'A')	B	B	0	dominant seventh chord	(3, 6, 9, 11)	A	A	A	E	5	5
590.5	283	0	3.0	526	V7/V	V7/V	True	('B', 'D#', 'F#', 'A')	B	B	0	dominant seventh chord	(3, 6, 9, 11)	A	A	A	E	5	5
593.5	284	0	1.5	527	V	V	True	('E', 'G#', 'B')	E	E	0	major triad	(4, 8, 11)	A	A	A	A	5	None
595.0	284	3/8	1.5	528	V	V	True	('E', 'G#', 'B')	E	E	0	major triad	(4, 8, 11)	A	A	A	A	5	None
596.5	285	0	3.0	529	V43/ii	V7/ii	True	('C#', 'E', 'F#', 'A#')	C#	F#	2	dominant seventh chord	(1, 4, 6, 10)	A	A	A	b	5	2
599.5	286	0	1.5	530	ii	ii	True	('B', 'D', 'F#')	B	B	0	minor triad	(2, 6, 11)	A	A	A	A	2	None
601.0	286	3/8	1.5	531	V43	V7	True	('B', 'D', 'E', 'G#')	B	E	2	dominant seventh chord	(2, 4, 8, 11)	A	A	A	A	5	None
602.5	287	0	1.5	532	I6	I	True	('C#', 'E', 'A')	C#	A	1	major triad	(1, 4, 9)	A	A	A	A	1	None
604.0	287	3/8	1.0	533	V43	V7	True	('B', 'D', 'E', 'G#')	B	E	2	dominant seventh chord	(2, 4, 8, 11)	A	A	A	A	5	None
605.0	287	5/8	0.5	534	I	I	True	('A', 'C#', 'E')	A	A	0	major triad	(1, 4, 9)	A	A	A	A	1	None
605.5	288	0	1.5	535	V	V	True	('E', 'G#', 'B')	E	E	0	major triad	(4, 8, 11)	A	A	A	A	5	None
607.0	288	3/8	1.0	536	V	V	True	('E', 'G#', 'B')	E	E	0	major triad	(4, 8, 11)	A	A	A	A	5	None
608.0	288	5/8	0.5	537	I	I	True	('A', 'C#', 'E')	A	A	0	major triad	(1, 4, 9)	A	A	A	A	1	None
608.5	289	0	3.0	538	I	I	True	('A', 'C#', 'E')	A	A	0	major triad	(1, 4, 9)	A	A	A	A	1	None
611.5	290	0	3.0	539	V6	V	True	('G#', 'B', 'E')	G#	E	1	major triad	(4, 8, 11)	A	A	A	A	5	None
614.5	291	0	3.0	540	I	I	True	('A', 'C#', 'E')	A	A	0	major triad	(1, 4, 9)	A	A	A	A	1	None
617.5	292	0	3.0	541	V6	V	True	('G#', 'B', 'E')	G#	E	1	major triad	(4, 8, 11)	A	A	A	A	5	None
620.5	293	0	1.5	542	I	I	True	('A', 'C#', 'E')	A	A	0	major triad	(1, 4, 9)	A	A	A	A	1	None
622.0	293	3/8	1.5	543	V	V	True	('E', 'G#', 'B')	E	E	0	major triad	(4, 8, 11)	A	A	A	A	5	None
623.5	294	0	1.5	544	I	I	True	('A', 'C#', 'E')	A	A	0	major triad	(1, 4, 9)	A	A	A	A	1	None
625.0	294	3/8	1.5	545	IV	IV	True	('D', 'F#', 'A')	D	D	0	major triad	(2, 6, 9)	A	A	A	A	4	None
626.5	295	0	3.0	546	V	V	True	('E', 'G#', 'B')	E	E	0	major triad	(4, 8, 11)	A	A	A	A	5	None
629.5	296	0	1.5	547	I	I	True	('A', 'C#', 'E')	A	A	0	major triad	(1, 4, 9)	A	A	A	A	1	None
631.0	296	3/8	1.5	548	IV	IV	True	('D', 'F#', 'A')	D	D	0	major triad	(2, 6, 9)	A	A	A	A	4	None
632.5	297	0	3.0	549	V	V	True	('E', 'G#', 'B')	E	E	0	major triad	(4, 8, 11)	A	A	A	A	5	None
635.5	298	0	1.5	550	I	I	True	('A', 'C#', 'E')	A	A	0	major triad	(1, 4, 9)	A	A	A	A	1	None
637.0	298	3/8	1.0	551	I	I	True	('A', 'C#', 'E')	A	A	0	major triad	(1, 4, 9)	A	A	A	A	1	None
638.0	298	5/8	0.5	552	V	V	True	('E', 'G#', 'B')	E	E	0	major triad	(4, 8, 11)	A	A	A	A	5	None
638.5	299	0	2.0	553	I64	I	True	('E', 'A', 'C#')	E	A	2	major triad	(1, 4, 9)	A	A	A	A	1	None
640.5	300	0	2.0	554	V	V	True	('E', 'G#', 'B')	E	E	0	major triad	(4, 8, 11)	A	A	A	A	5	None
642.5	301	0	1.0	555	I64	I	True	('E', 'A', 'C#')	E	A	2	major triad	(1, 4, 9)	A	A	A	A	1	None
643.5	301	1/4	1.0	556	I	I	True	('A', 'C#', 'E')	A	A	0	major triad	(1, 4, 9)	A	A	A	A	1	None
644.5	302	0	1.5	557	V65	V7	True	('G#', 'B', 'D', 'E')	G#	E	1	dominant seventh chord	(2, 4, 8, 11)	A	A	A	A	5	None
646.0	302	3/8	0.5	558	V	V	True	('E', 'G#', 'B')	E	E	0	major triad	(4, 8, 11)	A	A	A	A	5	None
646.5	303	0	2.0	559	I64	I	True	('E', 'A', 'C#')	E	A	2	major triad	(1, 4, 9)	A	A	A	A	1	None
648.5	304	0	2.0	560	V	V	True	('E', 'G#', 'B')	E	E	0	major triad	(4, 8, 11)	A	A	A	A	5	None
650.5	305	0	1.0	561	I64	I	True	('E', 'A', 'C#')	E	A	2	major triad	(1, 4, 9)	A	A	A	A	1	None
651.5	305	1/4	1.0	562	I	I	True	('A', 'C#', 'E')	A	A	0	major triad	(1, 4, 9)	A	A	A	A	1	None
652.5	306	0	1.5	563	V	V	True	('E', 'G#', 'B')	E	E	0	major triad	(4, 8, 11)	A	A	A	A	5	None
654.0	306	3/8	0.5	564	V/V	V/V	True	('B', 'D#', 'F#')	B	B	0	major triad	(3, 6, 11)	A	A	A	E	5	5
654.5	307	0	2.0	565	V6/V	V/V	True	('D#', 'F#', 'B')	D#	B	1	major triad	(3, 6, 11)	A	A	A	E	5	5
656.5	308	0	2.0	566	V	V	True	('E', 'G#', 'B')	E	E	0	major triad	(4, 8, 11)	A	A	A	A	5	None
658.5	309	0	2.0	567	V6/V	V/V	True	('D#', 'F#', 'B')	D#	B	1	major triad	(3, 6, 11)	A	A	A	E	5	5
660.5	310	0	1.5	568	V	V	True	('E', 'G#', 'B')	E	E	0	major triad	(4, 8, 11)	A	A	A	A	5	None
662.0	310	3/8	0.5	569	V6	V	True	('G#', 'B', 'E')	G#	E	1	major triad	(4, 8, 11)	A	A	A	A	5	None
662.5	311	0	1.0	570	I	I	True	('A', 'C#', 'E')	A	A	0	major triad	(1, 4, 9)	A	A	A	A	1	None
663.5	311	1/4	1.0	571	V7/V	V7/V	True	('B', 'D#', 'F#', 'A')	B	B	0	dominant seventh chord	(3, 6, 9, 11)	A	A	A	E	5	5
664.5	312	0	1.0	572	V	V	True	('E', 'G#', 'B')	E	E	0	major triad	(4, 8, 11)	A	A	A	A	5	None
665.5	312	1/4	1.0	573	V6	V	True	('G#', 'B', 'E')	G#	E	1	major triad	(4, 8, 11)	A	A	A	A	5	None
666.5	313	0	1.0	574	I	I	True	('A', 'C#', 'E')	A	A	0	major triad	(1, 4, 9)	A	A	A	A	1	None
667.5	313	1/4	1.0	575	V/V	V/V	True	('B', 'D#', 'F#')	B	B	0	major triad	(3, 6, 11)	A	A	A	E	5	5
668.5	314	0	1.5	576	V6	V	True	('G#', 'B', 'E')	G#	E	1	major triad	(4, 8, 11)	A	A	A	A	5	None
670.0	314	3/8	0.5	577	V	V	True	('E', 'G#', 'B')	E	E	0	major triad	(4, 8, 11)	A	A	A	A	5	None
670.5	315	0	1.0	578	I	I	True	('A', 'C#', 'E')	A	A	0	major triad	(1, 4, 9)	A	A	A	A	1	None
671.5	315	1/4	1.0	579	V7/V	V7/V	True	('B', 'D#', 'F#', 'A')	B	B	0	dominant seventh chord	(3, 6, 9, 11)	A	A	A	E	5	5
672.5	316	0	1.5	580	V	V	True	('E', 'G#', 'B')	E	E	0	major triad	(4, 8, 11)	A	A	A	A	5	None
674.0	316	3/8	0.5	581	V6	V	True	('G#', 'B', 'E')	G#	E	1	major triad	(4, 8, 11)	A	A	A	A	5	None
674.5	317	0	1.0	582	I	I	True	('A', 'C#', 'E')	A	A	0	major triad	(1, 4, 9)	A	A	A	A	1	None
675.5	317	1/4	1.0	583	V7/V	V7/V	True	('B', 'D#', 'F#', 'A')	B	B	0	dominant seventh chord	(3, 6, 9, 11)	A	A	A	E	5	5
676.5	318	0	1.0	584	V	V	True	('E', 'G#', 'B')	E	E	0	major triad	(4, 8, 11)	A	A	A	A	5	None
677.5	318	1/4	1.0	585	V6/V	V/V	True	('D#', 'F#', 'B')	D#	B	1	major triad	(3, 6, 11)	A	A	A	E	5	5
678.5	319	0	1.0	586	V	V	True	('E', 'G#', 'B')	E	E	0	major triad	(4, 8, 11)	A	A	A	A	5	None
679.5	319	1/4	1.0	587	V7/V	V7/V	True	('B', 'D#', 'F#', 'A')	B	B	0	dominant seventh chord	(3, 6, 9, 11)	A	A	A	E	5	5
680.5	320	0	2.0	588	V7/V	V7/V	True	('B', 'D#', 'F#', 'A')	B	B	0	dominant seventh chord	(3, 6, 9, 11)	A	A	A	E	5	5
682.5	321	0	2.0	589	V	V	True	('E', 'G#', 'B')	E	E	0	major triad	(4, 8, 11)	A	A	A	A	5	None
684.5	322	0	2.0	590	V65/ii	V7/ii	True	('A#', 'C#', 'E', 'F#')	A#	F#	1	dominant seventh chord	(1, 4, 6, 10)	A	A	A	b	5	2
686.5	323	0	1.5	591	ii	ii	True	('B', 'D', 'F#')	B	B	0	minor triad	(2, 6, 11)	A	A	A	A	2	None
688.0	323	3/8	0.5	592	V65	V7	True	('G#', 'B', 'D', 'E')	G#	E	1	dominant seventh chord	(2, 4, 8, 11)	A	A	A	A	5	None
688.5	324	0	1.0	593	I	I	True	('A', 'C#', 'E')	A	A	0	major triad	(1, 4, 9)	A	A	A	A	1	None
689.5	324	1/4	0.5	594	V43	V7	True	('B', 'D', 'E', 'G#')	B	E	2	dominant seventh chord	(2, 4, 8, 11)	A	A	A	A	5	None
690.0	324	3/8	0.5	595	I	I	True	('A', 'C#', 'E')	A	A	0	major triad	(1, 4, 9)	A	A	A	A	1	None
690.5	325	0	0.5	596	V	V	True	('E', 'G#', 'B')	E	E	0	major triad	(4, 8, 11)	A	A	A	A	5	None
691.0	325	1/8	1.5	597	I	I	True	('A', 'C#', 'E')	A	A	0	major triad	(1, 4, 9)	A	A	A	A	1	None
692.5	326	0	2.0	598	I64	I	True	('E', 'A', 'C#')	E	A	2	major triad	(1, 4, 9)	A	A	A	A	1	None
694.5	327	0	2.0	599	V	V	True	('E', 'G#', 'B')	E	E	0	major triad	(4, 8, 11)	A	A	A	A	5	None
696.5	328	0	2.0	600	I64	I	True	('E', 'A', 'C#')	E	A	2	major triad	(1, 4, 9)	A	A	A	A	1	None
698.5	329	0	2.0	601	V	V	True	('E', 'G#', 'B')	E	E	0	major triad	(4, 8, 11)	A	A	A	A	5	None
700.5	330	0	1.0	602	I	I	True	('A', 'C#', 'E')	A	A	0	major triad	(1, 4, 9)	A	A	A	A	1	None
701.5	330	1/4	1.0	603	V	V	True	('E', 'G#', 'B')	E	E	0	major triad	(4, 8, 11)	A	A	A	A	5	None
702.5	331	0	1.0	604	I	I	True	('A', 'C#', 'E')	A	A	0	major triad	(1, 4, 9)	A	A	A	A	1	None
703.5	331	1/4	1.0	605	ii65	ii7	True	('D', 'F#', 'A', 'B')	D	B	1	minor seventh chord	(2, 6, 9, 11)	A	A	A	A	2	None
704.5	332	0	2.0	606	V	V	True	('E', 'G#', 'B')	E	E	0	major triad	(4, 8, 11)	A	A	A	A	5	None
706.5	333	0	1.0	607	I	I	True	('A', 'C#', 'E')	A	A	0	major triad	(1, 4, 9)	A	A	A	A	1	None
707.5	333	1/4	1.0	608	ii65	ii7	True	('D', 'F#', 'A', 'B')	D	B	1	minor seventh chord	(2, 6, 9, 11)	A	A	A	A	2	None
708.5	334	0	2.0	609	V	V	True	('E', 'G#', 'B')	E	E	0	major triad	(4, 8, 11)	A	A	A	A	5	None
710.5	335	0	1.5	610	I	I	True	('A', 'C#', 'E')	A	A	0	major triad	(1, 4, 9)	A	A	A	A	1	None
712.0	335	3/8	0.5	611	V	V	True	('E', 'G#', 'B')	E	E	0	major triad	(4, 8, 11)	A	A	A	A	5	None
712.5	336	0	2.0	612	I	I	True	('A', 'C#', 'E')	A	A	0	major triad	(1, 4, 9)	A	A	A	A	1	None
714.5	337	0	2.0	613	V	V	True	('E', 'G#', 'B')	E	E	0	major triad	(4, 8, 11)	A	A	A	A	5	None
716.5	338	0	2.0	614	I	I	True	('A', 'C#', 'E')	A	A	0	major triad	(1, 4, 9)	A	A	A	A	1	None
718.5	339	0	2.0	615	V	V	True	('E', 'G#', 'B')	E	E	0	major triad	(4, 8, 11)	A	A	A	A	5	None
720.5	340	0	2.0	616	I	I	True	('A', 'C#', 'E')	A	A	0	major triad	(1, 4, 9)	A	A	A	A	1	None
722.5	341	0	2.0	617	V	V	True	('E', 'G#', 'B')	E	E	0	major triad	(4, 8, 11)	A	A	A	A	5	None
724.5	342	0	2.0	618	I	I	True	('A', 'C#', 'E')	A	A	0	major triad	(1, 4, 9)	A	A	A	A	1	None
726.5	343	0	1.0	619	V	V	True	('E', 'G#', 'B')	E	E	0	major triad	(4, 8, 11)	A	A	A	A	5	None
727.5	343	1/4	1.0	620	V/V	V/V	True	('B', 'D#', 'F#')	B	B	0	major triad	(3, 6, 11)	A	A	A	E	5	5
728.5	344	0	2.0	621	V65/V	V7/V	True	('D#', 'F#', 'A', 'B')	D#	B	1	dominant seventh chord	(3, 6, 9, 11)	A	A	A	E	5	5
730.5	345	0	2.0	622	V6	V	True	('G#', 'B', 'E')	G#	E	1	major triad	(4, 8, 11)	A	A	A	A	5	None
732.5	346	0	2.0	623	V65/V	V7/V	True	('D#', 'F#', 'A', 'B')	D#	B	1	dominant seventh chord	(3, 6, 9, 11)	A	A	A	E	5	5
734.5	347	0	1.0	624	V6	V	True	('G#', 'B', 'E')	G#	E	1	major triad	(4, 8, 11)	A	A	A	A	5	None
735.5	347	1/4	1.0	625	I	I	True	('A', 'C#', 'E')	A	A	0	major triad	(1, 4, 9)	A	A	A	A	1	None
736.5	348	0	2.0	626	I	I	True	('A', 'C#', 'E')	A	A	0	major triad	(1, 4, 9)	A	A	A	A	1	None
738.5	349	0	1.0	627	V	V	True	('E', 'G#', 'B')	E	E	0	major triad	(4, 8, 11)	A	A	A	A	5	None
739.5	349	1/4	1.0	628	V6	V	True	('G#', 'B', 'E')	G#	E	1	major triad	(4, 8, 11)	A	A	A	A	5	None
740.5	350	0	1.5	629	I	I	True	('A', 'C#', 'E')	A	A	0	major triad	(1, 4, 9)	A	A	A	A	1	None
742.0	350	3/8	0.5	630	IV6	IV	True	('F#', 'A', 'D')	F#	D	1	major triad	(2, 6, 9)	A	A	A	A	4	None
742.5	351	0	0.5	631	V6	V	True	('G#', 'B', 'E')	G#	E	1	major triad	(4, 8, 11)	A	A	A	A	5	None
743.0	351	1/8	0.5	632	V65/V	V7/V	True	('D#', 'F#', 'A', 'B')	D#	B	1	dominant seventh chord	(3, 6, 9, 11)	A	A	A	E	5	5
743.5	351	1/4	1.0	633	V	V	True	('E', 'G#', 'B')	E	E	0	major triad	(4, 8, 11)	A	A	A	A	5	None
744.5	352	0	2.0	634	I	I	True	('A', 'C#', 'E')	A	A	0	major triad	(1, 4, 9)	A	A	A	A	1	None
746.5	353	0	1.0	635	V	V	True	('E', 'G#', 'B')	E	E	0	major triad	(4, 8, 11)	A	A	A	A	5	None
747.5	353	1/4	1.0	636	V6	V	True	('G#', 'B', 'E')	G#	E	1	major triad	(4, 8, 11)	A	A	A	A	5	None
748.5	354	0	1.5	637	I	I	True	('A', 'C#', 'E')	A	A	0	major triad	(1, 4, 9)	A	A	A	A	1	None
750.0	354	3/8	0.5	638	IV6	IV	True	('F#', 'A', 'D')	F#	D	1	major triad	(2, 6, 9)	A	A	A	A	4	None
750.5	355	0	1.5	639	V6	V	True	('G#', 'B', 'E')	G#	E	1	major triad	(4, 8, 11)	A	A	A	A	5	None
752.0	355	3/8	0.5	640	V65/V	V7/V	True	('D#', 'F#', 'A', 'B')	D#	B	1	dominant seventh chord	(3, 6, 9, 11)	A	A	A	E	5	5
752.5	356	0	1.0	641	V	V	True	('E', 'G#', 'B')	E	E	0	major triad	(4, 8, 11)	A	A	A	A	5	None
753.5	356	1/4	1.0	642	V/V	V/V	True	('B', 'D#', 'F#')	B	B	0	major triad	(3, 6, 11)	A	A	A	E	5	5
754.5	357	0	2.0	643	V/V	V/V	True	('B', 'D#', 'F#')	B	B	0	major triad	(3, 6, 11)	A	A	A	E	5	5
756.5	358	0	3.0	644	V	V	True	('E', 'G#', 'B')	E	E	0	major triad	(4, 8, 11)	A	A	A	A	5	None
759.5	358	3/4	1.0	645	I	I	True	('A', 'C#', 'E')	A	A	0	major triad	(1, 4, 9)	A	A	A	A	1	None
760.5	359	0	4.0	646	V65/ii	V7/ii	True	('A#', 'C#', 'E', 'F#')	A#	F#	1	dominant seventh chord	(1, 4, 6, 10)	A	A	A	b	5	2
764.5	360	0	2.0	647	ii	ii	True	('B', 'D', 'F#')	B	B	0	minor triad	(2, 6, 11)	A	A	A	A	2	None
766.5	360	1/2	2.0	648	V65	V7	True	('G#', 'B', 'D', 'E')	G#	E	1	dominant seventh chord	(2, 4, 8, 11)	A	A	A	A	5	None
768.5	361	0	1.0	649	I	I	True	('A', 'C#', 'E')	A	A	0	major triad	(1, 4, 9)	A	A	A	A	1	None
769.5	361	1/4	1.0	650	I6	I	True	('C#', 'E', 'A')	C#	A	1	major triad	(1, 4, 9)	A	A	A	A	1	None
770.5	361	1/2	1.0	651	V43	V7	True	('B', 'D', 'E', 'G#')	B	E	2	dominant seventh chord	(2, 4, 8, 11)	A	A	A	A	5	None
771.5	361	3/4	1.0	652	I	I	True	('A', 'C#', 'E')	A	A	0	major triad	(1, 4, 9)	A	A	A	A	1	None
772.5	362	0	2.0	653	V	V	True	('E', 'G#', 'B')	E	E	0	major triad	(4, 8, 11)	A	A	A	A	5	None
774.5	362	1/2	1.5	654	V	V	True	('E', 'G#', 'B')	E	E	0	major triad	(4, 8, 11)	A	A	A	A	5	None
776.0	362	7/8	0.5	655	I	I	True	('A', 'C#', 'E')	A	A	0	major triad	(1, 4, 9)	A	A	A	A	1	None
776.5	363	0	2.0	656	I	I	True	('A', 'C#', 'E')	A	A	0	major triad	(1, 4, 9)	A	A	A	A	1	None
778.5	364	0	2.0	657	V65	V7	True	('G#', 'B', 'D', 'E')	G#	E	1	dominant seventh chord	(2, 4, 8, 11)	A	A	A	A	5	None
780.5	365	0	2.0	658	I	I	True	('A', 'C#', 'E')	A	A	0	major triad	(1, 4, 9)	A	A	A	A	1	None
782.5	366	0	2.0	659	V65	V7	True	('G#', 'B', 'D', 'E')	G#	E	1	dominant seventh chord	(2, 4, 8, 11)	A	A	A	A	5	None
784.5	367	0	0.5	660	I	I	True	('A', 'C#', 'E')	A	A	0	major triad	(1, 4, 9)	A	A	A	A	1	None
785.0	367	1/8	0.5	661	vi	vi	True	('F#', 'A', 'C#')	F#	F#	0	minor triad	(1, 6, 9)	A	A	A	A	6	None
785.5	367	1/4	0.5	662	ii6	ii	True	('D', 'F#', 'B')	D	B	1	minor triad	(2, 6, 11)	A	A	A	A	2	None
786.0	367	3/8	0.5	663	V	V	True	('E', 'G#', 'B')	E	E	0	major triad	(4, 8, 11)	A	A	A	A	5	None
786.5	368	0	1.0	664	I	I	True	('A', 'C#', 'E')	A	A	0	major triad	(1, 4, 9)	A	A	A	A	1	None
787.5	368	1/4	1.0	665	I	I	True	('A', 'C#', 'E')	A	A	0	major triad	(1, 4, 9)	A	A	A	A	1	None
788.5	369	0	1.5	666	I	I	True	('A', 'C#', 'E')	A	A	0	major triad	(1, 4, 9)	A	A	A	A	1	None
790.0	369	3/8	0.5	667	V	V	True	('E', 'G#', 'B')	E	E	0	major triad	(4, 8, 11)	A	A	A	A	5	None
790.5	370	0	1.0	668	I	I	True	('A', 'C#', 'E')	A	A	0	major triad	(1, 4, 9)	A	A	A	A	1	None
791.5	370	1/4	1.0	669	I	I	True	('A', 'C#', 'E')	A	A	0	major triad	(1, 4, 9)	A	A	A	A	1	None
792.5	371	0	1.5	670	I	I	True	('A', 'C#', 'E')	A	A	0	major triad	(1, 4, 9)	A	A	A	A	1	None
794.0	371	3/8	0.5	671	V	V	True	('E', 'G#', 'B')	E	E	0	major triad	(4, 8, 11)	A	A	A	A	5	None
794.5	372	0	1.5	672	I	I	True	('A', 'C#', 'E')	A	A	0	major triad	(1, 4, 9)	A	A	A	A	1	None
796.0	372	3/8	0.5	673	V	V	True	('E', 'G#', 'B')	E	E	0	major triad	(4, 8, 11)	A	A	A	A	5	None
796.5	373	0	2.0	674	I	I	True	('A', 'C#', 'E')	A	A	0	major triad	(1, 4, 9)	A	A	A	A	1	None
798.5	374	0	1.0	675	V6	V	True	('G#', 'B', 'E')	G#	E	1	major triad	(4, 8, 11)	A	A	A	A	5	None
799.5	374	1/4	1.0	676	V65	V7	True	('G#', 'B', 'D', 'E')	G#	E	1	dominant seventh chord	(2, 4, 8, 11)	A	A	A	A	5	None
800.5	375	0	2.0	677	I	I	True	('A', 'C#', 'E')	A	A	0	major triad	(1, 4, 9)	A	A	A	A	1	None
802.5	376	0	0.5	678	I	I	True	('A', 'C#', 'E')	A	A	0	major triad	(1, 4, 9)	A	A	A	A	1	None
803.0	376	1/8	0.5	679	I6	I	True	('C#', 'E', 'A')	C#	A	1	major triad	(1, 4, 9)	A	A	A	A	1	None
803.5	376	1/4	1.0	680	V	V	True	('E', 'G#', 'B')	E	E	0	major triad	(4, 8, 11)	A	A	A	A	5	None
804.5	377	0	2.0	681	I	I	True	('A', 'C#', 'E')	A	A	0	major triad	(1, 4, 9)	A	A	A	A	1	None
806.5	378	0	1.0	682	V6	V	True	('G#', 'B', 'E')	G#	E	1	major triad	(4, 8, 11)	A	A	A	A	5	None
807.5	378	1/4	1.0	683	V65	V7	True	('G#', 'B', 'D', 'E')	G#	E	1	dominant seventh chord	(2, 4, 8, 11)	A	A	A	A	5	None
808.5	379	0	2.0	684	I	I	True	('A', 'C#', 'E')	A	A	0	major triad	(1, 4, 9)	A	A	A	A	1	None
810.5	380	0	0.5	685	I	I	True	('A', 'C#', 'E')	A	A	0	major triad	(1, 4, 9)	A	A	A	A	1	None
811.0	380	1/8	0.5	686	I6	I	True	('C#', 'E', 'A')	C#	A	1	major triad	(1, 4, 9)	A	A	A	A	1	None
811.5	380	1/4	1.0	687	V	V	True	('E', 'G#', 'B')	E	E	0	major triad	(4, 8, 11)	A	A	A	A	5	None
812.5	381	0	1.0	688	V6/V	V/V	True	('D#', 'F#', 'B')	D#	B	1	major triad	(3, 6, 11)	A	A	A	E	5	5
813.5	381	1/4	1.0	689	V65/V	V7/V	True	('D#', 'F#', 'A', 'B')	D#	B	1	dominant seventh chord	(3, 6, 9, 11)	A	A	A	E	5	5
814.5	382	0	2.0	690	V	V	True	('E', 'G#', 'B')	E	E	0	major triad	(4, 8, 11)	A	A	A	A	5	None
816.5	383	0	1.0	691	V6/V	V/V	True	('D#', 'F#', 'B')	D#	B	1	major triad	(3, 6, 11)	A	A	A	E	5	5
817.5	383	1/4	1.0	692	V65/V	V7/V	True	('D#', 'F#', 'A', 'B')	D#	B	1	dominant seventh chord	(3, 6, 9, 11)	A	A	A	E	5	5
818.5	384	0	2.0	693	V	V	True	('E', 'G#', 'B')	E	E	0	major triad	(4, 8, 11)	A	A	A	A	5	None
820.5	385	0	1.0	694	I	I	True	('A', 'C#', 'E')	A	A	0	major triad	(1, 4, 9)	A	A	A	A	1	None
821.5	385	1/4	1.0	695	V/V	V/V	True	('B', 'D#', 'F#')	B	B	0	major triad	(3, 6, 11)	A	A	A	E	5	5
822.5	386	0	2.0	696	V	V	True	('E', 'G#', 'B')	E	E	0	major triad	(4, 8, 11)	A	A	A	A	5	None
824.5	387	0	1.0	697	I	I	True	('A', 'C#', 'E')	A	A	0	major triad	(1, 4, 9)	A	A	A	A	1	None
825.5	387	1/4	1.0	698	V/V	V/V	True	('B', 'D#', 'F#')	B	B	0	major triad	(3, 6, 11)	A	A	A	E	5	5
826.5	388	0	2.0	699	V	V	True	('E', 'G#', 'B')	E	E	0	major triad	(4, 8, 11)	A	A	A	A	5	None
828.5	389	0	1.0	700	I	I	True	('A', 'C#', 'E')	A	A	0	major triad	(1, 4, 9)	A	A	A	A	1	None
829.5	389	1/4	1.0	701	V/V	V/V	True	('B', 'D#', 'F#')	B	B	0	major triad	(3, 6, 11)	A	A	A	E	5	5
830.5	390	0	1.0	702	V	V	True	('E', 'G#', 'B')	E	E	0	major triad	(4, 8, 11)	A	A	A	A	5	None
831.5	390	1/4	1.0	703	V/V	V/V	True	('B', 'D#', 'F#')	B	B	0	major triad	(3, 6, 11)	A	A	A	E	5	5
832.5	391	0	1.0	704	V	V	True	('E', 'G#', 'B')	E	E	0	major triad	(4, 8, 11)	A	A	A	A	5	None
833.5	391	1/4	1.0	705	V/V	V/V	True	('B', 'D#', 'F#')	B	B	0	major triad	(3, 6, 11)	A	A	A	E	5	5
834.5	392	0	2.0	706	V	V	True	('E', 'G#', 'B')	E	E	0	major triad	(4, 8, 11)	A	A	A	A	5	None
836.5	393	0	2.0	707	V	V	True	('E', 'G#', 'B')	E	E	0	major triad	(4, 8, 11)	A	A	A	A	5	None
838.5	394	0	2.0	708	V	V	True	('E', 'G#', 'B')	E	E	0	major triad	(4, 8, 11)	A	A	A	A	5	None
840.5	395	0	1.5	709	V	V	True	('E', 'G#', 'B')	E	E	0	major triad	(4, 8, 11)	A	A	A	A	5	None
842.0	395	3/8	0.5	710	I	I	True	('A', 'C#', 'E')	A	A	0	major triad	(1, 4, 9)	A	A	A	A	1	None
842.5	396	0	2.0	711	V65/ii	V7/ii	True	('A#', 'C#', 'E', 'F#')	A#	F#	1	dominant seventh chord	(1, 4, 6, 10)	A	A	A	b	5	2
844.5	397	0	1.0	712	ii	ii	True	('B', 'D', 'F#')	B	B	0	minor triad	(2, 6, 11)	A	A	A	A	2	None
845.5	397	1/4	1.0	713	V65	V7	True	('G#', 'B', 'D', 'E')	G#	E	1	dominant seventh chord	(2, 4, 8, 11)	A	A	A	A	5	None
846.5	398	0	1.0	714	I	I	True	('A', 'C#', 'E')	A	A	0	major triad	(1, 4, 9)	A	A	A	A	1	None
847.5	398	1/4	1.0	715	IV	IV	True	('D', 'F#', 'A')	D	D	0	major triad	(2, 6, 9)	A	A	A	A	4	None
848.5	399	0	2.0	716	V	V	True	('E', 'G#', 'B')	E	E	0	major triad	(4, 8, 11)	A	A	A	A	5	None
850.5	400	0	2.0	717	I	I	True	('A', 'C#', 'E')	A	A	0	major triad	(1, 4, 9)	A	A	A	A	1	None
852.5	401	0	2.0	718	V65	V7	True	('G#', 'B', 'D', 'E')	G#	E	1	dominant seventh chord	(2, 4, 8, 11)	A	A	A	A	5	None
854.5	402	0	2.0	719	I	I	True	('A', 'C#', 'E')	A	A	0	major triad	(1, 4, 9)	A	A	A	A	1	None
856.5	403	0	2.0	720	V65	V7	True	('G#', 'B', 'D', 'E')	G#	E	1	dominant seventh chord	(2, 4, 8, 11)	A	A	A	A	5	None
858.5	404	0	1.0	721	I	I	True	('A', 'C#', 'E')	A	A	0	major triad	(1, 4, 9)	A	A	A	A	1	None
859.5	404	1/4	1.0	722	V7	V7	True	('E', 'G#', 'B', 'D')	E	E	0	dominant seventh chord	(2, 4, 8, 11)	A	A	A	A	5	None
860.5	405	0	1.0	723	I	I	True	('A', 'C#', 'E')	A	A	0	major triad	(1, 4, 9)	A	A	A	A	1	None
861.5	405	1/4	0.75	724	IV	IV	True	('D', 'F#', 'A')	D	D	0	major triad	(2, 6, 9)	A	A	A	A	4	None
862.25	405	7/16	0.25	725	viio/V	viio/V	True	('D#', 'F#', 'A')	D#	D#	0	diminished triad	(3, 6, 9)	A	A	A	E	7	5
862.5	406	0	2.0	726	V	V	True	('E', 'G#', 'B')	E	E	0	major triad	(4, 8, 11)	A	A	A	A	5	None
864.5	407	0	1.0	727	I	I	True	('A', 'C#', 'E')	A	A	0	major triad	(1, 4, 9)	A	A	A	A	1	None
865.5	407	1/4	0.75	728	IV	IV	True	('D', 'F#', 'A')	D	D	0	major triad	(2, 6, 9)	A	A	A	A	4	None
866.25	407	7/16	0.25	729	viio/V	viio/V	True	('D#', 'F#', 'A')	D#	D#	0	diminished triad	(3, 6, 9)	A	A	A	E	7	5
866.5	408	0	2.0	730	V	V	True	('E', 'G#', 'B')	E	E	0	major triad	(4, 8, 11)	A	A	A	A	5	None
868.5	409	0	1.5	731	I	I	True	('A', 'C#', 'E')	A	A	0	major triad	(1, 4, 9)	A	A	A	A	1	None
870.0	409	3/8	0.5	732	V	V	True	('E', 'G#', 'B')	E	E	0	major triad	(4, 8, 11)	A	A	A	A	5	None
870.5	410	0	3.0	733	I	I	True	('A', 'C#', 'E')	A	A	0	major triad	(1, 4, 9)	A	A	A	A	1	None
873.5	411	0	3.0	734	V	V	True	('E', 'G#', 'B')	E	E	0	major triad	(4, 8, 11)	A	A	A	A	5	None
876.5	412	0	3.0	735	I	I	True	('A', 'C#', 'E')	A	A	0	major triad	(1, 4, 9)	A	A	A	A	1	None
879.5	413	0	2.0	736	V	V	True	('E', 'G#', 'B')	E	E	0	major triad	(4, 8, 11)	A	A	A	A	5	None
881.5	413	1/2	0.5	737	V	V	True	('E', 'G#', 'B')	E	E	0	major triad	(4, 8, 11)	A	A	A	A	5	None
882.0	413	5/8	0.5	738	V	V	True	('E', 'G#', 'B')	E	E	0	major triad	(4, 8, 11)	A	A	A	A	5	None
882.5	414	0	3.0	739	I	I	True	('A', 'C#', 'E')	A	A	0	major triad	(1, 4, 9)	A	A	A	A	1	None
885.5	415	0	3.0	740	V	V	True	('E', 'G#', 'B')	E	E	0	major triad	(4, 8, 11)	A	A	A	A	5	None
888.5	416	0	3.0	741	I	I	True	('A', 'C#', 'E')	A	A	0	major triad	(1, 4, 9)	A	A	A	A	1	None
891.5	417	0	2.0	742	V	V	True	('E', 'G#', 'B')	E	E	0	major triad	(4, 8, 11)	A	A	A	A	5	None
893.5	417	1/2	0.5	743	V	V	True	('E', 'G#', 'B')	E	E	0	major triad	(4, 8, 11)	A	A	A	A	5	None
894.0	417	5/8	0.5	744	V/V	V/V	True	('B', 'D#', 'F#')	B	B	0	major triad	(3, 6, 11)	A	A	A	E	5	5
894.5	418	0	1.5	745	V7/V	V7/V	True	('B', 'D#', 'F#', 'A')	B	B	0	dominant seventh chord	(3, 6, 9, 11)	A	A	A	E	5	5
896.0	418	3/8	1.5	746	V/V	V/V	True	('B', 'D#', 'F#')	B	B	0	major triad	(3, 6, 11)	A	A	A	E	5	5
897.5	419	0	3.0	747	V6	V	True	('G#', 'B', 'E')	G#	E	1	major triad	(4, 8, 11)	A	A	A	A	5	None
900.5	420	0	1.5	748	V7/V	V7/V	True	('B', 'D#', 'F#', 'A')	B	B	0	dominant seventh chord	(3, 6, 9, 11)	A	A	A	E	5	5
902.0	420	3/8	1.5	749	V/V	V/V	True	('B', 'D#', 'F#')	B	B	0	major triad	(3, 6, 11)	A	A	A	E	5	5
903.5	421	0	2.0	750	V	V	True	('E', 'G#', 'B')	E	E	0	major triad	(4, 8, 11)	A	A	A	A	5	None
905.5	421	1/2	0.5	751	V	V	True	('E', 'G#', 'B')	E	E	0	major triad	(4, 8, 11)	A	A	A	A	5	None
906.0	421	5/8	0.5	752	V	V	True	('E', 'G#', 'B')	E	E	0	major triad	(4, 8, 11)	A	A	A	A	5	None
906.5	422	0	1.5	753	I	I	True	('A', 'C#', 'E')	A	A	0	major triad	(1, 4, 9)	A	A	A	A	1	None
908.0	422	3/8	1.5	754	V7/V	V7/V	True	('B', 'D#', 'F#', 'A')	B	B	0	dominant seventh chord	(3, 6, 9, 11)	A	A	A	E	5	5
909.5	423	0	3.0	755	V	V	True	('E', 'G#', 'B')	E	E	0	major triad	(4, 8, 11)	A	A	A	A	5	None
912.5	424	0	1.5	756	I6	I	True	('C#', 'E', 'A')	C#	A	1	major triad	(1, 4, 9)	A	A	A	A	1	None
914.0	424	3/8	1.5	757	V65/V	V7/V	True	('D#', 'F#', 'A', 'B')	D#	B	1	dominant seventh chord	(3, 6, 9, 11)	A	A	A	E	5	5
915.5	425	0	3.0	758	V	V	True	('E', 'G#', 'B')	E	E	0	major triad	(4, 8, 11)	A	A	A	A	5	None
918.5	426	0	1.5	759	I	I	True	('A', 'C#', 'E')	A	A	0	major triad	(1, 4, 9)	A	A	A	A	1	None
920.0	426	3/8	1.5	760	V65/V	V7/V	True	('D#', 'F#', 'A', 'B')	D#	B	1	dominant seventh chord	(3, 6, 9, 11)	A	A	A	E	5	5
921.5	427	0	3.0	761	V6	V	True	('G#', 'B', 'E')	G#	E	1	major triad	(4, 8, 11)	A	A	A	A	5	None
924.5	428	0	1.5	762	I	I	True	('A', 'C#', 'E')	A	A	0	major triad	(1, 4, 9)	A	A	A	A	1	None
926.0	428	3/8	1.5	763	V/V	V/V	True	('B', 'D#', 'F#')	B	B	0	major triad	(3, 6, 11)	A	A	A	E	5	5
927.5	429	0	1.5	764	V	V	True	('E', 'G#', 'B')	E	E	0	major triad	(4, 8, 11)	A	A	A	A	5	None
929.0	429	3/8	1.5	765	V43/V	V7/V	True	('F#', 'A', 'B', 'D#')	F#	B	2	dominant seventh chord	(3, 6, 9, 11)	A	A	A	E	5	5
930.5	430	0	1.5	766	V	V	True	('E', 'G#', 'B')	E	E	0	major triad	(4, 8, 11)	A	A	A	A	5	None
932.0	430	3/8	1.5	767	V/V	V/V	True	('B', 'D#', 'F#')	B	B	0	major triad	(3, 6, 11)	A	A	A	E	5	5
933.5	431	0	3.0	768	V/V	V/V	True	('B', 'D#', 'F#')	B	B	0	major triad	(3, 6, 11)	A	A	A	E	5	5
936.5	432	0	1.5	769	V	V	True	('E', 'G#', 'B')	E	E	0	major triad	(4, 8, 11)	A	A	A	A	5	None
938.0	432	3/8	1.0	770	V	V	True	('E', 'G#', 'B')	E	E	0	major triad	(4, 8, 11)	A	A	A	A	5	None
939.0	432	5/8	0.5	771	I	I	True	('A', 'C#', 'E')	A	A	0	major triad	(1, 4, 9)	A	A	A	A	1	None
939.5	433	0	1.5	772	I	I	True	('A', 'C#', 'E')	A	A	0	major triad	(1, 4, 9)	A	A	A	A	1	None
941.0	433	3/8	1.0	773	V/ii	V/ii	True	('F#', 'A#', 'C#')	F#	F#	0	major triad	(1, 6, 10)	A	A	A	b	5	2
942.0	433	5/8	0.5	774	V43/ii	V7/ii	True	('C#', 'E', 'F#', 'A#')	C#	F#	2	dominant seventh chord	(1, 4, 6, 10)	A	A	A	b	5	2
942.5	434	0	1.0	775	ii6	ii	True	('D', 'F#', 'B')	D	B	1	minor triad	(2, 6, 11)	A	A	A	A	2	None
943.5	434	1/4	0.5	776	ii	ii	True	('B', 'D', 'F#')	B	B	0	minor triad	(2, 6, 11)	A	A	A	A	2	None
944.0	434	3/8	1.0	777	V	V	True	('E', 'G#', 'B')	E	E	0	major triad	(4, 8, 11)	A	A	A	A	5	None
945.0	434	5/8	0.5	778	V42	V7	True	('D', 'E', 'G#', 'B')	D	E	3	dominant seventh chord	(2, 4, 8, 11)	A	A	A	A	5	None
945.5	435	0	1.0	779	I6	I	True	('C#', 'E', 'A')	C#	A	1	major triad	(1, 4, 9)	A	A	A	A	1	None
946.5	435	1/4	0.5	780	I	I	True	('A', 'C#', 'E')	A	A	0	major triad	(1, 4, 9)	A	A	A	A	1	None
947.0	435	3/8	1.0	781	V42	V7	True	('D', 'E', 'G#', 'B')	D	E	3	dominant seventh chord	(2, 4, 8, 11)	A	A	A	A	5	None
948.0	435	5/8	0.5	782	I6	I	True	('C#', 'E', 'A')	C#	A	1	major triad	(1, 4, 9)	A	A	A	A	1	None
948.5	436	0	1.0	783	V43	V7	True	('B', 'D', 'E', 'G#')	B	E	2	dominant seventh chord	(2, 4, 8, 11)	A	A	A	A	5	None
949.5	436	1/4	0.5	784	I	I	True	('A', 'C#', 'E')	A	A	0	major triad	(1, 4, 9)	A	A	A	A	1	None
950.0	436	3/8	1.0	785	V	V	True	('E', 'G#', 'B')	E	E	0	major triad	(4, 8, 11)	A	A	A	A	5	None
951.0	436	5/8	0.5	786	I	I	True	('A', 'C#', 'E')	A	A	0	major triad	(1, 4, 9)	A	A	A	A	1	None
951.5	437	0	3.0	787	I	I	True	('A', 'C#', 'E')	A	A	0	major triad	(1, 4, 9)	A	A	A	A	1	None
954.5	438	0	3.0	788	V65	V7	True	('G#', 'B', 'D', 'E')	G#	E	1	dominant seventh chord	(2, 4, 8, 11)	A	A	A	A	5	None
957.5	439	0	3.0	789	I	I	True	('A', 'C#', 'E')	A	A	0	major triad	(1, 4, 9)	A	A	A	A	1	None
960.5	440	0	3.0	790	V65	V7	True	('G#', 'B', 'D', 'E')	G#	E	1	dominant seventh chord	(2, 4, 8, 11)	A	A	A	A	5	None
963.5	441	0	1.5	791	I	I	True	('A', 'C#', 'E')	A	A	0	major triad	(1, 4, 9)	A	A	A	A	1	None
965.0	441	3/8	1.5	792	V	V	True	('E', 'G#', 'B')	E	E	0	major triad	(4, 8, 11)	A	A	A	A	5	None
966.5	442	0	1.5	793	I	I	True	('A', 'C#', 'E')	A	A	0	major triad	(1, 4, 9)	A	A	A	A	1	None
968.0	442	3/8	0.5	794	I64	I	True	('E', 'A', 'C#')	E	A	2	major triad	(1, 4, 9)	A	A	A	A	1	None
968.5	442	1/2	1.0	795	IV	IV	True	('D', 'F#', 'A')	D	D	0	major triad	(2, 6, 9)	A	A	A	A	4	None
969.5	443	0	1.5	796	I	I	True	('A', 'C#', 'E')	A	A	0	major triad	(1, 4, 9)	A	A	A	A	1	None
971.0	443	3/8	1.5	797	V	V	True	('E', 'G#', 'B')	E	E	0	major triad	(4, 8, 11)	A	A	A	A	5	None
972.5	444	0	1.5	798	I	I	True	('A', 'C#', 'E')	A	A	0	major triad	(1, 4, 9)	A	A	A	A	1	None
974.0	444	3/8	0.5	799	I64	I	True	('E', 'A', 'C#')	E	A	2	major triad	(1, 4, 9)	A	A	A	A	1	None
974.5	444	1/2	1.0	800	IV	IV	True	('D', 'F#', 'A')	D	D	0	major triad	(2, 6, 9)	A	A	A	A	4	None
975.5	445	0	1.5	801	I	I	True	('A', 'C#', 'E')	A	A	0	major triad	(1, 4, 9)	A	A	A	A	1	None
977.0	445	3/8	1.5	802	V	V	True	('E', 'G#', 'B')	E	E	0	major triad	(4, 8, 11)	A	A	A	A	5	None
978.5	446	0	2.0	803	I	I	True	('A', 'C#', 'E')	A	A	0	major triad	(1, 4, 9)	A	A	A	A	1	None
980.5	446	1/2	1.0	804	V	V	True	('E', 'G#', 'B')	E	E	0	major triad	(4, 8, 11)	A	A	A	A	5	None
981.5	447	0	4.0	805	I	I	True	('A', 'C#', 'E')	A	A	0	major triad	(1, 4, 9)	A	A	A	A	1	None
985.5	448	0	2.0	806	V42/V	V7/V	True	('A', 'B', 'D#', 'F#')	A	B	3	dominant seventh chord	(3, 6, 9, 11)	A	A	A	E	5	5
987.5	448	1/2	2.0	807	V6	V	True	('G#', 'B', 'E')	G#	E	1	major triad	(4, 8, 11)	A	A	A	A	5	None
989.5	449	0	2.0	808	I	I	True	('A', 'C#', 'E')	A	A	0	major triad	(1, 4, 9)	A	A	A	A	1	None
991.5	449	1/2	1.0	809	V	V	True	('E', 'G#', 'B')	E	E	0	major triad	(4, 8, 11)	A	A	A	A	5	None
992.5	449	3/4	1.0	810	I	I	True	('A', 'C#', 'E')	A	A	0	major triad	(1, 4, 9)	A	A	A	A	1	None
993.5	450	0	1.0	811	V	V	True	('E', 'G#', 'B')	E	E	0	major triad	(4, 8, 11)	A	A	A	A	5	None
994.5	450	1/4	3.0	812	V	V	True	('E', 'G#', 'B')	E	E	0	major triad	(4, 8, 11)	A	A	A	A	5	None
997.5	451	0	4.0	813	I	I	True	('A', 'C#', 'E')	A	A	0	major triad	(1, 4, 9)	A	A	A	A	1	None
1001.5	452	0	2.0	814	V42/V	V7/V	True	('A', 'B', 'D#', 'F#')	A	B	3	dominant seventh chord	(3, 6, 9, 11)	A	A	A	E	5	5
1003.5	452	1/2	2.0	815	V6	V	True	('G#', 'B', 'E')	G#	E	1	major triad	(4, 8, 11)	A	A	A	A	5	None
1005.5	453	0	2.0	816	I	I	True	('A', 'C#', 'E')	A	A	0	major triad	(1, 4, 9)	A	A	A	A	1	None
1007.5	453	1/2	1.0	817	V	V	True	('E', 'G#', 'B')	E	E	0	major triad	(4, 8, 11)	A	A	A	A	5	None
1008.5	453	3/4	1.0	818	I	I	True	('A', 'C#', 'E')	A	A	0	major triad	(1, 4, 9)	A	A	A	A	1	None
1009.5	454	0	1.0	819	V	V	True	('E', 'G#', 'B')	E	E	0	major triad	(4, 8, 11)	A	A	A	A	5	None
1010.5	454	1/4	3.0	820	V	V	True	('E', 'G#', 'B')	E	E	0	major triad	(4, 8, 11)	A	A	A	A	5	None
1013.5	455	0	4.0	821	V6/V	V/V	True	('D#', 'F#', 'B')	D#	B	1	major triad	(3, 6, 11)	A	A	A	E	5	5
1017.5	456	0	4.0	822	V	V	True	('E', 'G#', 'B')	E	E	0	major triad	(4, 8, 11)	A	A	A	A	5	None
1021.5	457	0	4.0	823	V6/V	V/V	True	('D#', 'F#', 'B')	D#	B	1	major triad	(3, 6, 11)	A	A	A	E	5	5
1025.5	458	0	2.0	824	V	V	True	('E', 'G#', 'B')	E	E	0	major triad	(4, 8, 11)	A	A	A	A	5	None
1027.5	458	1/2	1.0	825	V43/V	V7/V	True	('F#', 'A', 'B', 'D#')	F#	B	2	dominant seventh chord	(3, 6, 9, 11)	A	A	A	E	5	5
1028.5	458	3/4	0.5	826	V6	V	True	('G#', 'B', 'E')	G#	E	1	major triad	(4, 8, 11)	A	A	A	A	5	None
1029.0	458	7/8	0.5	827	V6	V	True	('G#', 'B', 'E')	G#	E	1	major triad	(4, 8, 11)	A	A	A	A	5	None
1029.5	459	0	2.0	828	I	I	True	('A', 'C#', 'E')	A	A	0	major triad	(1, 4, 9)	A	A	A	A	1	None
1031.5	459	1/2	1.0	829	V/V	V/V	True	('B', 'D#', 'F#')	B	B	0	major triad	(3, 6, 11)	A	A	A	E	5	5
1032.5	459	3/4	1.0	830	V7/V	V7/V	True	('B', 'D#', 'F#', 'A')	B	B	0	dominant seventh chord	(3, 6, 9, 11)	A	A	A	E	5	5
1033.5	460	0	1.0	831	V	V	True	('E', 'G#', 'B')	E	E	0	major triad	(4, 8, 11)	A	A	A	A	5	None
1034.5	460	1/4	3.0	832	V	V	True	('E', 'G#', 'B')	E	E	0	major triad	(4, 8, 11)	A	A	A	A	5	None
1037.5	461	0	2.0	833	I	I	True	('A', 'C#', 'E')	A	A	0	major triad	(1, 4, 9)	A	A	A	A	1	None
1039.5	461	1/2	1.0	834	V/V	V/V	True	('B', 'D#', 'F#')	B	B	0	major triad	(3, 6, 11)	A	A	A	E	5	5
1040.5	461	3/4	1.0	835	V7/V	V7/V	True	('B', 'D#', 'F#', 'A')	B	B	0	dominant seventh chord	(3, 6, 9, 11)	A	A	A	E	5	5
1041.5	462	0	1.0	836	V	V	True	('E', 'G#', 'B')	E	E	0	major triad	(4, 8, 11)	A	A	A	A	5	None
1042.5	462	1/4	3.0	837	V	V	True	('E', 'G#', 'B')	E	E	0	major triad	(4, 8, 11)	A	A	A	A	5	None
1045.5	463	0	2.0	838	I	I	True	('A', 'C#', 'E')	A	A	0	major triad	(1, 4, 9)	A	A	A	A	1	None
1047.5	463	1/2	1.0	839	V/V	V/V	True	('B', 'D#', 'F#')	B	B	0	major triad	(3, 6, 11)	A	A	A	E	5	5
1048.5	463	3/4	1.0	840	V7/V	V7/V	True	('B', 'D#', 'F#', 'A')	B	B	0	dominant seventh chord	(3, 6, 9, 11)	A	A	A	E	5	5
1049.5	464	0	1.0	841	V	V	True	('E', 'G#', 'B')	E	E	0	major triad	(4, 8, 11)	A	A	A	A	5	None
1050.5	464	1/4	3.0	842	V	V	True	('E', 'G#', 'B')	E	E	0	major triad	(4, 8, 11)	A	A	A	A	5	None
1053.5	465	0	2.0	843	I	I	True	('A', 'C#', 'E')	A	A	0	major triad	(1, 4, 9)	A	A	A	A	1	None
1055.5	465	1/2	2.0	844	V42/V	V7/V	True	('A', 'B', 'D#', 'F#')	A	B	3	dominant seventh chord	(3, 6, 9, 11)	A	A	A	E	5	5
1057.5	466	0	2.0	845	V6	V	True	('G#', 'B', 'E')	G#	E	1	major triad	(4, 8, 11)	A	A	A	A	5	None
1059.5	466	1/2	2.0	846	V6/V	V/V	True	('D#', 'F#', 'B')	D#	B	1	major triad	(3, 6, 11)	A	A	A	E	5	5
1061.5	467	0	2.0	847	V	V	True	('E', 'G#', 'B')	E	E	0	major triad	(4, 8, 11)	A	A	A	A	5	None
1063.5	467	1/2	2.0	848	V7/V	V7/V	True	('B', 'D#', 'F#', 'A')	B	B	0	dominant seventh chord	(3, 6, 9, 11)	A	A	A	E	5	5
1065.5	468	0	4.0	849	V7/V	V7/V	True	('B', 'D#', 'F#', 'A')	B	B	0	dominant seventh chord	(3, 6, 9, 11)	A	A	A	E	5	5
1069.5	469	0	4.0	850	V	V	True	('E', 'G#', 'B')	E	E	0	major triad	(4, 8, 11)	A	A	A	A	5	None
1073.5	470	0	4.0	851	V	V	True	('E', 'G#', 'B')	E	E	0	major triad	(4, 8, 11)	A	A	A	A	5	None
1077.5	471	0	4.0	852	V/V	V/V	True	('B', 'D#', 'F#')	B	B	0	major triad	(3, 6, 11)	A	A	A	E	5	5
1081.5	472	0	2.0	853	viio/ii	viio/ii	True	('A#', 'C#', 'E')	A#	A#	0	diminished triad	(1, 4, 10)	A	A	A	b	#7	2
1083.5	472	1/2	2.0	854	V65/ii	V7/ii	True	('A#', 'C#', 'E', 'F#')	A#	F#	1	dominant seventh chord	(1, 4, 6, 10)	A	A	A	b	5	2
1085.5	473	0	1.5	855	ii	ii	True	('B', 'D', 'F#')	B	B	0	minor triad	(2, 6, 11)	A	A	A	A	2	None
1087.0	473	3/8	0.5	856	V/V	V/V	True	('B', 'D#', 'F#')	B	B	0	major triad	(3, 6, 11)	A	A	A	E	5	5
1087.5	473	1/2	2.0	857	V6	V	True	('G#', 'B', 'E')	G#	E	1	major triad	(4, 8, 11)	A	A	A	A	5	None
1089.5	474	0	1.0	858	I	I	True	('A', 'C#', 'E')	A	A	0	major triad	(1, 4, 9)	A	A	A	A	1	None
1090.5	474	1/4	3.0	859	V	V	True	('E', 'G#', 'B')	E	E	0	major triad	(4, 8, 11)	A	A	A	A	5	None
1093.5	475	0	4.0	860	I	I	True	('A', 'C#', 'E')	A	A	0	major triad	(1, 4, 9)	A	A	A	A	1	None
1097.5	476	0	2.0	861	V42/V	V7/V	True	('A', 'B', 'D#', 'F#')	A	B	3	dominant seventh chord	(3, 6, 9, 11)	A	A	A	E	5	5
1099.5	476	1/2	2.0	862	V6	V	True	('G#', 'B', 'E')	G#	E	1	major triad	(4, 8, 11)	A	A	A	A	5	None
1101.5	477	0	4.0	863	I	I	True	('A', 'C#', 'E')	A	A	0	major triad	(1, 4, 9)	A	A	A	A	1	None
1105.5	478	0	2.0	864	V42/V	V7/V	True	('A', 'B', 'D#', 'F#')	A	B	3	dominant seventh chord	(3, 6, 9, 11)	A	A	A	E	5	5
1107.5	478	1/2	2.0	865	V6	V	True	('G#', 'B', 'E')	G#	E	1	major triad	(4, 8, 11)	A	A	A	A	5	None
1109.5	479	0	2.0	866	I	I	True	('A', 'C#', 'E')	A	A	0	major triad	(1, 4, 9)	A	A	A	A	1	None
1111.5	479	1/2	2.0	867	V7	V7	True	('E', 'G#', 'B', 'D')	E	E	0	dominant seventh chord	(2, 4, 8, 11)	A	A	A	A	5	None
1113.5	480	0	1.0	868	I	I	True	('A', 'C#', 'E')	A	A	0	major triad	(1, 4, 9)	A	A	A	A	1	None
1114.5	480	1/4	1.0	869	V42	V7	True	('D', 'E', 'G#', 'B')	D	E	3	dominant seventh chord	(2, 4, 8, 11)	A	A	A	A	5	None
1115.5	480	1/2	1.0	870	I6	I	True	('C#', 'E', 'A')	C#	A	1	major triad	(1, 4, 9)	A	A	A	A	1	None
1116.5	480	3/4	1.0	871	IV6	IV	True	('F#', 'A', 'D')	F#	D	1	major triad	(2, 6, 9)	A	A	A	A	4	None
1117.5	481	0	4.0	872	V	V	True	('E', 'G#', 'B')	E	E	0	major triad	(4, 8, 11)	A	A	A	A	5	None
1121.5	482	0	1.0	873	I	I	True	('A', 'C#', 'E')	A	A	0	major triad	(1, 4, 9)	A	A	A	A	1	None
1122.5	482	1/4	1.0	874	V42	V7	True	('D', 'E', 'G#', 'B')	D	E	3	dominant seventh chord	(2, 4, 8, 11)	A	A	A	A	5	None
1123.5	482	1/2	1.0	875	I6	I	True	('C#', 'E', 'A')	C#	A	1	major triad	(1, 4, 9)	A	A	A	A	1	None
1124.5	482	3/4	1.0	876	IV6	IV	True	('F#', 'A', 'D')	F#	D	1	major triad	(2, 6, 9)	A	A	A	A	4	None
1125.5	483	0	4.0	877	V7	V7	True	('E', 'G#', 'B', 'D')	E	E	0	dominant seventh chord	(2, 4, 8, 11)	A	A	A	A	5	None
1129.5	484	0	4.0	878	V7	V7	True	('E', 'G#', 'B', 'D')	E	E	0	dominant seventh chord	(2, 4, 8, 11)	A	A	A	A	5	None
1133.5	485	0	3.0	879	I	I	True	('A', 'C#', 'E')	A	A	0	major triad	(1, 4, 9)	A	A	A	A	1	None
1136.5	486	0	3.0	880	V	V	True	('E', 'G#', 'B')	E	E	0	major triad	(4, 8, 11)	A	A	A	A	5	None
1139.5	487	0	3.0	881	I	I	True	('A', 'C#', 'E')	A	A	0	major triad	(1, 4, 9)	A	A	A	A	1	None
1142.5	488	0	1.5	882	V	V	True	('E', 'G#', 'B')	E	E	0	major triad	(4, 8, 11)	A	A	A	A	5	None
1144.0	488	3/8	1.5	883	V7	V7	True	('E', 'G#', 'B', 'D')	E	E	0	dominant seventh chord	(2, 4, 8, 11)	A	A	A	A	5	None
1145.5	489	0	3.0	884	I	I	True	('A', 'C#', 'E')	A	A	0	major triad	(1, 4, 9)	A	A	A	A	1	None
1148.5	490	0	3.0	885	V	V	True	('E', 'G#', 'B')	E	E	0	major triad	(4, 8, 11)	A	A	A	A	5	None
1151.5	491	0	1.5	886	I	I	True	('A', 'C#', 'E')	A	A	0	major triad	(1, 4, 9)	A	A	A	A	1	None
1153.0	491	3/8	1.5	887	V7	V7	True	('E', 'G#', 'B', 'D')	E	E	0	dominant seventh chord	(2, 4, 8, 11)	A	A	A	A	5	None
1154.5	492	0	1.5	888	I	I	True	('A', 'C#', 'E')	A	A	0	major triad	(1, 4, 9)	A	A	A	A	1	None
1156.0	492	3/8	1.5	889	V7	V7	True	('E', 'G#', 'B', 'D')	E	E	0	dominant seventh chord	(2, 4, 8, 11)	A	A	A	A	5	None
1157.5	493	0	1.5	890	I	I	True	('A', 'C#', 'E')	A	A	0	major triad	(1, 4, 9)	A	A	A	A	1	None
1159.0	493	3/8	1.5	891	V7	V7	True	('E', 'G#', 'B', 'D')	E	E	0	dominant seventh chord	(2, 4, 8, 11)	A	A	A	A	5	None
1160.5	494	0	1.5	892	I	I	True	('A', 'C#', 'E')	A	A	0	major triad	(1, 4, 9)	A	A	A	A	1	None
1162.0	494	3/8	1.5	893	V7	V7	True	('E', 'G#', 'B', 'D')	E	E	0	dominant seventh chord	(2, 4, 8, 11)	A	A	A	A	5	None
1163.5	495	0	1.5	894	I	I	True	('A', 'C#', 'E')	A	A	0	major triad	(1, 4, 9)	A	A	A	A	1	None
1165.0	495	3/8	1.5	895	V7	V7	True	('E', 'G#', 'B', 'D')	E	E	0	dominant seventh chord	(2, 4, 8, 11)	A	A	A	A	5	None
1166.5	496	0	3.0	896	I	I	True	('A', 'C#', 'E')	A	A	0	major triad	(1, 4, 9)	A	A	A	A	1	None
1169.5	497	0	3.0	897	I	I	True	('A', 'C#', 'E')	A	A	0	major triad	(1, 4, 9)	A	A	A	A	1	None
1172.5	498	0	3.0	898	I	I	True	('A', 'C#', 'E')	A	A	0	major triad	(1, 4, 9)	A	A	A	A	1	None
1175.5	499	0	1.5	899	I	I	True	('A', 'C#', 'E')	A	A	0	major triad	(1, 4, 9)	A	A	A	A	1	None
1177.0	499	3/8	1.5	900	V	V	True	('E', 'G#', 'B')	E	E	0	major triad	(4, 8, 11)	A	A	A	A	5	None
1178.5	500	0	2.0	901	I	I	True	('A', 'C#', 'E')	A	A	0	major triad	(1, 4, 9)	A	A	A	A	1	None
1180.5	500	1/2	1.0	902	V	V	True	('E', 'G#', 'B')	E	E	0	major triad	(4, 8, 11)	A	A	A	A	5	None
1181.5	501	0	4.0	903	I	I	True	('A', 'C#', 'E')	A	A	0	major triad	(1, 4, 9)	A	A	A	A	1	None
1185.5	502	0	2.0	904	V6	V	True	('G#', 'B', 'E')	G#	E	1	major triad	(4, 8, 11)	A	A	A	A	5	None
1187.5	502	1/2	2.0	905	V	V	True	('E', 'G#', 'B')	E	E	0	major triad	(4, 8, 11)	A	A	A	A	5	None
1189.5	503	0	2.0	906	I	I	True	('A', 'C#', 'E')	A	A	0	major triad	(1, 4, 9)	A	A	A	A	1	None
1191.5	503	1/2	1.0	907	V6	V	True	('G#', 'B', 'E')	G#	E	1	major triad	(4, 8, 11)	A	A	A	A	5	None
1192.5	503	3/4	1.0	908	I	I	True	('A', 'C#', 'E')	A	A	0	major triad	(1, 4, 9)	A	A	A	A	1	None
1193.5	504	0	3.0	909	V	V	True	('E', 'G#', 'B')	E	E	0	major triad	(4, 8, 11)	A	A	A	A	5	None
1196.5	504	3/4	1.0	910	V	V	True	('E', 'G#', 'B')	E	E	0	major triad	(4, 8, 11)	A	A	A	A	5	None
1197.5	505	0	4.0	911	I	I	True	('A', 'C#', 'E')	A	A	0	major triad	(1, 4, 9)	A	A	A	A	1	None
1201.5	506	0	2.0	912	V65	V7	True	('G#', 'B', 'D', 'E')	G#	E	1	dominant seventh chord	(2, 4, 8, 11)	A	A	A	A	5	None
1203.5	506	1/2	2.0	913	V	V	True	('E', 'G#', 'B')	E	E	0	major triad	(4, 8, 11)	A	A	A	A	5	None
1205.5	507	0	2.0	914	I	I	True	('A', 'C#', 'E')	A	A	0	major triad	(1, 4, 9)	A	A	A	A	1	None
1207.5	507	1/2	1.0	915	V6	V	True	('G#', 'B', 'E')	G#	E	1	major triad	(4, 8, 11)	A	A	A	A	5	None
1208.5	507	3/4	1.0	916	I	I	True	('A', 'C#', 'E')	A	A	0	major triad	(1, 4, 9)	A	A	A	A	1	None
1209.5	508	0	3.0	917	V	V	True	('E', 'G#', 'B')	E	E	0	major triad	(4, 8, 11)	A	A	A	A	5	None
1212.5	508	3/4	1.0	918	V/V	V/V	True	('B', 'D#', 'F#')	B	B	0	major triad	(3, 6, 11)	A	A	A	E	5	5
1213.5	509	0	3.0	919	V6/V	V/V	True	('D#', 'F#', 'B')	D#	B	1	major triad	(3, 6, 11)	A	A	A	E	5	5
1216.5	509	3/4	1.0	920	V7/V	V7/V	True	('B', 'D#', 'F#', 'A')	B	B	0	dominant seventh chord	(3, 6, 9, 11)	A	A	A	E	5	5
1217.5	510	0	4.0	921	V	V	True	('E', 'G#', 'B')	E	E	0	major triad	(4, 8, 11)	A	A	A	A	5	None
1221.5	511	0	3.0	922	V6/V	V/V	True	('D#', 'F#', 'B')	D#	B	1	major triad	(3, 6, 11)	A	A	A	E	5	5
1224.5	511	3/4	1.0	923	V7/V	V7/V	True	('B', 'D#', 'F#', 'A')	B	B	0	dominant seventh chord	(3, 6, 9, 11)	A	A	A	E	5	5
1225.5	512	0	3.0	924	V	V	True	('E', 'G#', 'B')	E	E	0	major triad	(4, 8, 11)	A	A	A	A	5	None
1228.5	512	3/4	1.0	925	V6	V	True	('G#', 'B', 'E')	G#	E	1	major triad	(4, 8, 11)	A	A	A	A	5	None
1229.5	513	0	1.0	926	I	I	True	('A', 'C#', 'E')	A	A	0	major triad	(1, 4, 9)	A	A	A	A	1	None
1230.5	513	1/4	1.0	927	vi6	vi	True	('A', 'C#', 'F#')	A	F#	1	minor triad	(1, 6, 9)	A	A	A	A	6	None
1231.5	513	1/2	2.0	928	V7/V	V7/V	True	('B', 'D#', 'F#', 'A')	B	B	0	dominant seventh chord	(3, 6, 9, 11)	A	A	A	E	5	5
1233.5	514	0	3.0	929	V	V	True	('E', 'G#', 'B')	E	E	0	major triad	(4, 8, 11)	A	A	A	A	5	None
1236.5	514	3/4	1.0	930	V6	V	True	('G#', 'B', 'E')	G#	E	1	major triad	(4, 8, 11)	A	A	A	A	5	None
1237.5	515	0	1.0	931	I	I	True	('A', 'C#', 'E')	A	A	0	major triad	(1, 4, 9)	A	A	A	A	1	None
1238.5	515	1/4	1.0	932	vi6	vi	True	('A', 'C#', 'F#')	A	F#	1	minor triad	(1, 6, 9)	A	A	A	A	6	None
1239.5	515	1/2	2.0	933	V7/V	V7/V	True	('B', 'D#', 'F#', 'A')	B	B	0	dominant seventh chord	(3, 6, 9, 11)	A	A	A	E	5	5
1241.5	516	0	3.0	934	V	V	True	('E', 'G#', 'B')	E	E	0	major triad	(4, 8, 11)	A	A	A	A	5	None
1244.5	516	3/4	1.0	935	V6	V	True	('G#', 'B', 'E')	G#	E	1	major triad	(4, 8, 11)	A	A	A	A	5	None
1245.5	517	0	1.0	936	I	I	True	('A', 'C#', 'E')	A	A	0	major triad	(1, 4, 9)	A	A	A	A	1	None
1246.5	517	1/4	1.0	937	vi6	vi	True	('A', 'C#', 'F#')	A	F#	1	minor triad	(1, 6, 9)	A	A	A	A	6	None
1247.5	517	1/2	2.0	938	V7/V	V7/V	True	('B', 'D#', 'F#', 'A')	B	B	0	dominant seventh chord	(3, 6, 9, 11)	A	A	A	E	5	5
1249.5	518	0	3.0	939	V	V	True	('E', 'G#', 'B')	E	E	0	major triad	(4, 8, 11)	A	A	A	A	5	None
1252.5	518	3/4	1.0	940	V6	V	True	('G#', 'B', 'E')	G#	E	1	major triad	(4, 8, 11)	A	A	A	A	5	None
1253.5	519	0	2.0	941	I	I	True	('A', 'C#', 'E')	A	A	0	major triad	(1, 4, 9)	A	A	A	A	1	None
1255.5	519	1/2	2.0	942	V42/V	V7/V	True	('A', 'B', 'D#', 'F#')	A	B	3	dominant seventh chord	(3, 6, 9, 11)	A	A	A	E	5	5
1257.5	520	0	2.0	943	V6	V	True	('G#', 'B', 'E')	G#	E	1	major triad	(4, 8, 11)	A	A	A	A	5	None
1259.5	520	1/2	2.0	944	V65/V	V7/V	True	('D#', 'F#', 'A', 'B')	D#	B	1	dominant seventh chord	(3, 6, 9, 11)	A	A	A	E	5	5
1261.5	521	0	1.0	945	V	V	True	('E', 'G#', 'B')	E	E	0	major triad	(4, 8, 11)	A	A	A	A	5	None
1262.5	521	1/4	1.0	946	V6	V	True	('G#', 'B', 'E')	G#	E	1	major triad	(4, 8, 11)	A	A	A	A	5	None
1263.5	521	1/2	1.0	947	V64	V	True	('B', 'E', 'G#')	B	E	2	major triad	(4, 8, 11)	A	A	A	A	5	None
1264.5	521	3/4	1.0	948	V7/V	V7/V	True	('B', 'D#', 'F#', 'A')	B	B	0	dominant seventh chord	(3, 6, 9, 11)	A	A	A	E	5	5
1265.5	522	0	4.0	949	V7/V	V7/V	True	('B', 'D#', 'F#', 'A')	B	B	0	dominant seventh chord	(3, 6, 9, 11)	A	A	A	E	5	5
1269.5	523	0	3.0	950	V	V	True	('E', 'G#', 'B')	E	E	0	major triad	(4, 8, 11)	A	A	A	A	5	None
1272.5	523	3/4	1.0	951	I	I	True	('A', 'C#', 'E')	A	A	0	major triad	(1, 4, 9)	A	A	A	A	1	None
1273.5	524	0	2.0	952	V65/ii	V7/ii	True	('A#', 'C#', 'E', 'F#')	A#	F#	1	dominant seventh chord	(1, 4, 6, 10)	A	A	A	b	5	2
1275.5	524	1/2	2.0	953	V7/ii	V7/ii	True	('F#', 'A#', 'C#', 'E')	F#	F#	0	dominant seventh chord	(1, 4, 6, 10)	A	A	A	b	5	2
1277.5	525	0	2.0	954	ii	ii	True	('B', 'D', 'F#')	B	B	0	minor triad	(2, 6, 11)	A	A	A	A	2	None
1279.5	525	1/2	2.0	955	V65	V7	True	('G#', 'B', 'D', 'E')	G#	E	1	dominant seventh chord	(2, 4, 8, 11)	A	A	A	A	5	None
1281.5	526	0	1.0	956	I	I	True	('A', 'C#', 'E')	A	A	0	major triad	(1, 4, 9)	A	A	A	A	1	None
1282.5	526	1/4	1.0	957	I6	I	True	('C#', 'E', 'A')	C#	A	1	major triad	(1, 4, 9)	A	A	A	A	1	None
1283.5	526	1/2	1.0	958	V43	V7	True	('B', 'D', 'E', 'G#')	B	E	2	dominant seventh chord	(2, 4, 8, 11)	A	A	A	A	5	None
1284.5	526	3/4	1.0	959	I	I	True	('A', 'C#', 'E')	A	A	0	major triad	(1, 4, 9)	A	A	A	A	1	None
1285.5	527	0	3.0	960	V	V	True	('E', 'G#', 'B')	E	E	0	major triad	(4, 8, 11)	A	A	A	A	5	None
1288.5	527	3/4	1.0	961	I	I	True	('A', 'C#', 'E')	A	A	0	major triad	(1, 4, 9)	A	A	A	A	1	None
1289.5	528	0	4.0	962	I	I	True	('A', 'C#', 'E')	A	A	0	major triad	(1, 4, 9)	A	A	A	A	1	None
1293.5	529	0	4.0	963	V6	V	True	('G#', 'B', 'E')	G#	E	1	major triad	(4, 8, 11)	A	A	A	A	5	None
1297.5	530	0	4.0	964	I	I	True	('A', 'C#', 'E')	A	A	0	major triad	(1, 4, 9)	A	A	A	A	1	None
1301.5	531	0	4.0	965	V6	V	True	('G#', 'B', 'E')	G#	E	1	major triad	(4, 8, 11)	A	A	A	A	5	None
1305.5	532	0	2.0	966	I	I	True	('A', 'C#', 'E')	A	A	0	major triad	(1, 4, 9)	A	A	A	A	1	None
1307.5	532	1/2	2.0	967	V7	V7	True	('E', 'G#', 'B', 'D')	E	E	0	dominant seventh chord	(2, 4, 8, 11)	A	A	A	A	5	None
1309.5	533	0	1.0	968	I	I	True	('A', 'C#', 'E')	A	A	0	major triad	(1, 4, 9)	A	A	A	A	1	None
1310.5	533	1/4	1.0	969	I	I	True	('A', 'C#', 'E')	A	A	0	major triad	(1, 4, 9)	A	A	A	A	1	None
1311.5	533	1/2	0.75	970	I	I	True	('A', 'C#', 'E')	A	A	0	major triad	(1, 4, 9)	A	A	A	A	1	None
1312.25	533	11/16	0.25	971	IV	IV	True	('D', 'F#', 'A')	D	D	0	major triad	(2, 6, 9)	A	A	A	A	4	None
1312.5	533	3/4	0.75	972	I6	I	True	('C#', 'E', 'A')	C#	A	1	major triad	(1, 4, 9)	A	A	A	A	1	None
1313.25	533	15/16	0.25	973	ii7	ii7	True	('B', 'D', 'F#', 'A')	B	B	0	minor seventh chord	(2, 6, 9, 11)	A	A	A	A	2	None
1313.5	534	0	1.0	974	I	I	True	('A', 'C#', 'E')	A	A	0	major triad	(1, 4, 9)	A	A	A	A	1	None
1314.5	534	1/4	1.0	975	I6	I	True	('C#', 'E', 'A')	C#	A	1	major triad	(1, 4, 9)	A	A	A	A	1	None
1315.5	534	1/2	1.0	976	V	V	True	('E', 'G#', 'B')	E	E	0	major triad	(4, 8, 11)	A	A	A	A	5	None
1316.5	534	3/4	1.0	977	V7	V7	True	('E', 'G#', 'B', 'D')	E	E	0	dominant seventh chord	(2, 4, 8, 11)	A	A	A	A	5	None
1317.5	535	0	1.0	978	I	I	True	('A', 'C#', 'E')	A	A	0	major triad	(1, 4, 9)	A	A	A	A	1	None
1318.5	535	1/4	1.0	979	I	I	True	('A', 'C#', 'E')	A	A	0	major triad	(1, 4, 9)	A	A	A	A	1	None
1319.5	535	1/2	0.75	980	I	I	True	('A', 'C#', 'E')	A	A	0	major triad	(1, 4, 9)	A	A	A	A	1	None
1320.25	535	11/16	0.25	981	IV	IV	True	('D', 'F#', 'A')	D	D	0	major triad	(2, 6, 9)	A	A	A	A	4	None
1320.5	535	3/4	0.75	982	I6	I	True	('C#', 'E', 'A')	C#	A	1	major triad	(1, 4, 9)	A	A	A	A	1	None
1321.25	535	15/16	0.25	983	ii7	ii7	True	('B', 'D', 'F#', 'A')	B	B	0	minor seventh chord	(2, 6, 9, 11)	A	A	A	A	2	None
1321.5	536	0	1.0	984	I	I	True	('A', 'C#', 'E')	A	A	0	major triad	(1, 4, 9)	A	A	A	A	1	None
1322.5	536	1/4	1.0	985	I6	I	True	('C#', 'E', 'A')	C#	A	1	major triad	(1, 4, 9)	A	A	A	A	1	None
1323.5	536	1/2	1.0	986	V	V	True	('E', 'G#', 'B')	E	E	0	major triad	(4, 8, 11)	A	A	A	A	5	None
1324.5	536	3/4	1.0	987	V7	V7	True	('E', 'G#', 'B', 'D')	E	E	0	dominant seventh chord	(2, 4, 8, 11)	A	A	A	A	5	None
1325.5	537	0	4.0	988	I	I	True	('A', 'C#', 'E')	A	A	0	major triad	(1, 4, 9)	A	A	A	A	1	None
