	s_duration	s_measure	s_notes	s_intervals	s_isOnset	a_measure	a_duration	a_annotationNumber	a_romanNumeral	a_isOnset	a_pitchNames	a_bass	a_root	a_inversion	a_quality	a_pcset	a_localKey	a_tonicizedKey	a_degree1	a_degree2	measureMisalignment	qualityScoreNotes	qualityNonChordTones	qualityMissingChordTones	qualitySquaredSum	incongruentBass
0.0	0.5	0.0	['F4']	[]	[True]	0.0	1.0	0.0	I	True	('F', 'A', 'C')	F	F	0.0	major triad	(0, 5, 9)	F	F	1	None	False	['F', 'F', 'F', 'F', 'A', 'C', 'A', 'C', 'A', 'C', 'A', 'C']	0.0	0.0	0.0	0.5
0.125	0.5	0.0	['F4']	[]	[False]	0.0	1.0	0.0	I	False	('F', 'A', 'C')	F	F	0.0	major triad	(0, 5, 9)	F	F	1	None	False	['F', 'F', 'F', 'F', 'A', 'C', 'A', 'C', 'A', 'C', 'A', 'C']	0.0	0.0	0.0	0.5
0.25	0.5	0.0	['F4']	[]	[False]	0.0	1.0	0.0	I	False	('F', 'A', 'C')	F	F	0.0	major triad	(0, 5, 9)	F	F	1	None	False	['F', 'F', 'F', 'F', 'A', 'C', 'A', 'C', 'A', 'C', 'A', 'C']	0.0	0.0	0.0	0.5
0.375	0.5	0.0	['F4']	[]	[False]	0.0	1.0	0.0	I	False	('F', 'A', 'C')	F	F	0.0	major triad	(0, 5, 9)	F	F	1	None	False	['F', 'F', 'F', 'F', 'A', 'C', 'A', 'C', 'A', 'C', 'A', 'C']	0.0	0.0	0.0	0.5
0.5	0.5	0.0	['A4', 'C5']	['m3']	[True, True]	0.0	1.0	0.0	I	False	('F', 'A', 'C')	F	F	0.0	major triad	(0, 5, 9)	F	F	1	None	False	['F', 'F', 'F', 'F', 'A', 'C', 'A', 'C', 'A', 'C', 'A', 'C']	0.0	0.0	0.0	0.5
0.625	0.5	0.0	['A4', 'C5']	['m3']	[False, False]	0.0	1.0	0.0	I	False	('F', 'A', 'C')	F	F	0.0	major triad	(0, 5, 9)	F	F	1	None	False	['F', 'F', 'F', 'F', 'A', 'C', 'A', 'C', 'A', 'C', 'A', 'C']	0.0	0.0	0.0	0.5
0.75	0.5	0.0	['A4', 'C5']	['m3']	[False, False]	0.0	1.0	0.0	I	False	('F', 'A', 'C')	F	F	0.0	major triad	(0, 5, 9)	F	F	1	None	False	['F', 'F', 'F', 'F', 'A', 'C', 'A', 'C', 'A', 'C', 'A', 'C']	0.0	0.0	0.0	0.5
0.875	0.5	0.0	['A4', 'C5']	['m3']	[False, False]	0.0	1.0	0.0	I	False	('F', 'A', 'C')	F	F	0.0	major triad	(0, 5, 9)	F	F	1	None	False	['F', 'F', 'F', 'F', 'A', 'C', 'A', 'C', 'A', 'C', 'A', 'C']	0.0	0.0	0.0	0.5
1.0	0.25	1.0	['F4']	[]	[True]	1.0	1.0	1.0	I	True	('F', 'A', 'C')	F	F	0.0	major triad	(0, 5, 9)	F	F	1	None	False	['F', 'F', 'C', 'C', 'A', 'A', 'C', 'C']	0.0	0.0	0.0	0.75
1.125	0.25	1.0	['F4']	[]	[False]	1.0	1.0	1.0	I	False	('F', 'A', 'C')	F	F	0.0	major triad	(0, 5, 9)	F	F	1	None	False	['F', 'F', 'C', 'C', 'A', 'A', 'C', 'C']	0.0	0.0	0.0	0.75
1.25	0.25	1.0	['C5']	[]	[True]	1.0	1.0	1.0	I	False	('F', 'A', 'C')	F	F	0.0	major triad	(0, 5, 9)	F	F	1	None	False	['F', 'F', 'C', 'C', 'A', 'A', 'C', 'C']	0.0	0.0	0.0	0.75
1.375	0.25	1.0	['C5']	[]	[False]	1.0	1.0	1.0	I	False	('F', 'A', 'C')	F	F	0.0	major triad	(0, 5, 9)	F	F	1	None	False	['F', 'F', 'C', 'C', 'A', 'A', 'C', 'C']	0.0	0.0	0.0	0.75
1.5	0.25	1.0	['A4']	[]	[True]	1.0	1.0	1.0	I	False	('F', 'A', 'C')	F	F	0.0	major triad	(0, 5, 9)	F	F	1	None	False	['F', 'F', 'C', 'C', 'A', 'A', 'C', 'C']	0.0	0.0	0.0	0.75
1.625	0.25	1.0	['A4']	[]	[False]	1.0	1.0	1.0	I	False	('F', 'A', 'C')	F	F	0.0	major triad	(0, 5, 9)	F	F	1	None	False	['F', 'F', 'C', 'C', 'A', 'A', 'C', 'C']	0.0	0.0	0.0	0.75
1.75	0.25	1.0	['C5']	[]	[True]	1.0	1.0	1.0	I	False	('F', 'A', 'C')	F	F	0.0	major triad	(0, 5, 9)	F	F	1	None	False	['F', 'F', 'C', 'C', 'A', 'A', 'C', 'C']	0.0	0.0	0.0	0.75
1.875	0.25	1.0	['C5']	[]	[False]	1.0	1.0	1.0	I	False	('F', 'A', 'C')	F	F	0.0	major triad	(0, 5, 9)	F	F	1	None	False	['F', 'F', 'C', 'C', 'A', 'A', 'C', 'C']	0.0	0.0	0.0	0.75
2.0	1.0	1.0	['E5', 'G5', 'C6']	['m3', 'm6']	[True, True, True]	1.0	1.0	2.0	V	True	('E', 'G', 'C')	E	C	1.0	major triad	(0, 4, 7)	F	F	5	None	False	['E', 'G', 'C', 'E', 'G', 'C', 'E', 'G', 'C', 'E', 'G', 'C', 'E', 'G', 'C', 'E', 'G', 'C', 'E', 'G', 'C', 'E', 'G', 'C']	0.0	0.0	0.0	0.0
2.125	1.0	1.0	['E5', 'G5', 'C6']	['m3', 'm6']	[False, False, False]	1.0	1.0	2.0	V	False	('E', 'G', 'C')	E	C	1.0	major triad	(0, 4, 7)	F	F	5	None	False	['E', 'G', 'C', 'E', 'G', 'C', 'E', 'G', 'C', 'E', 'G', 'C', 'E', 'G', 'C', 'E', 'G', 'C', 'E', 'G', 'C', 'E', 'G', 'C']	0.0	0.0	0.0	0.0
2.25	1.0	1.0	['E5', 'G5', 'C6']	['m3', 'm6']	[False, False, False]	1.0	1.0	2.0	V	False	('E', 'G', 'C')	E	C	1.0	major triad	(0, 4, 7)	F	F	5	None	False	['E', 'G', 'C', 'E', 'G', 'C', 'E', 'G', 'C', 'E', 'G', 'C', 'E', 'G', 'C', 'E', 'G', 'C', 'E', 'G', 'C', 'E', 'G', 'C']	0.0	0.0	0.0	0.0
2.375	1.0	1.0	['E5', 'G5', 'C6']	['m3', 'm6']	[False, False, False]	1.0	1.0	2.0	V	False	('E', 'G', 'C')	E	C	1.0	major triad	(0, 4, 7)	F	F	5	None	False	['E', 'G', 'C', 'E', 'G', 'C', 'E', 'G', 'C', 'E', 'G', 'C', 'E', 'G', 'C', 'E', 'G', 'C', 'E', 'G', 'C', 'E', 'G', 'C']	0.0	0.0	0.0	0.0
2.5	1.0	1.0	['E5', 'G5', 'C6']	['m3', 'm6']	[False, False, False]	1.0	1.0	2.0	V	False	('E', 'G', 'C')	E	C	1.0	major triad	(0, 4, 7)	F	F	5	None	False	['E', 'G', 'C', 'E', 'G', 'C', 'E', 'G', 'C', 'E', 'G', 'C', 'E', 'G', 'C', 'E', 'G', 'C', 'E', 'G', 'C', 'E', 'G', 'C']	0.0	0.0	0.0	0.0
2.625	1.0	1.0	['E5', 'G5', 'C6']	['m3', 'm6']	[False, False, False]	1.0	1.0	2.0	V	False	('E', 'G', 'C')	E	C	1.0	major triad	(0, 4, 7)	F	F	5	None	False	['E', 'G', 'C', 'E', 'G', 'C', 'E', 'G', 'C', 'E', 'G', 'C', 'E', 'G', 'C', 'E', 'G', 'C', 'E', 'G', 'C', 'E', 'G', 'C']	0.0	0.0	0.0	0.0
2.75	1.0	1.0	['E5', 'G5', 'C6']	['m3', 'm6']	[False, False, False]	1.0	1.0	2.0	V	False	('E', 'G', 'C')	E	C	1.0	major triad	(0, 4, 7)	F	F	5	None	False	['E', 'G', 'C', 'E', 'G', 'C', 'E', 'G', 'C', 'E', 'G', 'C', 'E', 'G', 'C', 'E', 'G', 'C', 'E', 'G', 'C', 'E', 'G', 'C']	0.0	0.0	0.0	0.0
2.875	1.0	1.0	['E5', 'G5', 'C6']	['m3', 'm6']	[False, False, False]	1.0	1.0	2.0	V	False	('E', 'G', 'C')	E	C	1.0	major triad	(0, 4, 7)	F	F	5	None	False	['E', 'G', 'C', 'E', 'G', 'C', 'E', 'G', 'C', 'E', 'G', 'C', 'E', 'G', 'C', 'E', 'G', 'C', 'E', 'G', 'C', 'E', 'G', 'C']	0.0	0.0	0.0	0.0
3.0	1.0	1.0	['E-5', 'F5', 'A5', 'C6']	['M2', 'A4', 'M6']	[True, True, True, True]	1.0	1.0	3.0	V7/IV	True	('E-', 'F', 'A', 'C')	E-	F	3.0	dominant seventh chord	(0, 3, 5, 9)	F	B-	5	4	False	['E-', 'F', 'A', 'C', 'E-', 'F', 'A', 'C', 'E-', 'F', 'A', 'C', 'E-', 'F', 'A', 'C', 'E-', 'F', 'A', 'C', 'E-', 'F', 'A', 'C', 'E-', 'F', 'A', 'C', 'E-', 'F', 'A', 'C']	0.0	0.0	0.0	0.0
3.125	1.0	1.0	['E-5', 'F5', 'A5', 'C6']	['M2', 'A4', 'M6']	[False, False, False, False]	1.0	1.0	3.0	V7/IV	False	('E-', 'F', 'A', 'C')	E-	F	3.0	dominant seventh chord	(0, 3, 5, 9)	F	B-	5	4	False	['E-', 'F', 'A', 'C', 'E-', 'F', 'A', 'C', 'E-', 'F', 'A', 'C', 'E-', 'F', 'A', 'C', 'E-', 'F', 'A', 'C', 'E-', 'F', 'A', 'C', 'E-', 'F', 'A', 'C', 'E-', 'F', 'A', 'C']	0.0	0.0	0.0	0.0
3.25	1.0	1.0	['E-5', 'F5', 'A5', 'C6']	['M2', 'A4', 'M6']	[False, False, False, False]	1.0	1.0	3.0	V7/IV	False	('E-', 'F', 'A', 'C')	E-	F	3.0	dominant seventh chord	(0, 3, 5, 9)	F	B-	5	4	False	['E-', 'F', 'A', 'C', 'E-', 'F', 'A', 'C', 'E-', 'F', 'A', 'C', 'E-', 'F', 'A', 'C', 'E-', 'F', 'A', 'C', 'E-', 'F', 'A', 'C', 'E-', 'F', 'A', 'C', 'E-', 'F', 'A', 'C']	0.0	0.0	0.0	0.0
3.375	1.0	1.0	['E-5', 'F5', 'A5', 'C6']	['M2', 'A4', 'M6']	[False, False, False, False]	1.0	1.0	3.0	V7/IV	False	('E-', 'F', 'A', 'C')	E-	F	3.0	dominant seventh chord	(0, 3, 5, 9)	F	B-	5	4	False	['E-', 'F', 'A', 'C', 'E-', 'F', 'A', 'C', 'E-', 'F', 'A', 'C', 'E-', 'F', 'A', 'C', 'E-', 'F', 'A', 'C', 'E-', 'F', 'A', 'C', 'E-', 'F', 'A', 'C', 'E-', 'F', 'A', 'C']	0.0	0.0	0.0	0.0
3.5	1.0	1.0	['E-5', 'F5', 'A5', 'C6']	['M2', 'A4', 'M6']	[False, False, False, False]	1.0	1.0	3.0	V7/IV	False	('E-', 'F', 'A', 'C')	E-	F	3.0	dominant seventh chord	(0, 3, 5, 9)	F	B-	5	4	False	['E-', 'F', 'A', 'C', 'E-', 'F', 'A', 'C', 'E-', 'F', 'A', 'C', 'E-', 'F', 'A', 'C', 'E-', 'F', 'A', 'C', 'E-', 'F', 'A', 'C', 'E-', 'F', 'A', 'C', 'E-', 'F', 'A', 'C']	0.0	0.0	0.0	0.0
3.625	1.0	1.0	['E-5', 'F5', 'A5', 'C6']	['M2', 'A4', 'M6']	[False, False, False, False]	1.0	1.0	3.0	V7/IV	False	('E-', 'F', 'A', 'C')	E-	F	3.0	dominant seventh chord	(0, 3, 5, 9)	F	B-	5	4	False	['E-', 'F', 'A', 'C', 'E-', 'F', 'A', 'C', 'E-', 'F', 'A', 'C', 'E-', 'F', 'A', 'C', 'E-', 'F', 'A', 'C', 'E-', 'F', 'A', 'C', 'E-', 'F', 'A', 'C', 'E-', 'F', 'A', 'C']	0.0	0.0	0.0	0.0
3.75	1.0	1.0	['E-5', 'F5', 'A5', 'C6']	['M2', 'A4', 'M6']	[False, False, False, False]	1.0	1.0	3.0	V7/IV	False	('E-', 'F', 'A', 'C')	E-	F	3.0	dominant seventh chord	(0, 3, 5, 9)	F	B-	5	4	False	['E-', 'F', 'A', 'C', 'E-', 'F', 'A', 'C', 'E-', 'F', 'A', 'C', 'E-', 'F', 'A', 'C', 'E-', 'F', 'A', 'C', 'E-', 'F', 'A', 'C', 'E-', 'F', 'A', 'C', 'E-', 'F', 'A', 'C']	0.0	0.0	0.0	0.0
3.875	1.0	1.0	['E-5', 'F5', 'A5', 'C6']	['M2', 'A4', 'M6']	[False, False, False, False]	1.0	1.0	3.0	V7/IV	False	('E-', 'F', 'A', 'C')	E-	F	3.0	dominant seventh chord	(0, 3, 5, 9)	F	B-	5	4	False	['E-', 'F', 'A', 'C', 'E-', 'F', 'A', 'C', 'E-', 'F', 'A', 'C', 'E-', 'F', 'A', 'C', 'E-', 'F', 'A', 'C', 'E-', 'F', 'A', 'C', 'E-', 'F', 'A', 'C', 'E-', 'F', 'A', 'C']	0.0	0.0	0.0	0.0
4.0	0.5	1.0	['D5']	[]	[True]	1.0	1.0	4.0	IV	True	('D', 'F', 'B-')	D	B-	1.0	major triad	(2, 5, 10)	F	F	4	None	False	['D', 'D', 'D', 'D', 'F', 'B-', 'F', 'B-', 'F', 'B-', 'F', 'B-']	0.0	0.0	0.0	0.5
4.125	0.5	1.0	['D5']	[]	[False]	1.0	1.0	4.0	IV	False	('D', 'F', 'B-')	D	B-	1.0	major triad	(2, 5, 10)	F	F	4	None	False	['D', 'D', 'D', 'D', 'F', 'B-', 'F', 'B-', 'F', 'B-', 'F', 'B-']	0.0	0.0	0.0	0.5
4.25	0.5	1.0	['D5']	[]	[False]	1.0	1.0	4.0	IV	False	('D', 'F', 'B-')	D	B-	1.0	major triad	(2, 5, 10)	F	F	4	None	False	['D', 'D', 'D', 'D', 'F', 'B-', 'F', 'B-', 'F', 'B-', 'F', 'B-']	0.0	0.0	0.0	0.5
4.375	0.5	1.0	['D5']	[]	[False]	1.0	1.0	4.0	IV	False	('D', 'F', 'B-')	D	B-	1.0	major triad	(2, 5, 10)	F	F	4	None	False	['D', 'D', 'D', 'D', 'F', 'B-', 'F', 'B-', 'F', 'B-', 'F', 'B-']	0.0	0.0	0.0	0.5
4.5	0.5	1.0	['F5', 'B-5']	['P4']	[True, True]	1.0	1.0	4.0	IV	False	('D', 'F', 'B-')	D	B-	1.0	major triad	(2, 5, 10)	F	F	4	None	False	['D', 'D', 'D', 'D', 'F', 'B-', 'F', 'B-', 'F', 'B-', 'F', 'B-']	0.0	0.0	0.0	0.5
4.625	0.5	1.0	['F5', 'B-5']	['P4']	[False, False]	1.0	1.0	4.0	IV	False	('D', 'F', 'B-')	D	B-	1.0	major triad	(2, 5, 10)	F	F	4	None	False	['D', 'D', 'D', 'D', 'F', 'B-', 'F', 'B-', 'F', 'B-', 'F', 'B-']	0.0	0.0	0.0	0.5
4.75	0.5	1.0	['F5', 'B-5']	['P4']	[False, False]	1.0	1.0	4.0	IV	False	('D', 'F', 'B-')	D	B-	1.0	major triad	(2, 5, 10)	F	F	4	None	False	['D', 'D', 'D', 'D', 'F', 'B-', 'F', 'B-', 'F', 'B-', 'F', 'B-']	0.0	0.0	0.0	0.5
4.875	0.5	1.0	['F5', 'B-5']	['P4']	[False, False]	1.0	1.0	4.0	IV	False	('D', 'F', 'B-')	D	B-	1.0	major triad	(2, 5, 10)	F	F	4	None	False	['D', 'D', 'D', 'D', 'F', 'B-', 'F', 'B-', 'F', 'B-', 'F', 'B-']	0.0	0.0	0.0	0.5
5.0	2.0	2.0	['C5', 'E5', 'G5']	['M3', 'P5']	[True, True, True]	2.0	2.0	5.0	V	True	('C', 'E', 'G')	C	C	0.0	major triad	(0, 4, 7)	F	F	5	None	False	['C', 'E', 'G', 'C', 'E', 'G', 'C', 'E', 'G', 'C', 'E', 'G', 'C', 'E', 'G', 'C', 'E', 'G', 'C', 'E', 'G', 'C', 'E', 'G', 'C', 'E', 'G', 'C', 'E', 'G', 'C', 'E', 'G', 'C', 'E', 'G', 'C', 'E', 'G', 'C', 'E', 'G', 'C', 'E', 'G', 'C', 'E', 'G']	0.0	0.0	0.0	0.0
5.125	2.0	2.0	['C5', 'E5', 'G5']	['M3', 'P5']	[False, False, False]	2.0	2.0	5.0	V	False	('C', 'E', 'G')	C	C	0.0	major triad	(0, 4, 7)	F	F	5	None	False	['C', 'E', 'G', 'C', 'E', 'G', 'C', 'E', 'G', 'C', 'E', 'G', 'C', 'E', 'G', 'C', 'E', 'G', 'C', 'E', 'G', 'C', 'E', 'G', 'C', 'E', 'G', 'C', 'E', 'G', 'C', 'E', 'G', 'C', 'E', 'G', 'C', 'E', 'G', 'C', 'E', 'G', 'C', 'E', 'G', 'C', 'E', 'G']	0.0	0.0	0.0	0.0
5.25	2.0	2.0	['C5', 'E5', 'G5']	['M3', 'P5']	[False, False, False]	2.0	2.0	5.0	V	False	('C', 'E', 'G')	C	C	0.0	major triad	(0, 4, 7)	F	F	5	None	False	['C', 'E', 'G', 'C', 'E', 'G', 'C', 'E', 'G', 'C', 'E', 'G', 'C', 'E', 'G', 'C', 'E', 'G', 'C', 'E', 'G', 'C', 'E', 'G', 'C', 'E', 'G', 'C', 'E', 'G', 'C', 'E', 'G', 'C', 'E', 'G', 'C', 'E', 'G', 'C', 'E', 'G', 'C', 'E', 'G', 'C', 'E', 'G']	0.0	0.0	0.0	0.0
5.375	2.0	2.0	['C5', 'E5', 'G5']	['M3', 'P5']	[False, False, False]	2.0	2.0	5.0	V	False	('C', 'E', 'G')	C	C	0.0	major triad	(0, 4, 7)	F	F	5	None	False	['C', 'E', 'G', 'C', 'E', 'G', 'C', 'E', 'G', 'C', 'E', 'G', 'C', 'E', 'G', 'C', 'E', 'G', 'C', 'E', 'G', 'C', 'E', 'G', 'C', 'E', 'G', 'C', 'E', 'G', 'C', 'E', 'G', 'C', 'E', 'G', 'C', 'E', 'G', 'C', 'E', 'G', 'C', 'E', 'G', 'C', 'E', 'G']	0.0	0.0	0.0	0.0
5.5	2.0	2.0	['C5', 'E5', 'G5']	['M3', 'P5']	[False, False, False]	2.0	2.0	5.0	V	False	('C', 'E', 'G')	C	C	0.0	major triad	(0, 4, 7)	F	F	5	None	False	['C', 'E', 'G', 'C', 'E', 'G', 'C', 'E', 'G', 'C', 'E', 'G', 'C', 'E', 'G', 'C', 'E', 'G', 'C', 'E', 'G', 'C', 'E', 'G', 'C', 'E', 'G', 'C', 'E', 'G', 'C', 'E', 'G', 'C', 'E', 'G', 'C', 'E', 'G', 'C', 'E', 'G', 'C', 'E', 'G', 'C', 'E', 'G']	0.0	0.0	0.0	0.0
5.625	2.0	2.0	['C5', 'E5', 'G5']	['M3', 'P5']	[False, False, False]	2.0	2.0	5.0	V	False	('C', 'E', 'G')	C	C	0.0	major triad	(0, 4, 7)	F	F	5	None	False	['C', 'E', 'G', 'C', 'E', 'G', 'C', 'E', 'G', 'C', 'E', 'G', 'C', 'E', 'G', 'C', 'E', 'G', 'C', 'E', 'G', 'C', 'E', 'G', 'C', 'E', 'G', 'C', 'E', 'G', 'C', 'E', 'G', 'C', 'E', 'G', 'C', 'E', 'G', 'C', 'E', 'G', 'C', 'E', 'G', 'C', 'E', 'G']	0.0	0.0	0.0	0.0
5.75	2.0	2.0	['C5', 'E5', 'G5']	['M3', 'P5']	[False, False, False]	2.0	2.0	5.0	V	False	('C', 'E', 'G')	C	C	0.0	major triad	(0, 4, 7)	F	F	5	None	False	['C', 'E', 'G', 'C', 'E', 'G', 'C', 'E', 'G', 'C', 'E', 'G', 'C', 'E', 'G', 'C', 'E', 'G', 'C', 'E', 'G', 'C', 'E', 'G', 'C', 'E', 'G', 'C', 'E', 'G', 'C', 'E', 'G', 'C', 'E', 'G', 'C', 'E', 'G', 'C', 'E', 'G', 'C', 'E', 'G', 'C', 'E', 'G']	0.0	0.0	0.0	0.0
5.875	2.0	2.0	['C5', 'E5', 'G5']	['M3', 'P5']	[False, False, False]	2.0	2.0	5.0	V	False	('C', 'E', 'G')	C	C	0.0	major triad	(0, 4, 7)	F	F	5	None	False	['C', 'E', 'G', 'C', 'E', 'G', 'C', 'E', 'G', 'C', 'E', 'G', 'C', 'E', 'G', 'C', 'E', 'G', 'C', 'E', 'G', 'C', 'E', 'G', 'C', 'E', 'G', 'C', 'E', 'G', 'C', 'E', 'G', 'C', 'E', 'G', 'C', 'E', 'G', 'C', 'E', 'G', 'C', 'E', 'G', 'C', 'E', 'G']	0.0	0.0	0.0	0.0
6.0	2.0	2.0	['C5', 'E5', 'G5']	['M3', 'P5']	[False, False, False]	2.0	2.0	5.0	V	False	('C', 'E', 'G')	C	C	0.0	major triad	(0, 4, 7)	F	F	5	None	False	['C', 'E', 'G', 'C', 'E', 'G', 'C', 'E', 'G', 'C', 'E', 'G', 'C', 'E', 'G', 'C', 'E', 'G', 'C', 'E', 'G', 'C', 'E', 'G', 'C', 'E', 'G', 'C', 'E', 'G', 'C', 'E', 'G', 'C', 'E', 'G', 'C', 'E', 'G', 'C', 'E', 'G', 'C', 'E', 'G', 'C', 'E', 'G']	0.0	0.0	0.0	0.0
6.125	2.0	2.0	['C5', 'E5', 'G5']	['M3', 'P5']	[False, False, False]	2.0	2.0	5.0	V	False	('C', 'E', 'G')	C	C	0.0	major triad	(0, 4, 7)	F	F	5	None	False	['C', 'E', 'G', 'C', 'E', 'G', 'C', 'E', 'G', 'C', 'E', 'G', 'C', 'E', 'G', 'C', 'E', 'G', 'C', 'E', 'G', 'C', 'E', 'G', 'C', 'E', 'G', 'C', 'E', 'G', 'C', 'E', 'G', 'C', 'E', 'G', 'C', 'E', 'G', 'C', 'E', 'G', 'C', 'E', 'G', 'C', 'E', 'G']	0.0	0.0	0.0	0.0
6.25	2.0	2.0	['C5', 'E5', 'G5']	['M3', 'P5']	[False, False, False]	2.0	2.0	5.0	V	False	('C', 'E', 'G')	C	C	0.0	major triad	(0, 4, 7)	F	F	5	None	False	['C', 'E', 'G', 'C', 'E', 'G', 'C', 'E', 'G', 'C', 'E', 'G', 'C', 'E', 'G', 'C', 'E', 'G', 'C', 'E', 'G', 'C', 'E', 'G', 'C', 'E', 'G', 'C', 'E', 'G', 'C', 'E', 'G', 'C', 'E', 'G', 'C', 'E', 'G', 'C', 'E', 'G', 'C', 'E', 'G', 'C', 'E', 'G']	0.0	0.0	0.0	0.0
6.375	2.0	2.0	['C5', 'E5', 'G5']	['M3', 'P5']	[False, False, False]	2.0	2.0	5.0	V	False	('C', 'E', 'G')	C	C	0.0	major triad	(0, 4, 7)	F	F	5	None	False	['C', 'E', 'G', 'C', 'E', 'G', 'C', 'E', 'G', 'C', 'E', 'G', 'C', 'E', 'G', 'C', 'E', 'G', 'C', 'E', 'G', 'C', 'E', 'G', 'C', 'E', 'G', 'C', 'E', 'G', 'C', 'E', 'G', 'C', 'E', 'G', 'C', 'E', 'G', 'C', 'E', 'G', 'C', 'E', 'G', 'C', 'E', 'G']	0.0	0.0	0.0	0.0
6.5	2.0	2.0	['C5', 'E5', 'G5']	['M3', 'P5']	[False, False, False]	2.0	2.0	5.0	V	False	('C', 'E', 'G')	C	C	0.0	major triad	(0, 4, 7)	F	F	5	None	False	['C', 'E', 'G', 'C', 'E', 'G', 'C', 'E', 'G', 'C', 'E', 'G', 'C', 'E', 'G', 'C', 'E', 'G', 'C', 'E', 'G', 'C', 'E', 'G', 'C', 'E', 'G', 'C', 'E', 'G', 'C', 'E', 'G', 'C', 'E', 'G', 'C', 'E', 'G', 'C', 'E', 'G', 'C', 'E', 'G', 'C', 'E', 'G']	0.0	0.0	0.0	0.0
6.625	2.0	2.0	['C5', 'E5', 'G5']	['M3', 'P5']	[False, False, False]	2.0	2.0	5.0	V	False	('C', 'E', 'G')	C	C	0.0	major triad	(0, 4, 7)	F	F	5	None	False	['C', 'E', 'G', 'C', 'E', 'G', 'C', 'E', 'G', 'C', 'E', 'G', 'C', 'E', 'G', 'C', 'E', 'G', 'C', 'E', 'G', 'C', 'E', 'G', 'C', 'E', 'G', 'C', 'E', 'G', 'C', 'E', 'G', 'C', 'E', 'G', 'C', 'E', 'G', 'C', 'E', 'G', 'C', 'E', 'G', 'C', 'E', 'G']	0.0	0.0	0.0	0.0
6.75	2.0	2.0	['C5', 'E5', 'G5']	['M3', 'P5']	[False, False, False]	2.0	2.0	5.0	V	False	('C', 'E', 'G')	C	C	0.0	major triad	(0, 4, 7)	F	F	5	None	False	['C', 'E', 'G', 'C', 'E', 'G', 'C', 'E', 'G', 'C', 'E', 'G', 'C', 'E', 'G', 'C', 'E', 'G', 'C', 'E', 'G', 'C', 'E', 'G', 'C', 'E', 'G', 'C', 'E', 'G', 'C', 'E', 'G', 'C', 'E', 'G', 'C', 'E', 'G', 'C', 'E', 'G', 'C', 'E', 'G', 'C', 'E', 'G']	0.0	0.0	0.0	0.0
6.875	2.0	2.0	['C5', 'E5', 'G5']	['M3', 'P5']	[False, False, False]	2.0	2.0	5.0	V	False	('C', 'E', 'G')	C	C	0.0	major triad	(0, 4, 7)	F	F	5	None	False	['C', 'E', 'G', 'C', 'E', 'G', 'C', 'E', 'G', 'C', 'E', 'G', 'C', 'E', 'G', 'C', 'E', 'G', 'C', 'E', 'G', 'C', 'E', 'G', 'C', 'E', 'G', 'C', 'E', 'G', 'C', 'E', 'G', 'C', 'E', 'G', 'C', 'E', 'G', 'C', 'E', 'G', 'C', 'E', 'G', 'C', 'E', 'G']	0.0	0.0	0.0	0.0
7.0	0.25	2.0	['F4']	[]	[True]	2.0	1.0	6.0	I	True	('F', 'A', 'C')	F	F	0.0	major triad	(0, 5, 9)	F	F	1	None	False	['F', 'F', 'C', 'C', 'A', 'A', 'C', 'C']	0.0	0.0	0.0	0.75
7.125	0.25	2.0	['F4']	[]	[False]	2.0	1.0	6.0	I	False	('F', 'A', 'C')	F	F	0.0	major triad	(0, 5, 9)	F	F	1	None	False	['F', 'F', 'C', 'C', 'A', 'A', 'C', 'C']	0.0	0.0	0.0	0.75
7.25	0.25	2.0	['C5']	[]	[True]	2.0	1.0	6.0	I	False	('F', 'A', 'C')	F	F	0.0	major triad	(0, 5, 9)	F	F	1	None	False	['F', 'F', 'C', 'C', 'A', 'A', 'C', 'C']	0.0	0.0	0.0	0.75
7.375	0.25	2.0	['C5']	[]	[False]	2.0	1.0	6.0	I	False	('F', 'A', 'C')	F	F	0.0	major triad	(0, 5, 9)	F	F	1	None	False	['F', 'F', 'C', 'C', 'A', 'A', 'C', 'C']	0.0	0.0	0.0	0.75
7.5	0.25	2.0	['A4']	[]	[True]	2.0	1.0	6.0	I	False	('F', 'A', 'C')	F	F	0.0	major triad	(0, 5, 9)	F	F	1	None	False	['F', 'F', 'C', 'C', 'A', 'A', 'C', 'C']	0.0	0.0	0.0	0.75
7.625	0.25	2.0	['A4']	[]	[False]	2.0	1.0	6.0	I	False	('F', 'A', 'C')	F	F	0.0	major triad	(0, 5, 9)	F	F	1	None	False	['F', 'F', 'C', 'C', 'A', 'A', 'C', 'C']	0.0	0.0	0.0	0.75
7.75	0.25	2.0	['C5']	[]	[True]	2.0	1.0	6.0	I	False	('F', 'A', 'C')	F	F	0.0	major triad	(0, 5, 9)	F	F	1	None	False	['F', 'F', 'C', 'C', 'A', 'A', 'C', 'C']	0.0	0.0	0.0	0.75
7.875	0.25	2.0	['C5']	[]	[False]	2.0	1.0	6.0	I	False	('F', 'A', 'C')	F	F	0.0	major triad	(0, 5, 9)	F	F	1	None	False	['F', 'F', 'C', 'C', 'A', 'A', 'C', 'C']	0.0	0.0	0.0	0.75
8.0	1.0	2.0	['B-4', 'D5', 'F5']	['M3', 'P5']	[True, True, True]	2.0	1.0	7.0	IV	True	('B-', 'D', 'F')	B-	B-	0.0	major triad	(2, 5, 10)	F	F	4	None	False	['B-', 'D', 'F', 'B-', 'D', 'F', 'B-', 'D', 'F', 'B-', 'D', 'F', 'B-', 'D', 'F', 'B-', 'D', 'F', 'B-', 'D', 'F', 'B-', 'D', 'F']	0.0	0.0	0.0	0.0
8.125	1.0	2.0	['B-4', 'D5', 'F5']	['M3', 'P5']	[False, False, False]	2.0	1.0	7.0	IV	False	('B-', 'D', 'F')	B-	B-	0.0	major triad	(2, 5, 10)	F	F	4	None	False	['B-', 'D', 'F', 'B-', 'D', 'F', 'B-', 'D', 'F', 'B-', 'D', 'F', 'B-', 'D', 'F', 'B-', 'D', 'F', 'B-', 'D', 'F', 'B-', 'D', 'F']	0.0	0.0	0.0	0.0
8.25	1.0	2.0	['B-4', 'D5', 'F5']	['M3', 'P5']	[False, False, False]	2.0	1.0	7.0	IV	False	('B-', 'D', 'F')	B-	B-	0.0	major triad	(2, 5, 10)	F	F	4	None	False	['B-', 'D', 'F', 'B-', 'D', 'F', 'B-', 'D', 'F', 'B-', 'D', 'F', 'B-', 'D', 'F', 'B-', 'D', 'F', 'B-', 'D', 'F', 'B-', 'D', 'F']	0.0	0.0	0.0	0.0
8.375	1.0	2.0	['B-4', 'D5', 'F5']	['M3', 'P5']	[False, False, False]	2.0	1.0	7.0	IV	False	('B-', 'D', 'F')	B-	B-	0.0	major triad	(2, 5, 10)	F	F	4	None	False	['B-', 'D', 'F', 'B-', 'D', 'F', 'B-', 'D', 'F', 'B-', 'D', 'F', 'B-', 'D', 'F', 'B-', 'D', 'F', 'B-', 'D', 'F', 'B-', 'D', 'F']	0.0	0.0	0.0	0.0
8.5	1.0	2.0	['B-4', 'D5', 'F5']	['M3', 'P5']	[False, False, False]	2.0	1.0	7.0	IV	False	('B-', 'D', 'F')	B-	B-	0.0	major triad	(2, 5, 10)	F	F	4	None	False	['B-', 'D', 'F', 'B-', 'D', 'F', 'B-', 'D', 'F', 'B-', 'D', 'F', 'B-', 'D', 'F', 'B-', 'D', 'F', 'B-', 'D', 'F', 'B-', 'D', 'F']	0.0	0.0	0.0	0.0
8.625	1.0	2.0	['B-4', 'D5', 'F5']	['M3', 'P5']	[False, False, False]	2.0	1.0	7.0	IV	False	('B-', 'D', 'F')	B-	B-	0.0	major triad	(2, 5, 10)	F	F	4	None	False	['B-', 'D', 'F', 'B-', 'D', 'F', 'B-', 'D', 'F', 'B-', 'D', 'F', 'B-', 'D', 'F', 'B-', 'D', 'F', 'B-', 'D', 'F', 'B-', 'D', 'F']	0.0	0.0	0.0	0.0
8.75	1.0	2.0	['B-4', 'D5', 'F5']	['M3', 'P5']	[False, False, False]	2.0	1.0	7.0	IV	False	('B-', 'D', 'F')	B-	B-	0.0	major triad	(2, 5, 10)	F	F	4	None	False	['B-', 'D', 'F', 'B-', 'D', 'F', 'B-', 'D', 'F', 'B-', 'D', 'F', 'B-', 'D', 'F', 'B-', 'D', 'F', 'B-', 'D', 'F', 'B-', 'D', 'F']	0.0	0.0	0.0	0.0
8.875	1.0	2.0	['B-4', 'D5', 'F5']	['M3', 'P5']	[False, False, False]	2.0	1.0	7.0	IV	False	('B-', 'D', 'F')	B-	B-	0.0	major triad	(2, 5, 10)	F	F	4	None	False	['B-', 'D', 'F', 'B-', 'D', 'F', 'B-', 'D', 'F', 'B-', 'D', 'F', 'B-', 'D', 'F', 'B-', 'D', 'F', 'B-', 'D', 'F', 'B-', 'D', 'F']	0.0	0.0	0.0	0.0
9.0	1.0	3.0	['A4', 'C5', 'F5']	['m3', 'm6']	[True, True, True]	3.0	1.0	8.0	I	True	('A', 'C', 'F')	A	F	1.0	major triad	(0, 5, 9)	F	F	1	None	False	['A', 'C', 'F', 'A', 'C', 'F', 'A', 'C', 'F', 'A', 'C', 'F', 'A', 'C', 'F', 'A', 'C', 'F', 'A', 'C', 'F', 'A', 'C', 'F']	0.0	0.0	0.0	0.0
9.125	1.0	3.0	['A4', 'C5', 'F5']	['m3', 'm6']	[False, False, False]	3.0	1.0	8.0	I	False	('A', 'C', 'F')	A	F	1.0	major triad	(0, 5, 9)	F	F	1	None	False	['A', 'C', 'F', 'A', 'C', 'F', 'A', 'C', 'F', 'A', 'C', 'F', 'A', 'C', 'F', 'A', 'C', 'F', 'A', 'C', 'F', 'A', 'C', 'F']	0.0	0.0	0.0	0.0
9.25	1.0	3.0	['A4', 'C5', 'F5']	['m3', 'm6']	[False, False, False]	3.0	1.0	8.0	I	False	('A', 'C', 'F')	A	F	1.0	major triad	(0, 5, 9)	F	F	1	None	False	['A', 'C', 'F', 'A', 'C', 'F', 'A', 'C', 'F', 'A', 'C', 'F', 'A', 'C', 'F', 'A', 'C', 'F', 'A', 'C', 'F', 'A', 'C', 'F']	0.0	0.0	0.0	0.0
9.375	1.0	3.0	['A4', 'C5', 'F5']	['m3', 'm6']	[False, False, False]	3.0	1.0	8.0	I	False	('A', 'C', 'F')	A	F	1.0	major triad	(0, 5, 9)	F	F	1	None	False	['A', 'C', 'F', 'A', 'C', 'F', 'A', 'C', 'F', 'A', 'C', 'F', 'A', 'C', 'F', 'A', 'C', 'F', 'A', 'C', 'F', 'A', 'C', 'F']	0.0	0.0	0.0	0.0
9.5	1.0	3.0	['A4', 'C5', 'F5']	['m3', 'm6']	[False, False, False]	3.0	1.0	8.0	I	False	('A', 'C', 'F')	A	F	1.0	major triad	(0, 5, 9)	F	F	1	None	False	['A', 'C', 'F', 'A', 'C', 'F', 'A', 'C', 'F', 'A', 'C', 'F', 'A', 'C', 'F', 'A', 'C', 'F', 'A', 'C', 'F', 'A', 'C', 'F']	0.0	0.0	0.0	0.0
9.625	1.0	3.0	['A4', 'C5', 'F5']	['m3', 'm6']	[False, False, False]	3.0	1.0	8.0	I	False	('A', 'C', 'F')	A	F	1.0	major triad	(0, 5, 9)	F	F	1	None	False	['A', 'C', 'F', 'A', 'C', 'F', 'A', 'C', 'F', 'A', 'C', 'F', 'A', 'C', 'F', 'A', 'C', 'F', 'A', 'C', 'F', 'A', 'C', 'F']	0.0	0.0	0.0	0.0
9.75	1.0	3.0	['A4', 'C5', 'F5']	['m3', 'm6']	[False, False, False]	3.0	1.0	8.0	I	False	('A', 'C', 'F')	A	F	1.0	major triad	(0, 5, 9)	F	F	1	None	False	['A', 'C', 'F', 'A', 'C', 'F', 'A', 'C', 'F', 'A', 'C', 'F', 'A', 'C', 'F', 'A', 'C', 'F', 'A', 'C', 'F', 'A', 'C', 'F']	0.0	0.0	0.0	0.0
9.875	1.0	3.0	['A4', 'C5', 'F5']	['m3', 'm6']	[False, False, False]	3.0	1.0	8.0	I	False	('A', 'C', 'F')	A	F	1.0	major triad	(0, 5, 9)	F	F	1	None	False	['A', 'C', 'F', 'A', 'C', 'F', 'A', 'C', 'F', 'A', 'C', 'F', 'A', 'C', 'F', 'A', 'C', 'F', 'A', 'C', 'F', 'A', 'C', 'F']	0.0	0.0	0.0	0.0
10.0	0.5	3.0	['G4', 'B-4', 'D5', 'F5']	['m3', 'P5', 'm7']	[True, True, True, True]	3.0	0.5	9.0	ii7	True	('G', 'B-', 'D', 'F')	G	G	0.0	minor seventh chord	(2, 5, 7, 10)	F	F	2	None	False	['G', 'B-', 'D', 'F', 'G', 'B-', 'D', 'F', 'G', 'B-', 'D', 'F', 'G', 'B-', 'D', 'F']	0.0	0.0	0.0	0.0
10.125	0.5	3.0	['G4', 'B-4', 'D5', 'F5']	['m3', 'P5', 'm7']	[False, False, False, False]	3.0	0.5	9.0	ii7	False	('G', 'B-', 'D', 'F')	G	G	0.0	minor seventh chord	(2, 5, 7, 10)	F	F	2	None	False	['G', 'B-', 'D', 'F', 'G', 'B-', 'D', 'F', 'G', 'B-', 'D', 'F', 'G', 'B-', 'D', 'F']	0.0	0.0	0.0	0.0
10.25	0.5	3.0	['G4', 'B-4', 'D5', 'F5']	['m3', 'P5', 'm7']	[False, False, False, False]	3.0	0.5	9.0	ii7	False	('G', 'B-', 'D', 'F')	G	G	0.0	minor seventh chord	(2, 5, 7, 10)	F	F	2	None	False	['G', 'B-', 'D', 'F', 'G', 'B-', 'D', 'F', 'G', 'B-', 'D', 'F', 'G', 'B-', 'D', 'F']	0.0	0.0	0.0	0.0
10.375	0.5	3.0	['G4', 'B-4', 'D5', 'F5']	['m3', 'P5', 'm7']	[False, False, False, False]	3.0	0.5	9.0	ii7	False	('G', 'B-', 'D', 'F')	G	G	0.0	minor seventh chord	(2, 5, 7, 10)	F	F	2	None	False	['G', 'B-', 'D', 'F', 'G', 'B-', 'D', 'F', 'G', 'B-', 'D', 'F', 'G', 'B-', 'D', 'F']	0.0	0.0	0.0	0.0
10.5	0.5	3.0	['G4', 'B-4', 'E5']	['m3', 'M6']	[True, True, True]	3.0	0.5	10.0	viio	True	('G', 'B-', 'E')	G	E	1.0	diminished triad	(4, 7, 10)	F	F	7	None	False	['G', 'B-', 'E', 'G', 'B-', 'E', 'G', 'B-', 'E', 'G', 'B-', 'E']	0.0	0.0	0.0	0.0
10.625	0.5	3.0	['G4', 'B-4', 'E5']	['m3', 'M6']	[False, False, False]	3.0	0.5	10.0	viio	False	('G', 'B-', 'E')	G	E	1.0	diminished triad	(4, 7, 10)	F	F	7	None	False	['G', 'B-', 'E', 'G', 'B-', 'E', 'G', 'B-', 'E', 'G', 'B-', 'E']	0.0	0.0	0.0	0.0
10.75	0.5	3.0	['G4', 'B-4', 'E5']	['m3', 'M6']	[False, False, False]	3.0	0.5	10.0	viio	False	('G', 'B-', 'E')	G	E	1.0	diminished triad	(4, 7, 10)	F	F	7	None	False	['G', 'B-', 'E', 'G', 'B-', 'E', 'G', 'B-', 'E', 'G', 'B-', 'E']	0.0	0.0	0.0	0.0
10.875	0.5	3.0	['G4', 'B-4', 'E5']	['m3', 'M6']	[False, False, False]	3.0	0.5	10.0	viio	False	('G', 'B-', 'E')	G	E	1.0	diminished triad	(4, 7, 10)	F	F	7	None	False	['G', 'B-', 'E', 'G', 'B-', 'E', 'G', 'B-', 'E', 'G', 'B-', 'E']	0.0	0.0	0.0	0.0
11.0	0.25	3.0	['F4']	[]	[True]	3.0	1.0	11.0	I	True	('F', 'A', 'C')	F	F	0.0	major triad	(0, 5, 9)	F	F	1	None	False	['F', 'F', 'C', 'C', 'A', 'A', 'C', 'C']	0.0	0.0	0.0	0.75
11.125	0.25	3.0	['F4']	[]	[False]	3.0	1.0	11.0	I	False	('F', 'A', 'C')	F	F	0.0	major triad	(0, 5, 9)	F	F	1	None	False	['F', 'F', 'C', 'C', 'A', 'A', 'C', 'C']	0.0	0.0	0.0	0.75
11.25	0.25	3.0	['C5']	[]	[True]	3.0	1.0	11.0	I	False	('F', 'A', 'C')	F	F	0.0	major triad	(0, 5, 9)	F	F	1	None	False	['F', 'F', 'C', 'C', 'A', 'A', 'C', 'C']	0.0	0.0	0.0	0.75
11.375	0.25	3.0	['C5']	[]	[False]	3.0	1.0	11.0	I	False	('F', 'A', 'C')	F	F	0.0	major triad	(0, 5, 9)	F	F	1	None	False	['F', 'F', 'C', 'C', 'A', 'A', 'C', 'C']	0.0	0.0	0.0	0.75
11.5	0.25	3.0	['A4']	[]	[True]	3.0	1.0	11.0	I	False	('F', 'A', 'C')	F	F	0.0	major triad	(0, 5, 9)	F	F	1	None	False	['F', 'F', 'C', 'C', 'A', 'A', 'C', 'C']	0.0	0.0	0.0	0.75
11.625	0.25	3.0	['A4']	[]	[False]	3.0	1.0	11.0	I	False	('F', 'A', 'C')	F	F	0.0	major triad	(0, 5, 9)	F	F	1	None	False	['F', 'F', 'C', 'C', 'A', 'A', 'C', 'C']	0.0	0.0	0.0	0.75
11.75	0.25	3.0	['C5']	[]	[True]	3.0	1.0	11.0	I	False	('F', 'A', 'C')	F	F	0.0	major triad	(0, 5, 9)	F	F	1	None	False	['F', 'F', 'C', 'C', 'A', 'A', 'C', 'C']	0.0	0.0	0.0	0.75
11.875	0.25	3.0	['C5']	[]	[False]	3.0	1.0	11.0	I	False	('F', 'A', 'C')	F	F	0.0	major triad	(0, 5, 9)	F	F	1	None	False	['F', 'F', 'C', 'C', 'A', 'A', 'C', 'C']	0.0	0.0	0.0	0.75
12.0	1.0	3.0	['C5', 'E5', 'G5']	['M3', 'P5']	[True, True, True]	3.0	1.0	12.0	V	True	('C', 'E', 'G')	C	C	0.0	major triad	(0, 4, 7)	F	F	5	None	False	['C', 'E', 'G', 'C', 'E', 'G', 'C', 'E', 'G', 'C', 'E', 'G', 'C', 'E', 'G', 'C', 'E', 'G', 'C', 'E', 'G', 'C', 'E', 'G']	0.0	0.0	0.0	0.0
12.125	1.0	3.0	['C5', 'E5', 'G5']	['M3', 'P5']	[False, False, False]	3.0	1.0	12.0	V	False	('C', 'E', 'G')	C	C	0.0	major triad	(0, 4, 7)	F	F	5	None	False	['C', 'E', 'G', 'C', 'E', 'G', 'C', 'E', 'G', 'C', 'E', 'G', 'C', 'E', 'G', 'C', 'E', 'G', 'C', 'E', 'G', 'C', 'E', 'G']	0.0	0.0	0.0	0.0
12.25	1.0	3.0	['C5', 'E5', 'G5']	['M3', 'P5']	[False, False, False]	3.0	1.0	12.0	V	False	('C', 'E', 'G')	C	C	0.0	major triad	(0, 4, 7)	F	F	5	None	False	['C', 'E', 'G', 'C', 'E', 'G', 'C', 'E', 'G', 'C', 'E', 'G', 'C', 'E', 'G', 'C', 'E', 'G', 'C', 'E', 'G', 'C', 'E', 'G']	0.0	0.0	0.0	0.0
12.375	1.0	3.0	['C5', 'E5', 'G5']	['M3', 'P5']	[False, False, False]	3.0	1.0	12.0	V	False	('C', 'E', 'G')	C	C	0.0	major triad	(0, 4, 7)	F	F	5	None	False	['C', 'E', 'G', 'C', 'E', 'G', 'C', 'E', 'G', 'C', 'E', 'G', 'C', 'E', 'G', 'C', 'E', 'G', 'C', 'E', 'G', 'C', 'E', 'G']	0.0	0.0	0.0	0.0
12.5	1.0	3.0	['C5', 'E5', 'G5']	['M3', 'P5']	[False, False, False]	3.0	1.0	12.0	V	False	('C', 'E', 'G')	C	C	0.0	major triad	(0, 4, 7)	F	F	5	None	False	['C', 'E', 'G', 'C', 'E', 'G', 'C', 'E', 'G', 'C', 'E', 'G', 'C', 'E', 'G', 'C', 'E', 'G', 'C', 'E', 'G', 'C', 'E', 'G']	0.0	0.0	0.0	0.0
12.625	1.0	3.0	['C5', 'E5', 'G5']	['M3', 'P5']	[False, False, False]	3.0	1.0	12.0	V	False	('C', 'E', 'G')	C	C	0.0	major triad	(0, 4, 7)	F	F	5	None	False	['C', 'E', 'G', 'C', 'E', 'G', 'C', 'E', 'G', 'C', 'E', 'G', 'C', 'E', 'G', 'C', 'E', 'G', 'C', 'E', 'G', 'C', 'E', 'G']	0.0	0.0	0.0	0.0
12.75	1.0	3.0	['C5', 'E5', 'G5']	['M3', 'P5']	[False, False, False]	3.0	1.0	12.0	V	False	('C', 'E', 'G')	C	C	0.0	major triad	(0, 4, 7)	F	F	5	None	False	['C', 'E', 'G', 'C', 'E', 'G', 'C', 'E', 'G', 'C', 'E', 'G', 'C', 'E', 'G', 'C', 'E', 'G', 'C', 'E', 'G', 'C', 'E', 'G']	0.0	0.0	0.0	0.0
12.875	1.0	3.0	['C5', 'E5', 'G5']	['M3', 'P5']	[False, False, False]	3.0	1.0	12.0	V	False	('C', 'E', 'G')	C	C	0.0	major triad	(0, 4, 7)	F	F	5	None	False	['C', 'E', 'G', 'C', 'E', 'G', 'C', 'E', 'G', 'C', 'E', 'G', 'C', 'E', 'G', 'C', 'E', 'G', 'C', 'E', 'G', 'C', 'E', 'G']	0.0	0.0	0.0	0.0
13.0	3.0	4.0	['F4', 'A4', 'C5']	['M3', 'P5']	[True, True, True]	4.0	3.0	13.0	I	True	('F', 'A', 'C')	F	F	0.0	major triad	(0, 5, 9)	F	F	1	None	False	['F', 'A', 'C', 'F', 'A', 'C', 'F', 'A', 'C', 'F', 'A', 'C', 'F', 'A', 'C', 'F', 'A', 'C', 'F', 'A', 'C', 'F', 'A', 'C', 'F', 'A', 'C', 'F', 'A', 'C', 'F', 'A', 'C', 'F', 'A', 'C', 'F', 'A', 'C', 'F', 'A', 'C', 'F', 'A', 'C', 'F', 'A', 'C', 'F', 'A', 'C', 'F', 'A', 'C', 'F', 'A', 'C', 'F', 'A', 'C', 'F', 'A', 'C', 'F', 'A', 'C', 'F', 'A', 'C', 'F', 'A', 'C']	0.0	0.0	0.0	0.0
13.125	3.0	4.0	['F4', 'A4', 'C5']	['M3', 'P5']	[False, False, False]	4.0	3.0	13.0	I	False	('F', 'A', 'C')	F	F	0.0	major triad	(0, 5, 9)	F	F	1	None	False	['F', 'A', 'C', 'F', 'A', 'C', 'F', 'A', 'C', 'F', 'A', 'C', 'F', 'A', 'C', 'F', 'A', 'C', 'F', 'A', 'C', 'F', 'A', 'C', 'F', 'A', 'C', 'F', 'A', 'C', 'F', 'A', 'C', 'F', 'A', 'C', 'F', 'A', 'C', 'F', 'A', 'C', 'F', 'A', 'C', 'F', 'A', 'C', 'F', 'A', 'C', 'F', 'A', 'C', 'F', 'A', 'C', 'F', 'A', 'C', 'F', 'A', 'C', 'F', 'A', 'C', 'F', 'A', 'C', 'F', 'A', 'C']	0.0	0.0	0.0	0.0
13.25	3.0	4.0	['F4', 'A4', 'C5']	['M3', 'P5']	[False, False, False]	4.0	3.0	13.0	I	False	('F', 'A', 'C')	F	F	0.0	major triad	(0, 5, 9)	F	F	1	None	False	['F', 'A', 'C', 'F', 'A', 'C', 'F', 'A', 'C', 'F', 'A', 'C', 'F', 'A', 'C', 'F', 'A', 'C', 'F', 'A', 'C', 'F', 'A', 'C', 'F', 'A', 'C', 'F', 'A', 'C', 'F', 'A', 'C', 'F', 'A', 'C', 'F', 'A', 'C', 'F', 'A', 'C', 'F', 'A', 'C', 'F', 'A', 'C', 'F', 'A', 'C', 'F', 'A', 'C', 'F', 'A', 'C', 'F', 'A', 'C', 'F', 'A', 'C', 'F', 'A', 'C', 'F', 'A', 'C', 'F', 'A', 'C']	0.0	0.0	0.0	0.0
13.375	3.0	4.0	['F4', 'A4', 'C5']	['M3', 'P5']	[False, False, False]	4.0	3.0	13.0	I	False	('F', 'A', 'C')	F	F	0.0	major triad	(0, 5, 9)	F	F	1	None	False	['F', 'A', 'C', 'F', 'A', 'C', 'F', 'A', 'C', 'F', 'A', 'C', 'F', 'A', 'C', 'F', 'A', 'C', 'F', 'A', 'C', 'F', 'A', 'C', 'F', 'A', 'C', 'F', 'A', 'C', 'F', 'A', 'C', 'F', 'A', 'C', 'F', 'A', 'C', 'F', 'A', 'C', 'F', 'A', 'C', 'F', 'A', 'C', 'F', 'A', 'C', 'F', 'A', 'C', 'F', 'A', 'C', 'F', 'A', 'C', 'F', 'A', 'C', 'F', 'A', 'C', 'F', 'A', 'C', 'F', 'A', 'C']	0.0	0.0	0.0	0.0
13.5	3.0	4.0	['F4', 'A4', 'C5']	['M3', 'P5']	[False, False, False]	4.0	3.0	13.0	I	False	('F', 'A', 'C')	F	F	0.0	major triad	(0, 5, 9)	F	F	1	None	False	['F', 'A', 'C', 'F', 'A', 'C', 'F', 'A', 'C', 'F', 'A', 'C', 'F', 'A', 'C', 'F', 'A', 'C', 'F', 'A', 'C', 'F', 'A', 'C', 'F', 'A', 'C', 'F', 'A', 'C', 'F', 'A', 'C', 'F', 'A', 'C', 'F', 'A', 'C', 'F', 'A', 'C', 'F', 'A', 'C', 'F', 'A', 'C', 'F', 'A', 'C', 'F', 'A', 'C', 'F', 'A', 'C', 'F', 'A', 'C', 'F', 'A', 'C', 'F', 'A', 'C', 'F', 'A', 'C', 'F', 'A', 'C']	0.0	0.0	0.0	0.0
13.625	3.0	4.0	['F4', 'A4', 'C5']	['M3', 'P5']	[False, False, False]	4.0	3.0	13.0	I	False	('F', 'A', 'C')	F	F	0.0	major triad	(0, 5, 9)	F	F	1	None	False	['F', 'A', 'C', 'F', 'A', 'C', 'F', 'A', 'C', 'F', 'A', 'C', 'F', 'A', 'C', 'F', 'A', 'C', 'F', 'A', 'C', 'F', 'A', 'C', 'F', 'A', 'C', 'F', 'A', 'C', 'F', 'A', 'C', 'F', 'A', 'C', 'F', 'A', 'C', 'F', 'A', 'C', 'F', 'A', 'C', 'F', 'A', 'C', 'F', 'A', 'C', 'F', 'A', 'C', 'F', 'A', 'C', 'F', 'A', 'C', 'F', 'A', 'C', 'F', 'A', 'C', 'F', 'A', 'C', 'F', 'A', 'C']	0.0	0.0	0.0	0.0
13.75	3.0	4.0	['F4', 'A4', 'C5']	['M3', 'P5']	[False, False, False]	4.0	3.0	13.0	I	False	('F', 'A', 'C')	F	F	0.0	major triad	(0, 5, 9)	F	F	1	None	False	['F', 'A', 'C', 'F', 'A', 'C', 'F', 'A', 'C', 'F', 'A', 'C', 'F', 'A', 'C', 'F', 'A', 'C', 'F', 'A', 'C', 'F', 'A', 'C', 'F', 'A', 'C', 'F', 'A', 'C', 'F', 'A', 'C', 'F', 'A', 'C', 'F', 'A', 'C', 'F', 'A', 'C', 'F', 'A', 'C', 'F', 'A', 'C', 'F', 'A', 'C', 'F', 'A', 'C', 'F', 'A', 'C', 'F', 'A', 'C', 'F', 'A', 'C', 'F', 'A', 'C', 'F', 'A', 'C', 'F', 'A', 'C']	0.0	0.0	0.0	0.0
13.875	3.0	4.0	['F4', 'A4', 'C5']	['M3', 'P5']	[False, False, False]	4.0	3.0	13.0	I	False	('F', 'A', 'C')	F	F	0.0	major triad	(0, 5, 9)	F	F	1	None	False	['F', 'A', 'C', 'F', 'A', 'C', 'F', 'A', 'C', 'F', 'A', 'C', 'F', 'A', 'C', 'F', 'A', 'C', 'F', 'A', 'C', 'F', 'A', 'C', 'F', 'A', 'C', 'F', 'A', 'C', 'F', 'A', 'C', 'F', 'A', 'C', 'F', 'A', 'C', 'F', 'A', 'C', 'F', 'A', 'C', 'F', 'A', 'C', 'F', 'A', 'C', 'F', 'A', 'C', 'F', 'A', 'C', 'F', 'A', 'C', 'F', 'A', 'C', 'F', 'A', 'C', 'F', 'A', 'C', 'F', 'A', 'C']	0.0	0.0	0.0	0.0
14.0	3.0	4.0	['F4', 'A4', 'C5']	['M3', 'P5']	[False, False, False]	4.0	3.0	13.0	I	False	('F', 'A', 'C')	F	F	0.0	major triad	(0, 5, 9)	F	F	1	None	False	['F', 'A', 'C', 'F', 'A', 'C', 'F', 'A', 'C', 'F', 'A', 'C', 'F', 'A', 'C', 'F', 'A', 'C', 'F', 'A', 'C', 'F', 'A', 'C', 'F', 'A', 'C', 'F', 'A', 'C', 'F', 'A', 'C', 'F', 'A', 'C', 'F', 'A', 'C', 'F', 'A', 'C', 'F', 'A', 'C', 'F', 'A', 'C', 'F', 'A', 'C', 'F', 'A', 'C', 'F', 'A', 'C', 'F', 'A', 'C', 'F', 'A', 'C', 'F', 'A', 'C', 'F', 'A', 'C', 'F', 'A', 'C']	0.0	0.0	0.0	0.0
14.125	3.0	4.0	['F4', 'A4', 'C5']	['M3', 'P5']	[False, False, False]	4.0	3.0	13.0	I	False	('F', 'A', 'C')	F	F	0.0	major triad	(0, 5, 9)	F	F	1	None	False	['F', 'A', 'C', 'F', 'A', 'C', 'F', 'A', 'C', 'F', 'A', 'C', 'F', 'A', 'C', 'F', 'A', 'C', 'F', 'A', 'C', 'F', 'A', 'C', 'F', 'A', 'C', 'F', 'A', 'C', 'F', 'A', 'C', 'F', 'A', 'C', 'F', 'A', 'C', 'F', 'A', 'C', 'F', 'A', 'C', 'F', 'A', 'C', 'F', 'A', 'C', 'F', 'A', 'C', 'F', 'A', 'C', 'F', 'A', 'C', 'F', 'A', 'C', 'F', 'A', 'C', 'F', 'A', 'C', 'F', 'A', 'C']	0.0	0.0	0.0	0.0
14.25	3.0	4.0	['F4', 'A4', 'C5']	['M3', 'P5']	[False, False, False]	4.0	3.0	13.0	I	False	('F', 'A', 'C')	F	F	0.0	major triad	(0, 5, 9)	F	F	1	None	False	['F', 'A', 'C', 'F', 'A', 'C', 'F', 'A', 'C', 'F', 'A', 'C', 'F', 'A', 'C', 'F', 'A', 'C', 'F', 'A', 'C', 'F', 'A', 'C', 'F', 'A', 'C', 'F', 'A', 'C', 'F', 'A', 'C', 'F', 'A', 'C', 'F', 'A', 'C', 'F', 'A', 'C', 'F', 'A', 'C', 'F', 'A', 'C', 'F', 'A', 'C', 'F', 'A', 'C', 'F', 'A', 'C', 'F', 'A', 'C', 'F', 'A', 'C', 'F', 'A', 'C', 'F', 'A', 'C', 'F', 'A', 'C']	0.0	0.0	0.0	0.0
14.375	3.0	4.0	['F4', 'A4', 'C5']	['M3', 'P5']	[False, False, False]	4.0	3.0	13.0	I	False	('F', 'A', 'C')	F	F	0.0	major triad	(0, 5, 9)	F	F	1	None	False	['F', 'A', 'C', 'F', 'A', 'C', 'F', 'A', 'C', 'F', 'A', 'C', 'F', 'A', 'C', 'F', 'A', 'C', 'F', 'A', 'C', 'F', 'A', 'C', 'F', 'A', 'C', 'F', 'A', 'C', 'F', 'A', 'C', 'F', 'A', 'C', 'F', 'A', 'C', 'F', 'A', 'C', 'F', 'A', 'C', 'F', 'A', 'C', 'F', 'A', 'C', 'F', 'A', 'C', 'F', 'A', 'C', 'F', 'A', 'C', 'F', 'A', 'C', 'F', 'A', 'C', 'F', 'A', 'C', 'F', 'A', 'C']	0.0	0.0	0.0	0.0
14.5	3.0	4.0	['F4', 'A4', 'C5']	['M3', 'P5']	[False, False, False]	4.0	3.0	13.0	I	False	('F', 'A', 'C')	F	F	0.0	major triad	(0, 5, 9)	F	F	1	None	False	['F', 'A', 'C', 'F', 'A', 'C', 'F', 'A', 'C', 'F', 'A', 'C', 'F', 'A', 'C', 'F', 'A', 'C', 'F', 'A', 'C', 'F', 'A', 'C', 'F', 'A', 'C', 'F', 'A', 'C', 'F', 'A', 'C', 'F', 'A', 'C', 'F', 'A', 'C', 'F', 'A', 'C', 'F', 'A', 'C', 'F', 'A', 'C', 'F', 'A', 'C', 'F', 'A', 'C', 'F', 'A', 'C', 'F', 'A', 'C', 'F', 'A', 'C', 'F', 'A', 'C', 'F', 'A', 'C', 'F', 'A', 'C']	0.0	0.0	0.0	0.0
14.625	3.0	4.0	['F4', 'A4', 'C5']	['M3', 'P5']	[False, False, False]	4.0	3.0	13.0	I	False	('F', 'A', 'C')	F	F	0.0	major triad	(0, 5, 9)	F	F	1	None	False	['F', 'A', 'C', 'F', 'A', 'C', 'F', 'A', 'C', 'F', 'A', 'C', 'F', 'A', 'C', 'F', 'A', 'C', 'F', 'A', 'C', 'F', 'A', 'C', 'F', 'A', 'C', 'F', 'A', 'C', 'F', 'A', 'C', 'F', 'A', 'C', 'F', 'A', 'C', 'F', 'A', 'C', 'F', 'A', 'C', 'F', 'A', 'C', 'F', 'A', 'C', 'F', 'A', 'C', 'F', 'A', 'C', 'F', 'A', 'C', 'F', 'A', 'C', 'F', 'A', 'C', 'F', 'A', 'C', 'F', 'A', 'C']	0.0	0.0	0.0	0.0
14.75	3.0	4.0	['F4', 'A4', 'C5']	['M3', 'P5']	[False, False, False]	4.0	3.0	13.0	I	False	('F', 'A', 'C')	F	F	0.0	major triad	(0, 5, 9)	F	F	1	None	False	['F', 'A', 'C', 'F', 'A', 'C', 'F', 'A', 'C', 'F', 'A', 'C', 'F', 'A', 'C', 'F', 'A', 'C', 'F', 'A', 'C', 'F', 'A', 'C', 'F', 'A', 'C', 'F', 'A', 'C', 'F', 'A', 'C', 'F', 'A', 'C', 'F', 'A', 'C', 'F', 'A', 'C', 'F', 'A', 'C', 'F', 'A', 'C', 'F', 'A', 'C', 'F', 'A', 'C', 'F', 'A', 'C', 'F', 'A', 'C', 'F', 'A', 'C', 'F', 'A', 'C', 'F', 'A', 'C', 'F', 'A', 'C']	0.0	0.0	0.0	0.0
14.875	3.0	4.0	['F4', 'A4', 'C5']	['M3', 'P5']	[False, False, False]	4.0	3.0	13.0	I	False	('F', 'A', 'C')	F	F	0.0	major triad	(0, 5, 9)	F	F	1	None	False	['F', 'A', 'C', 'F', 'A', 'C', 'F', 'A', 'C', 'F', 'A', 'C', 'F', 'A', 'C', 'F', 'A', 'C', 'F', 'A', 'C', 'F', 'A', 'C', 'F', 'A', 'C', 'F', 'A', 'C', 'F', 'A', 'C', 'F', 'A', 'C', 'F', 'A', 'C', 'F', 'A', 'C', 'F', 'A', 'C', 'F', 'A', 'C', 'F', 'A', 'C', 'F', 'A', 'C', 'F', 'A', 'C', 'F', 'A', 'C', 'F', 'A', 'C', 'F', 'A', 'C', 'F', 'A', 'C', 'F', 'A', 'C']	0.0	0.0	0.0	0.0
15.0	3.0	4.0	['F4', 'A4', 'C5']	['M3', 'P5']	[False, False, False]	4.0	3.0	13.0	I	False	('F', 'A', 'C')	F	F	0.0	major triad	(0, 5, 9)	F	F	1	None	False	['F', 'A', 'C', 'F', 'A', 'C', 'F', 'A', 'C', 'F', 'A', 'C', 'F', 'A', 'C', 'F', 'A', 'C', 'F', 'A', 'C', 'F', 'A', 'C', 'F', 'A', 'C', 'F', 'A', 'C', 'F', 'A', 'C', 'F', 'A', 'C', 'F', 'A', 'C', 'F', 'A', 'C', 'F', 'A', 'C', 'F', 'A', 'C', 'F', 'A', 'C', 'F', 'A', 'C', 'F', 'A', 'C', 'F', 'A', 'C', 'F', 'A', 'C', 'F', 'A', 'C', 'F', 'A', 'C', 'F', 'A', 'C']	0.0	0.0	0.0	0.0
15.125	3.0	4.0	['F4', 'A4', 'C5']	['M3', 'P5']	[False, False, False]	4.0	3.0	13.0	I	False	('F', 'A', 'C')	F	F	0.0	major triad	(0, 5, 9)	F	F	1	None	False	['F', 'A', 'C', 'F', 'A', 'C', 'F', 'A', 'C', 'F', 'A', 'C', 'F', 'A', 'C', 'F', 'A', 'C', 'F', 'A', 'C', 'F', 'A', 'C', 'F', 'A', 'C', 'F', 'A', 'C', 'F', 'A', 'C', 'F', 'A', 'C', 'F', 'A', 'C', 'F', 'A', 'C', 'F', 'A', 'C', 'F', 'A', 'C', 'F', 'A', 'C', 'F', 'A', 'C', 'F', 'A', 'C', 'F', 'A', 'C', 'F', 'A', 'C', 'F', 'A', 'C', 'F', 'A', 'C', 'F', 'A', 'C']	0.0	0.0	0.0	0.0
15.25	3.0	4.0	['F4', 'A4', 'C5']	['M3', 'P5']	[False, False, False]	4.0	3.0	13.0	I	False	('F', 'A', 'C')	F	F	0.0	major triad	(0, 5, 9)	F	F	1	None	False	['F', 'A', 'C', 'F', 'A', 'C', 'F', 'A', 'C', 'F', 'A', 'C', 'F', 'A', 'C', 'F', 'A', 'C', 'F', 'A', 'C', 'F', 'A', 'C', 'F', 'A', 'C', 'F', 'A', 'C', 'F', 'A', 'C', 'F', 'A', 'C', 'F', 'A', 'C', 'F', 'A', 'C', 'F', 'A', 'C', 'F', 'A', 'C', 'F', 'A', 'C', 'F', 'A', 'C', 'F', 'A', 'C', 'F', 'A', 'C', 'F', 'A', 'C', 'F', 'A', 'C', 'F', 'A', 'C', 'F', 'A', 'C']	0.0	0.0	0.0	0.0
15.375	3.0	4.0	['F4', 'A4', 'C5']	['M3', 'P5']	[False, False, False]	4.0	3.0	13.0	I	False	('F', 'A', 'C')	F	F	0.0	major triad	(0, 5, 9)	F	F	1	None	False	['F', 'A', 'C', 'F', 'A', 'C', 'F', 'A', 'C', 'F', 'A', 'C', 'F', 'A', 'C', 'F', 'A', 'C', 'F', 'A', 'C', 'F', 'A', 'C', 'F', 'A', 'C', 'F', 'A', 'C', 'F', 'A', 'C', 'F', 'A', 'C', 'F', 'A', 'C', 'F', 'A', 'C', 'F', 'A', 'C', 'F', 'A', 'C', 'F', 'A', 'C', 'F', 'A', 'C', 'F', 'A', 'C', 'F', 'A', 'C', 'F', 'A', 'C', 'F', 'A', 'C', 'F', 'A', 'C', 'F', 'A', 'C']	0.0	0.0	0.0	0.0
15.5	3.0	4.0	['F4', 'A4', 'C5']	['M3', 'P5']	[False, False, False]	4.0	3.0	13.0	I	False	('F', 'A', 'C')	F	F	0.0	major triad	(0, 5, 9)	F	F	1	None	False	['F', 'A', 'C', 'F', 'A', 'C', 'F', 'A', 'C', 'F', 'A', 'C', 'F', 'A', 'C', 'F', 'A', 'C', 'F', 'A', 'C', 'F', 'A', 'C', 'F', 'A', 'C', 'F', 'A', 'C', 'F', 'A', 'C', 'F', 'A', 'C', 'F', 'A', 'C', 'F', 'A', 'C', 'F', 'A', 'C', 'F', 'A', 'C', 'F', 'A', 'C', 'F', 'A', 'C', 'F', 'A', 'C', 'F', 'A', 'C', 'F', 'A', 'C', 'F', 'A', 'C', 'F', 'A', 'C', 'F', 'A', 'C']	0.0	0.0	0.0	0.0
15.625	3.0	4.0	['F4', 'A4', 'C5']	['M3', 'P5']	[False, False, False]	4.0	3.0	13.0	I	False	('F', 'A', 'C')	F	F	0.0	major triad	(0, 5, 9)	F	F	1	None	False	['F', 'A', 'C', 'F', 'A', 'C', 'F', 'A', 'C', 'F', 'A', 'C', 'F', 'A', 'C', 'F', 'A', 'C', 'F', 'A', 'C', 'F', 'A', 'C', 'F', 'A', 'C', 'F', 'A', 'C', 'F', 'A', 'C', 'F', 'A', 'C', 'F', 'A', 'C', 'F', 'A', 'C', 'F', 'A', 'C', 'F', 'A', 'C', 'F', 'A', 'C', 'F', 'A', 'C', 'F', 'A', 'C', 'F', 'A', 'C', 'F', 'A', 'C', 'F', 'A', 'C', 'F', 'A', 'C', 'F', 'A', 'C']	0.0	0.0	0.0	0.0
15.75	3.0	4.0	['F4', 'A4', 'C5']	['M3', 'P5']	[False, False, False]	4.0	3.0	13.0	I	False	('F', 'A', 'C')	F	F	0.0	major triad	(0, 5, 9)	F	F	1	None	False	['F', 'A', 'C', 'F', 'A', 'C', 'F', 'A', 'C', 'F', 'A', 'C', 'F', 'A', 'C', 'F', 'A', 'C', 'F', 'A', 'C', 'F', 'A', 'C', 'F', 'A', 'C', 'F', 'A', 'C', 'F', 'A', 'C', 'F', 'A', 'C', 'F', 'A', 'C', 'F', 'A', 'C', 'F', 'A', 'C', 'F', 'A', 'C', 'F', 'A', 'C', 'F', 'A', 'C', 'F', 'A', 'C', 'F', 'A', 'C', 'F', 'A', 'C', 'F', 'A', 'C', 'F', 'A', 'C', 'F', 'A', 'C']	0.0	0.0	0.0	0.0
15.875	3.0	4.0	['F4', 'A4', 'C5']	['M3', 'P5']	[False, False, False]	4.0	3.0	13.0	I	False	('F', 'A', 'C')	F	F	0.0	major triad	(0, 5, 9)	F	F	1	None	False	['F', 'A', 'C', 'F', 'A', 'C', 'F', 'A', 'C', 'F', 'A', 'C', 'F', 'A', 'C', 'F', 'A', 'C', 'F', 'A', 'C', 'F', 'A', 'C', 'F', 'A', 'C', 'F', 'A', 'C', 'F', 'A', 'C', 'F', 'A', 'C', 'F', 'A', 'C', 'F', 'A', 'C', 'F', 'A', 'C', 'F', 'A', 'C', 'F', 'A', 'C', 'F', 'A', 'C', 'F', 'A', 'C', 'F', 'A', 'C', 'F', 'A', 'C', 'F', 'A', 'C', 'F', 'A', 'C', 'F', 'A', 'C']	0.0	0.0	0.0	0.0
16.0	1.0	4.0	['F4', 'A4', 'C5']	['M3', 'P5']	[True, True, True]	4.0	1.0	14.0	I	True	('F', 'A', 'C')	F	F	0.0	major triad	(0, 5, 9)	F	F	1	None	False	['F', 'A', 'C', 'F', 'A', 'C', 'F', 'A', 'C', 'F', 'A', 'C', 'F', 'A', 'C', 'F', 'A', 'C', 'F', 'A', 'C', 'F', 'A', 'C']	0.0	0.0	0.0	0.0
16.125	1.0	4.0	['F4', 'A4', 'C5']	['M3', 'P5']	[False, False, False]	4.0	1.0	14.0	I	False	('F', 'A', 'C')	F	F	0.0	major triad	(0, 5, 9)	F	F	1	None	False	['F', 'A', 'C', 'F', 'A', 'C', 'F', 'A', 'C', 'F', 'A', 'C', 'F', 'A', 'C', 'F', 'A', 'C', 'F', 'A', 'C', 'F', 'A', 'C']	0.0	0.0	0.0	0.0
16.25	1.0	4.0	['F4', 'A4', 'C5']	['M3', 'P5']	[False, False, False]	4.0	1.0	14.0	I	False	('F', 'A', 'C')	F	F	0.0	major triad	(0, 5, 9)	F	F	1	None	False	['F', 'A', 'C', 'F', 'A', 'C', 'F', 'A', 'C', 'F', 'A', 'C', 'F', 'A', 'C', 'F', 'A', 'C', 'F', 'A', 'C', 'F', 'A', 'C']	0.0	0.0	0.0	0.0
16.375	1.0	4.0	['F4', 'A4', 'C5']	['M3', 'P5']	[False, False, False]	4.0	1.0	14.0	I	False	('F', 'A', 'C')	F	F	0.0	major triad	(0, 5, 9)	F	F	1	None	False	['F', 'A', 'C', 'F', 'A', 'C', 'F', 'A', 'C', 'F', 'A', 'C', 'F', 'A', 'C', 'F', 'A', 'C', 'F', 'A', 'C', 'F', 'A', 'C']	0.0	0.0	0.0	0.0
16.5	1.0	4.0	['F4', 'A4', 'C5']	['M3', 'P5']	[False, False, False]	4.0	1.0	14.0	I	False	('F', 'A', 'C')	F	F	0.0	major triad	(0, 5, 9)	F	F	1	None	False	['F', 'A', 'C', 'F', 'A', 'C', 'F', 'A', 'C', 'F', 'A', 'C', 'F', 'A', 'C', 'F', 'A', 'C', 'F', 'A', 'C', 'F', 'A', 'C']	0.0	0.0	0.0	0.0
16.625	1.0	4.0	['F4', 'A4', 'C5']	['M3', 'P5']	[False, False, False]	4.0	1.0	14.0	I	False	('F', 'A', 'C')	F	F	0.0	major triad	(0, 5, 9)	F	F	1	None	False	['F', 'A', 'C', 'F', 'A', 'C', 'F', 'A', 'C', 'F', 'A', 'C', 'F', 'A', 'C', 'F', 'A', 'C', 'F', 'A', 'C', 'F', 'A', 'C']	0.0	0.0	0.0	0.0
16.75	1.0	4.0	['F4', 'A4', 'C5']	['M3', 'P5']	[False, False, False]	4.0	1.0	14.0	I	False	('F', 'A', 'C')	F	F	0.0	major triad	(0, 5, 9)	F	F	1	None	False	['F', 'A', 'C', 'F', 'A', 'C', 'F', 'A', 'C', 'F', 'A', 'C', 'F', 'A', 'C', 'F', 'A', 'C', 'F', 'A', 'C', 'F', 'A', 'C']	0.0	0.0	0.0	0.0
16.875	1.0	4.0	['F4', 'A4', 'C5']	['M3', 'P5']	[False, False, False]	4.0	1.0	14.0	I	False	('F', 'A', 'C')	F	F	0.0	major triad	(0, 5, 9)	F	F	1	None	False	['F', 'A', 'C', 'F', 'A', 'C', 'F', 'A', 'C', 'F', 'A', 'C', 'F', 'A', 'C', 'F', 'A', 'C', 'F', 'A', 'C', 'F', 'A', 'C']	0.0	0.0	0.0	0.0
17.0	0.25	5.0	['B4']	[]	[True]	5.0	1.0	15.0	V7	True	('B', 'D', 'F', 'G')	B	G	1.0	dominant seventh chord	(2, 5, 7, 11)	C	C	5	None	False	['B', 'B', 'G', 'G', 'D', 'D', 'F', 'F']	0.0	0.0	0.0	0.75
17.125	0.25	5.0	['B4']	[]	[False]	5.0	1.0	15.0	V7	False	('B', 'D', 'F', 'G')	B	G	1.0	dominant seventh chord	(2, 5, 7, 11)	C	C	5	None	False	['B', 'B', 'G', 'G', 'D', 'D', 'F', 'F']	0.0	0.0	0.0	0.75
17.25	0.25	5.0	['G5']	[]	[True]	5.0	1.0	15.0	V7	False	('B', 'D', 'F', 'G')	B	G	1.0	dominant seventh chord	(2, 5, 7, 11)	C	C	5	None	False	['B', 'B', 'G', 'G', 'D', 'D', 'F', 'F']	0.0	0.0	0.0	0.75
17.375	0.25	5.0	['G5']	[]	[False]	5.0	1.0	15.0	V7	False	('B', 'D', 'F', 'G')	B	G	1.0	dominant seventh chord	(2, 5, 7, 11)	C	C	5	None	False	['B', 'B', 'G', 'G', 'D', 'D', 'F', 'F']	0.0	0.0	0.0	0.75
17.5	0.25	5.0	['D5']	[]	[True]	5.0	1.0	15.0	V7	False	('B', 'D', 'F', 'G')	B	G	1.0	dominant seventh chord	(2, 5, 7, 11)	C	C	5	None	False	['B', 'B', 'G', 'G', 'D', 'D', 'F', 'F']	0.0	0.0	0.0	0.75
17.625	0.25	5.0	['D5']	[]	[False]	5.0	1.0	15.0	V7	False	('B', 'D', 'F', 'G')	B	G	1.0	dominant seventh chord	(2, 5, 7, 11)	C	C	5	None	False	['B', 'B', 'G', 'G', 'D', 'D', 'F', 'F']	0.0	0.0	0.0	0.75
17.75	0.25	5.0	['F5']	[]	[True]	5.0	1.0	15.0	V7	False	('B', 'D', 'F', 'G')	B	G	1.0	dominant seventh chord	(2, 5, 7, 11)	C	C	5	None	False	['B', 'B', 'G', 'G', 'D', 'D', 'F', 'F']	0.0	0.0	0.0	0.75
17.875	0.25	5.0	['F5']	[]	[False]	5.0	1.0	15.0	V7	False	('B', 'D', 'F', 'G')	B	G	1.0	dominant seventh chord	(2, 5, 7, 11)	C	C	5	None	False	['B', 'B', 'G', 'G', 'D', 'D', 'F', 'F']	0.0	0.0	0.0	0.75
18.0	0.25	5.0	['C4']	[]	[True]	5.0	1.0	16.0	I	True	('C', 'E', 'G')	C	C	0.0	major triad	(0, 4, 7)	C	C	1	None	False	['C', 'C', 'G', 'G', 'E', 'E', 'G', 'G']	0.0	0.0	0.0	0.75
18.125	0.25	5.0	['C4']	[]	[False]	5.0	1.0	16.0	I	False	('C', 'E', 'G')	C	C	0.0	major triad	(0, 4, 7)	C	C	1	None	False	['C', 'C', 'G', 'G', 'E', 'E', 'G', 'G']	0.0	0.0	0.0	0.75
18.25	0.25	5.0	['G4']	[]	[True]	5.0	1.0	16.0	I	False	('C', 'E', 'G')	C	C	0.0	major triad	(0, 4, 7)	C	C	1	None	False	['C', 'C', 'G', 'G', 'E', 'E', 'G', 'G']	0.0	0.0	0.0	0.75
18.375	0.25	5.0	['G4']	[]	[False]	5.0	1.0	16.0	I	False	('C', 'E', 'G')	C	C	0.0	major triad	(0, 4, 7)	C	C	1	None	False	['C', 'C', 'G', 'G', 'E', 'E', 'G', 'G']	0.0	0.0	0.0	0.75
18.5	0.25	5.0	['E4']	[]	[True]	5.0	1.0	16.0	I	False	('C', 'E', 'G')	C	C	0.0	major triad	(0, 4, 7)	C	C	1	None	False	['C', 'C', 'G', 'G', 'E', 'E', 'G', 'G']	0.0	0.0	0.0	0.75
18.625	0.25	5.0	['E4']	[]	[False]	5.0	1.0	16.0	I	False	('C', 'E', 'G')	C	C	0.0	major triad	(0, 4, 7)	C	C	1	None	False	['C', 'C', 'G', 'G', 'E', 'E', 'G', 'G']	0.0	0.0	0.0	0.75
18.75	0.25	5.0	['G4']	[]	[True]	5.0	1.0	16.0	I	False	('C', 'E', 'G')	C	C	0.0	major triad	(0, 4, 7)	C	C	1	None	False	['C', 'C', 'G', 'G', 'E', 'E', 'G', 'G']	0.0	0.0	0.0	0.75
18.875	0.25	5.0	['G4']	[]	[False]	5.0	1.0	16.0	I	False	('C', 'E', 'G')	C	C	0.0	major triad	(0, 4, 7)	C	C	1	None	False	['C', 'C', 'G', 'G', 'E', 'E', 'G', 'G']	0.0	0.0	0.0	0.75
19.0	0.5	5.0	['D4']	[]	[True]	5.0	1.0	17.0	ii	True	('D', 'F', 'A')	D	D	0.0	minor triad	(2, 5, 9)	C	C	2	None	False	['D', 'D', 'D', 'D', 'F', 'A', 'F', 'A', 'F', 'A', 'F', 'A']	0.0	0.0	0.0	0.5
19.125	0.5	5.0	['D4']	[]	[False]	5.0	1.0	17.0	ii	False	('D', 'F', 'A')	D	D	0.0	minor triad	(2, 5, 9)	C	C	2	None	False	['D', 'D', 'D', 'D', 'F', 'A', 'F', 'A', 'F', 'A', 'F', 'A']	0.0	0.0	0.0	0.5
19.25	0.5	5.0	['D4']	[]	[False]	5.0	1.0	17.0	ii	False	('D', 'F', 'A')	D	D	0.0	minor triad	(2, 5, 9)	C	C	2	None	False	['D', 'D', 'D', 'D', 'F', 'A', 'F', 'A', 'F', 'A', 'F', 'A']	0.0	0.0	0.0	0.5
19.375	0.5	5.0	['D4']	[]	[False]	5.0	1.0	17.0	ii	False	('D', 'F', 'A')	D	D	0.0	minor triad	(2, 5, 9)	C	C	2	None	False	['D', 'D', 'D', 'D', 'F', 'A', 'F', 'A', 'F', 'A', 'F', 'A']	0.0	0.0	0.0	0.5
19.5	0.5	5.0	['F4', 'A4']	['M3']	[True, True]	5.0	1.0	17.0	ii	False	('D', 'F', 'A')	D	D	0.0	minor triad	(2, 5, 9)	C	C	2	None	False	['D', 'D', 'D', 'D', 'F', 'A', 'F', 'A', 'F', 'A', 'F', 'A']	0.0	0.0	0.0	0.5
19.625	0.5	5.0	['F4', 'A4']	['M3']	[False, False]	5.0	1.0	17.0	ii	False	('D', 'F', 'A')	D	D	0.0	minor triad	(2, 5, 9)	C	C	2	None	False	['D', 'D', 'D', 'D', 'F', 'A', 'F', 'A', 'F', 'A', 'F', 'A']	0.0	0.0	0.0	0.5
19.75	0.5	5.0	['F4', 'A4']	['M3']	[False, False]	5.0	1.0	17.0	ii	False	('D', 'F', 'A')	D	D	0.0	minor triad	(2, 5, 9)	C	C	2	None	False	['D', 'D', 'D', 'D', 'F', 'A', 'F', 'A', 'F', 'A', 'F', 'A']	0.0	0.0	0.0	0.5
19.875	0.5	5.0	['F4', 'A4']	['M3']	[False, False]	5.0	1.0	17.0	ii	False	('D', 'F', 'A')	D	D	0.0	minor triad	(2, 5, 9)	C	C	2	None	False	['D', 'D', 'D', 'D', 'F', 'A', 'F', 'A', 'F', 'A', 'F', 'A']	0.0	0.0	0.0	0.5
20.0	0.5	5.0	['A4']	[]	[True]	5.0	1.0	18.0	vi	True	('A', 'C', 'E')	A	A	0.0	minor triad	(0, 4, 9)	C	C	6	None	False	['A', 'A', 'A', 'A', 'C', 'E', 'C', 'E', 'C', 'E', 'C', 'E']	0.0	0.0	0.0	0.5
20.125	0.5	5.0	['A4']	[]	[False]	5.0	1.0	18.0	vi	False	('A', 'C', 'E')	A	A	0.0	minor triad	(0, 4, 9)	C	C	6	None	False	['A', 'A', 'A', 'A', 'C', 'E', 'C', 'E', 'C', 'E', 'C', 'E']	0.0	0.0	0.0	0.5
20.25	0.5	5.0	['A4']	[]	[False]	5.0	1.0	18.0	vi	False	('A', 'C', 'E')	A	A	0.0	minor triad	(0, 4, 9)	C	C	6	None	False	['A', 'A', 'A', 'A', 'C', 'E', 'C', 'E', 'C', 'E', 'C', 'E']	0.0	0.0	0.0	0.5
20.375	0.5	5.0	['A4']	[]	[False]	5.0	1.0	18.0	vi	False	('A', 'C', 'E')	A	A	0.0	minor triad	(0, 4, 9)	C	C	6	None	False	['A', 'A', 'A', 'A', 'C', 'E', 'C', 'E', 'C', 'E', 'C', 'E']	0.0	0.0	0.0	0.5
20.5	0.5	5.0	['C5', 'E5']	['M3']	[True, True]	5.0	1.0	18.0	vi	False	('A', 'C', 'E')	A	A	0.0	minor triad	(0, 4, 9)	C	C	6	None	False	['A', 'A', 'A', 'A', 'C', 'E', 'C', 'E', 'C', 'E', 'C', 'E']	0.0	0.0	0.0	0.5
20.625	0.5	5.0	['C5', 'E5']	['M3']	[False, False]	5.0	1.0	18.0	vi	False	('A', 'C', 'E')	A	A	0.0	minor triad	(0, 4, 9)	C	C	6	None	False	['A', 'A', 'A', 'A', 'C', 'E', 'C', 'E', 'C', 'E', 'C', 'E']	0.0	0.0	0.0	0.5
20.75	0.5	5.0	['C5', 'E5']	['M3']	[False, False]	5.0	1.0	18.0	vi	False	('A', 'C', 'E')	A	A	0.0	minor triad	(0, 4, 9)	C	C	6	None	False	['A', 'A', 'A', 'A', 'C', 'E', 'C', 'E', 'C', 'E', 'C', 'E']	0.0	0.0	0.0	0.5
20.875	0.5	5.0	['C5', 'E5']	['M3']	[False, False]	5.0	1.0	18.0	vi	False	('A', 'C', 'E')	A	A	0.0	minor triad	(0, 4, 9)	C	C	6	None	False	['A', 'A', 'A', 'A', 'C', 'E', 'C', 'E', 'C', 'E', 'C', 'E']	0.0	0.0	0.0	0.5
21.0	0.25	6.0	['F4']	[]	[True]	6.0	1.0	19.0	ii7	True	('F', 'A', 'C', 'D')	F	D	1.0	minor seventh chord	(0, 2, 5, 9)	C	C	2	None	False	['F', 'F', 'D', 'D', 'A', 'A', 'C', 'C']	0.0	0.0	0.0	0.75
21.125	0.25	6.0	['F4']	[]	[False]	6.0	1.0	19.0	ii7	False	('F', 'A', 'C', 'D')	F	D	1.0	minor seventh chord	(0, 2, 5, 9)	C	C	2	None	False	['F', 'F', 'D', 'D', 'A', 'A', 'C', 'C']	0.0	0.0	0.0	0.75
21.25	0.25	6.0	['D5']	[]	[True]	6.0	1.0	19.0	ii7	False	('F', 'A', 'C', 'D')	F	D	1.0	minor seventh chord	(0, 2, 5, 9)	C	C	2	None	False	['F', 'F', 'D', 'D', 'A', 'A', 'C', 'C']	0.0	0.0	0.0	0.75
21.375	0.25	6.0	['D5']	[]	[False]	6.0	1.0	19.0	ii7	False	('F', 'A', 'C', 'D')	F	D	1.0	minor seventh chord	(0, 2, 5, 9)	C	C	2	None	False	['F', 'F', 'D', 'D', 'A', 'A', 'C', 'C']	0.0	0.0	0.0	0.75
21.5	0.25	6.0	['A4']	[]	[True]	6.0	1.0	19.0	ii7	False	('F', 'A', 'C', 'D')	F	D	1.0	minor seventh chord	(0, 2, 5, 9)	C	C	2	None	False	['F', 'F', 'D', 'D', 'A', 'A', 'C', 'C']	0.0	0.0	0.0	0.75
21.625	0.25	6.0	['A4']	[]	[False]	6.0	1.0	19.0	ii7	False	('F', 'A', 'C', 'D')	F	D	1.0	minor seventh chord	(0, 2, 5, 9)	C	C	2	None	False	['F', 'F', 'D', 'D', 'A', 'A', 'C', 'C']	0.0	0.0	0.0	0.75
21.75	0.25	6.0	['C5']	[]	[True]	6.0	1.0	19.0	ii7	False	('F', 'A', 'C', 'D')	F	D	1.0	minor seventh chord	(0, 2, 5, 9)	C	C	2	None	False	['F', 'F', 'D', 'D', 'A', 'A', 'C', 'C']	0.0	0.0	0.0	0.75
21.875	0.25	6.0	['C5']	[]	[False]	6.0	1.0	19.0	ii7	False	('F', 'A', 'C', 'D')	F	D	1.0	minor seventh chord	(0, 2, 5, 9)	C	C	2	None	False	['F', 'F', 'D', 'D', 'A', 'A', 'C', 'C']	0.0	0.0	0.0	0.75
22.0	0.5	6.0	['G4']	[]	[True]	6.0	1.0	20.0	V	True	('G', 'B', 'D')	G	G	0.0	major triad	(2, 7, 11)	C	C	5	None	False	['G', 'G', 'G', 'G', 'B', 'D', 'B', 'D', 'B', 'D', 'B', 'D']	0.0	0.0	0.0	0.5
22.125	0.5	6.0	['G4']	[]	[False]	6.0	1.0	20.0	V	False	('G', 'B', 'D')	G	G	0.0	major triad	(2, 7, 11)	C	C	5	None	False	['G', 'G', 'G', 'G', 'B', 'D', 'B', 'D', 'B', 'D', 'B', 'D']	0.0	0.0	0.0	0.5
22.25	0.5	6.0	['G4']	[]	[False]	6.0	1.0	20.0	V	False	('G', 'B', 'D')	G	G	0.0	major triad	(2, 7, 11)	C	C	5	None	False	['G', 'G', 'G', 'G', 'B', 'D', 'B', 'D', 'B', 'D', 'B', 'D']	0.0	0.0	0.0	0.5
22.375	0.5	6.0	['G4']	[]	[False]	6.0	1.0	20.0	V	False	('G', 'B', 'D')	G	G	0.0	major triad	(2, 7, 11)	C	C	5	None	False	['G', 'G', 'G', 'G', 'B', 'D', 'B', 'D', 'B', 'D', 'B', 'D']	0.0	0.0	0.0	0.5
22.5	0.5	6.0	['B4', 'D5']	['m3']	[True, True]	6.0	1.0	20.0	V	False	('G', 'B', 'D')	G	G	0.0	major triad	(2, 7, 11)	C	C	5	None	False	['G', 'G', 'G', 'G', 'B', 'D', 'B', 'D', 'B', 'D', 'B', 'D']	0.0	0.0	0.0	0.5
22.625	0.5	6.0	['B4', 'D5']	['m3']	[False, False]	6.0	1.0	20.0	V	False	('G', 'B', 'D')	G	G	0.0	major triad	(2, 7, 11)	C	C	5	None	False	['G', 'G', 'G', 'G', 'B', 'D', 'B', 'D', 'B', 'D', 'B', 'D']	0.0	0.0	0.0	0.5
22.75	0.5	6.0	['B4', 'D5']	['m3']	[False, False]	6.0	1.0	20.0	V	False	('G', 'B', 'D')	G	G	0.0	major triad	(2, 7, 11)	C	C	5	None	False	['G', 'G', 'G', 'G', 'B', 'D', 'B', 'D', 'B', 'D', 'B', 'D']	0.0	0.0	0.0	0.5
22.875	0.5	6.0	['B4', 'D5']	['m3']	[False, False]	6.0	1.0	20.0	V	False	('G', 'B', 'D')	G	G	0.0	major triad	(2, 7, 11)	C	C	5	None	False	['G', 'G', 'G', 'G', 'B', 'D', 'B', 'D', 'B', 'D', 'B', 'D']	0.0	0.0	0.0	0.5
23.0	0.5	6.0	['C4']	[]	[True]	6.0	1.0	21.0	I	True	('C', 'E', 'G')	C	C	0.0	major triad	(0, 4, 7)	C	C	1	None	False	['C', 'C', 'C', 'C', 'E', 'G', 'E', 'G', 'E', 'G', 'E', 'G']	0.0	0.0	0.0	0.5
23.125	0.5	6.0	['C4']	[]	[False]	6.0	1.0	21.0	I	False	('C', 'E', 'G')	C	C	0.0	major triad	(0, 4, 7)	C	C	1	None	False	['C', 'C', 'C', 'C', 'E', 'G', 'E', 'G', 'E', 'G', 'E', 'G']	0.0	0.0	0.0	0.5
23.25	0.5	6.0	['C4']	[]	[False]	6.0	1.0	21.0	I	False	('C', 'E', 'G')	C	C	0.0	major triad	(0, 4, 7)	C	C	1	None	False	['C', 'C', 'C', 'C', 'E', 'G', 'E', 'G', 'E', 'G', 'E', 'G']	0.0	0.0	0.0	0.5
23.375	0.5	6.0	['C4']	[]	[False]	6.0	1.0	21.0	I	False	('C', 'E', 'G')	C	C	0.0	major triad	(0, 4, 7)	C	C	1	None	False	['C', 'C', 'C', 'C', 'E', 'G', 'E', 'G', 'E', 'G', 'E', 'G']	0.0	0.0	0.0	0.5
23.5	0.5	6.0	['E4', 'G4']	['m3']	[True, True]	6.0	1.0	21.0	I	False	('C', 'E', 'G')	C	C	0.0	major triad	(0, 4, 7)	C	C	1	None	False	['C', 'C', 'C', 'C', 'E', 'G', 'E', 'G', 'E', 'G', 'E', 'G']	0.0	0.0	0.0	0.5
23.625	0.5	6.0	['E4', 'G4']	['m3']	[False, False]	6.0	1.0	21.0	I	False	('C', 'E', 'G')	C	C	0.0	major triad	(0, 4, 7)	C	C	1	None	False	['C', 'C', 'C', 'C', 'E', 'G', 'E', 'G', 'E', 'G', 'E', 'G']	0.0	0.0	0.0	0.5
23.75	0.5	6.0	['E4', 'G4']	['m3']	[False, False]	6.0	1.0	21.0	I	False	('C', 'E', 'G')	C	C	0.0	major triad	(0, 4, 7)	C	C	1	None	False	['C', 'C', 'C', 'C', 'E', 'G', 'E', 'G', 'E', 'G', 'E', 'G']	0.0	0.0	0.0	0.5
23.875	0.5	6.0	['E4', 'G4']	['m3']	[False, False]	6.0	1.0	21.0	I	False	('C', 'E', 'G')	C	C	0.0	major triad	(0, 4, 7)	C	C	1	None	False	['C', 'C', 'C', 'C', 'E', 'G', 'E', 'G', 'E', 'G', 'E', 'G']	0.0	0.0	0.0	0.5
24.0	1.0	6.0	['F4', 'A4', 'C5']	['M3', 'P5']	[True, True, True]	6.0	1.0	22.0	IV	True	('F', 'A', 'C')	F	F	0.0	major triad	(0, 5, 9)	C	C	4	None	False	['F', 'A', 'C', 'F', 'A', 'C', 'F', 'A', 'C', 'F', 'A', 'C', 'F', 'A', 'C', 'F', 'A', 'C', 'F', 'A', 'C', 'F', 'A', 'C']	0.0	0.0	0.0	0.0
24.125	1.0	6.0	['F4', 'A4', 'C5']	['M3', 'P5']	[False, False, False]	6.0	1.0	22.0	IV	False	('F', 'A', 'C')	F	F	0.0	major triad	(0, 5, 9)	C	C	4	None	False	['F', 'A', 'C', 'F', 'A', 'C', 'F', 'A', 'C', 'F', 'A', 'C', 'F', 'A', 'C', 'F', 'A', 'C', 'F', 'A', 'C', 'F', 'A', 'C']	0.0	0.0	0.0	0.0
24.25	1.0	6.0	['F4', 'A4', 'C5']	['M3', 'P5']	[False, False, False]	6.0	1.0	22.0	IV	False	('F', 'A', 'C')	F	F	0.0	major triad	(0, 5, 9)	C	C	4	None	False	['F', 'A', 'C', 'F', 'A', 'C', 'F', 'A', 'C', 'F', 'A', 'C', 'F', 'A', 'C', 'F', 'A', 'C', 'F', 'A', 'C', 'F', 'A', 'C']	0.0	0.0	0.0	0.0
24.375	1.0	6.0	['F4', 'A4', 'C5']	['M3', 'P5']	[False, False, False]	6.0	1.0	22.0	IV	False	('F', 'A', 'C')	F	F	0.0	major triad	(0, 5, 9)	C	C	4	None	False	['F', 'A', 'C', 'F', 'A', 'C', 'F', 'A', 'C', 'F', 'A', 'C', 'F', 'A', 'C', 'F', 'A', 'C', 'F', 'A', 'C', 'F', 'A', 'C']	0.0	0.0	0.0	0.0
24.5	1.0	6.0	['F4', 'A4', 'C5']	['M3', 'P5']	[False, False, False]	6.0	1.0	22.0	IV	False	('F', 'A', 'C')	F	F	0.0	major triad	(0, 5, 9)	C	C	4	None	False	['F', 'A', 'C', 'F', 'A', 'C', 'F', 'A', 'C', 'F', 'A', 'C', 'F', 'A', 'C', 'F', 'A', 'C', 'F', 'A', 'C', 'F', 'A', 'C']	0.0	0.0	0.0	0.0
24.625	1.0	6.0	['F4', 'A4', 'C5']	['M3', 'P5']	[False, False, False]	6.0	1.0	22.0	IV	False	('F', 'A', 'C')	F	F	0.0	major triad	(0, 5, 9)	C	C	4	None	False	['F', 'A', 'C', 'F', 'A', 'C', 'F', 'A', 'C', 'F', 'A', 'C', 'F', 'A', 'C', 'F', 'A', 'C', 'F', 'A', 'C', 'F', 'A', 'C']	0.0	0.0	0.0	0.0
24.75	1.0	6.0	['F4', 'A4', 'C5']	['M3', 'P5']	[False, False, False]	6.0	1.0	22.0	IV	False	('F', 'A', 'C')	F	F	0.0	major triad	(0, 5, 9)	C	C	4	None	False	['F', 'A', 'C', 'F', 'A', 'C', 'F', 'A', 'C', 'F', 'A', 'C', 'F', 'A', 'C', 'F', 'A', 'C', 'F', 'A', 'C', 'F', 'A', 'C']	0.0	0.0	0.0	0.0
24.875	1.0	6.0	['F4', 'A4', 'C5']	['M3', 'P5']	[False, False, False]	6.0	1.0	22.0	IV	False	('F', 'A', 'C')	F	F	0.0	major triad	(0, 5, 9)	C	C	4	None	False	['F', 'A', 'C', 'F', 'A', 'C', 'F', 'A', 'C', 'F', 'A', 'C', 'F', 'A', 'C', 'F', 'A', 'C', 'F', 'A', 'C', 'F', 'A', 'C']	0.0	0.0	0.0	0.0
25.0	0.25	7.0	['G4']	[]	[True]	7.0	1.0	23.0	viio	True	('G', 'B-', 'E')	G	E	1.0	diminished triad	(4, 7, 10)	F	F	7	None	False	['G', 'G', 'E', 'E', 'B-', 'B-', 'E', 'E']	0.0	0.0	0.0	0.75
25.125	0.25	7.0	['G4']	[]	[False]	7.0	1.0	23.0	viio	False	('G', 'B-', 'E')	G	E	1.0	diminished triad	(4, 7, 10)	F	F	7	None	False	['G', 'G', 'E', 'E', 'B-', 'B-', 'E', 'E']	0.0	0.0	0.0	0.75
25.25	0.25	7.0	['E5']	[]	[True]	7.0	1.0	23.0	viio	False	('G', 'B-', 'E')	G	E	1.0	diminished triad	(4, 7, 10)	F	F	7	None	False	['G', 'G', 'E', 'E', 'B-', 'B-', 'E', 'E']	0.0	0.0	0.0	0.75
25.375	0.25	7.0	['E5']	[]	[False]	7.0	1.0	23.0	viio	False	('G', 'B-', 'E')	G	E	1.0	diminished triad	(4, 7, 10)	F	F	7	None	False	['G', 'G', 'E', 'E', 'B-', 'B-', 'E', 'E']	0.0	0.0	0.0	0.75
25.5	0.25	7.0	['B-4']	[]	[True]	7.0	1.0	23.0	viio	False	('G', 'B-', 'E')	G	E	1.0	diminished triad	(4, 7, 10)	F	F	7	None	False	['G', 'G', 'E', 'E', 'B-', 'B-', 'E', 'E']	0.0	0.0	0.0	0.75
25.625	0.25	7.0	['B-4']	[]	[False]	7.0	1.0	23.0	viio	False	('G', 'B-', 'E')	G	E	1.0	diminished triad	(4, 7, 10)	F	F	7	None	False	['G', 'G', 'E', 'E', 'B-', 'B-', 'E', 'E']	0.0	0.0	0.0	0.75
25.75	0.25	7.0	['E5']	[]	[True]	7.0	1.0	23.0	viio	False	('G', 'B-', 'E')	G	E	1.0	diminished triad	(4, 7, 10)	F	F	7	None	False	['G', 'G', 'E', 'E', 'B-', 'B-', 'E', 'E']	0.0	0.0	0.0	0.75
25.875	0.25	7.0	['E5']	[]	[False]	7.0	1.0	23.0	viio	False	('G', 'B-', 'E')	G	E	1.0	diminished triad	(4, 7, 10)	F	F	7	None	False	['G', 'G', 'E', 'E', 'B-', 'B-', 'E', 'E']	0.0	0.0	0.0	0.75
26.0	1.0	7.0	['A4', 'C5', 'F5']	['m3', 'm6']	[True, True, True]	7.0	1.0	24.0	I	True	('A', 'C', 'F')	A	F	1.0	major triad	(0, 5, 9)	F	F	1	None	False	['A', 'C', 'F', 'A', 'C', 'F', 'A', 'C', 'F', 'A', 'C', 'F', 'A', 'C', 'F', 'A', 'C', 'F', 'A', 'C', 'F', 'A', 'C', 'F']	0.0	0.0	0.0	0.0
26.125	1.0	7.0	['A4', 'C5', 'F5']	['m3', 'm6']	[False, False, False]	7.0	1.0	24.0	I	False	('A', 'C', 'F')	A	F	1.0	major triad	(0, 5, 9)	F	F	1	None	False	['A', 'C', 'F', 'A', 'C', 'F', 'A', 'C', 'F', 'A', 'C', 'F', 'A', 'C', 'F', 'A', 'C', 'F', 'A', 'C', 'F', 'A', 'C', 'F']	0.0	0.0	0.0	0.0
26.25	1.0	7.0	['A4', 'C5', 'F5']	['m3', 'm6']	[False, False, False]	7.0	1.0	24.0	I	False	('A', 'C', 'F')	A	F	1.0	major triad	(0, 5, 9)	F	F	1	None	False	['A', 'C', 'F', 'A', 'C', 'F', 'A', 'C', 'F', 'A', 'C', 'F', 'A', 'C', 'F', 'A', 'C', 'F', 'A', 'C', 'F', 'A', 'C', 'F']	0.0	0.0	0.0	0.0
26.375	1.0	7.0	['A4', 'C5', 'F5']	['m3', 'm6']	[False, False, False]	7.0	1.0	24.0	I	False	('A', 'C', 'F')	A	F	1.0	major triad	(0, 5, 9)	F	F	1	None	False	['A', 'C', 'F', 'A', 'C', 'F', 'A', 'C', 'F', 'A', 'C', 'F', 'A', 'C', 'F', 'A', 'C', 'F', 'A', 'C', 'F', 'A', 'C', 'F']	0.0	0.0	0.0	0.0
26.5	1.0	7.0	['A4', 'C5', 'F5']	['m3', 'm6']	[False, False, False]	7.0	1.0	24.0	I	False	('A', 'C', 'F')	A	F	1.0	major triad	(0, 5, 9)	F	F	1	None	False	['A', 'C', 'F', 'A', 'C', 'F', 'A', 'C', 'F', 'A', 'C', 'F', 'A', 'C', 'F', 'A', 'C', 'F', 'A', 'C', 'F', 'A', 'C', 'F']	0.0	0.0	0.0	0.0
26.625	1.0	7.0	['A4', 'C5', 'F5']	['m3', 'm6']	[False, False, False]	7.0	1.0	24.0	I	False	('A', 'C', 'F')	A	F	1.0	major triad	(0, 5, 9)	F	F	1	None	False	['A', 'C', 'F', 'A', 'C', 'F', 'A', 'C', 'F', 'A', 'C', 'F', 'A', 'C', 'F', 'A', 'C', 'F', 'A', 'C', 'F', 'A', 'C', 'F']	0.0	0.0	0.0	0.0
26.75	1.0	7.0	['A4', 'C5', 'F5']	['m3', 'm6']	[False, False, False]	7.0	1.0	24.0	I	False	('A', 'C', 'F')	A	F	1.0	major triad	(0, 5, 9)	F	F	1	None	False	['A', 'C', 'F', 'A', 'C', 'F', 'A', 'C', 'F', 'A', 'C', 'F', 'A', 'C', 'F', 'A', 'C', 'F', 'A', 'C', 'F', 'A', 'C', 'F']	0.0	0.0	0.0	0.0
26.875	1.0	7.0	['A4', 'C5', 'F5']	['m3', 'm6']	[False, False, False]	7.0	1.0	24.0	I	False	('A', 'C', 'F')	A	F	1.0	major triad	(0, 5, 9)	F	F	1	None	False	['A', 'C', 'F', 'A', 'C', 'F', 'A', 'C', 'F', 'A', 'C', 'F', 'A', 'C', 'F', 'A', 'C', 'F', 'A', 'C', 'F', 'A', 'C', 'F']	0.0	0.0	0.0	0.0
27.0	0.5	7.0	['B-4']	[]	[True]	7.0	1.0	25.0	ii7	True	('B-', 'D', 'F', 'G')	B-	G	1.0	minor seventh chord	(2, 5, 7, 10)	F	F	2	None	False	['B-', 'B-', 'B-', 'B-', 'D', 'F', 'G', 'D', 'F', 'G', 'D', 'F', 'G', 'D', 'F', 'G']	0.0	0.0	0.0	0.5
27.125	0.5	7.0	['B-4']	[]	[False]	7.0	1.0	25.0	ii7	False	('B-', 'D', 'F', 'G')	B-	G	1.0	minor seventh chord	(2, 5, 7, 10)	F	F	2	None	False	['B-', 'B-', 'B-', 'B-', 'D', 'F', 'G', 'D', 'F', 'G', 'D', 'F', 'G', 'D', 'F', 'G']	0.0	0.0	0.0	0.5
27.25	0.5	7.0	['B-4']	[]	[False]	7.0	1.0	25.0	ii7	False	('B-', 'D', 'F', 'G')	B-	G	1.0	minor seventh chord	(2, 5, 7, 10)	F	F	2	None	False	['B-', 'B-', 'B-', 'B-', 'D', 'F', 'G', 'D', 'F', 'G', 'D', 'F', 'G', 'D', 'F', 'G']	0.0	0.0	0.0	0.5
27.375	0.5	7.0	['B-4']	[]	[False]	7.0	1.0	25.0	ii7	False	('B-', 'D', 'F', 'G')	B-	G	1.0	minor seventh chord	(2, 5, 7, 10)	F	F	2	None	False	['B-', 'B-', 'B-', 'B-', 'D', 'F', 'G', 'D', 'F', 'G', 'D', 'F', 'G', 'D', 'F', 'G']	0.0	0.0	0.0	0.5
27.5	0.5	7.0	['D5', 'F5', 'G5']	['m3', 'P4']	[True, True, True]	7.0	1.0	25.0	ii7	False	('B-', 'D', 'F', 'G')	B-	G	1.0	minor seventh chord	(2, 5, 7, 10)	F	F	2	None	False	['B-', 'B-', 'B-', 'B-', 'D', 'F', 'G', 'D', 'F', 'G', 'D', 'F', 'G', 'D', 'F', 'G']	0.0	0.0	0.0	0.5
27.625	0.5	7.0	['D5', 'F5', 'G5']	['m3', 'P4']	[False, False, False]	7.0	1.0	25.0	ii7	False	('B-', 'D', 'F', 'G')	B-	G	1.0	minor seventh chord	(2, 5, 7, 10)	F	F	2	None	False	['B-', 'B-', 'B-', 'B-', 'D', 'F', 'G', 'D', 'F', 'G', 'D', 'F', 'G', 'D', 'F', 'G']	0.0	0.0	0.0	0.5
27.75	0.5	7.0	['D5', 'F5', 'G5']	['m3', 'P4']	[False, False, False]	7.0	1.0	25.0	ii7	False	('B-', 'D', 'F', 'G')	B-	G	1.0	minor seventh chord	(2, 5, 7, 10)	F	F	2	None	False	['B-', 'B-', 'B-', 'B-', 'D', 'F', 'G', 'D', 'F', 'G', 'D', 'F', 'G', 'D', 'F', 'G']	0.0	0.0	0.0	0.5
27.875	0.5	7.0	['D5', 'F5', 'G5']	['m3', 'P4']	[False, False, False]	7.0	1.0	25.0	ii7	False	('B-', 'D', 'F', 'G')	B-	G	1.0	minor seventh chord	(2, 5, 7, 10)	F	F	2	None	False	['B-', 'B-', 'B-', 'B-', 'D', 'F', 'G', 'D', 'F', 'G', 'D', 'F', 'G', 'D', 'F', 'G']	0.0	0.0	0.0	0.5
28.0	0.75	7.0	['C5', 'E5', 'G5']	['M3', 'P5']	[True, True, True]	7.0	0.75	26.0	V	True	('C', 'E', 'G')	C	C	0.0	major triad	(0, 4, 7)	F	F	5	None	False	['C', 'E', 'G', 'C', 'E', 'G', 'C', 'E', 'G', 'C', 'E', 'G', 'C', 'E', 'G', 'C', 'E', 'G']	0.0	0.0	0.0	0.0
28.125	0.75	7.0	['C5', 'E5', 'G5']	['M3', 'P5']	[False, False, False]	7.0	0.75	26.0	V	False	('C', 'E', 'G')	C	C	0.0	major triad	(0, 4, 7)	F	F	5	None	False	['C', 'E', 'G', 'C', 'E', 'G', 'C', 'E', 'G', 'C', 'E', 'G', 'C', 'E', 'G', 'C', 'E', 'G']	0.0	0.0	0.0	0.0
28.25	0.75	7.0	['C5', 'E5', 'G5']	['M3', 'P5']	[False, False, False]	7.0	0.75	26.0	V	False	('C', 'E', 'G')	C	C	0.0	major triad	(0, 4, 7)	F	F	5	None	False	['C', 'E', 'G', 'C', 'E', 'G', 'C', 'E', 'G', 'C', 'E', 'G', 'C', 'E', 'G', 'C', 'E', 'G']	0.0	0.0	0.0	0.0
28.375	0.75	7.0	['C5', 'E5', 'G5']	['M3', 'P5']	[False, False, False]	7.0	0.75	26.0	V	False	('C', 'E', 'G')	C	C	0.0	major triad	(0, 4, 7)	F	F	5	None	False	['C', 'E', 'G', 'C', 'E', 'G', 'C', 'E', 'G', 'C', 'E', 'G', 'C', 'E', 'G', 'C', 'E', 'G']	0.0	0.0	0.0	0.0
28.5	0.75	7.0	['C5', 'E5', 'G5']	['M3', 'P5']	[False, False, False]	7.0	0.75	26.0	V	False	('C', 'E', 'G')	C	C	0.0	major triad	(0, 4, 7)	F	F	5	None	False	['C', 'E', 'G', 'C', 'E', 'G', 'C', 'E', 'G', 'C', 'E', 'G', 'C', 'E', 'G', 'C', 'E', 'G']	0.0	0.0	0.0	0.0
28.625	0.75	7.0	['C5', 'E5', 'G5']	['M3', 'P5']	[False, False, False]	7.0	0.75	26.0	V	False	('C', 'E', 'G')	C	C	0.0	major triad	(0, 4, 7)	F	F	5	None	False	['C', 'E', 'G', 'C', 'E', 'G', 'C', 'E', 'G', 'C', 'E', 'G', 'C', 'E', 'G', 'C', 'E', 'G']	0.0	0.0	0.0	0.0
28.75	0.25	7.0	['C5', 'E5', 'G5', 'B-5']	['M3', 'P5', 'm7']	[True, True, True, True]	7.0	0.25	27.0	V7	True	('C', 'E', 'G', 'B-')	C	C	0.0	dominant seventh chord	(0, 4, 7, 10)	F	F	5	None	False	['C', 'E', 'G', 'B-', 'C', 'E', 'G', 'B-']	0.0	0.0	0.0	0.0
28.875	0.25	7.0	['C5', 'E5', 'G5', 'B-5']	['M3', 'P5', 'm7']	[False, False, False, False]	7.0	0.25	27.0	V7	False	('C', 'E', 'G', 'B-')	C	C	0.0	dominant seventh chord	(0, 4, 7, 10)	F	F	5	None	False	['C', 'E', 'G', 'B-', 'C', 'E', 'G', 'B-']	0.0	0.0	0.0	0.0
29.0	1.0	8.0	['C5']	[]	[True]	8.0	4.0	28.0	I	True	('F', 'A', 'C')	F	F	0.0	major triad	(0, 5, 9)	F	F	1	None	False	['C', 'C', 'C', 'C', 'C', 'C', 'C', 'C', 'F', 'F', 'F', 'F', 'F', 'F', 'F', 'F', 'F', 'F', 'F', 'F', 'F', 'F', 'F', 'F', 'A', 'A', 'A', 'A', 'A', 'A', 'A', 'A']	0.0	0.0	0.0	0.5
29.125	1.0	8.0	['C5']	[]	[False]	8.0	4.0	28.0	I	False	('F', 'A', 'C')	F	F	0.0	major triad	(0, 5, 9)	F	F	1	None	False	['C', 'C', 'C', 'C', 'C', 'C', 'C', 'C', 'F', 'F', 'F', 'F', 'F', 'F', 'F', 'F', 'F', 'F', 'F', 'F', 'F', 'F', 'F', 'F', 'A', 'A', 'A', 'A', 'A', 'A', 'A', 'A']	0.0	0.0	0.0	0.5
29.25	1.0	8.0	['C5']	[]	[False]	8.0	4.0	28.0	I	False	('F', 'A', 'C')	F	F	0.0	major triad	(0, 5, 9)	F	F	1	None	False	['C', 'C', 'C', 'C', 'C', 'C', 'C', 'C', 'F', 'F', 'F', 'F', 'F', 'F', 'F', 'F', 'F', 'F', 'F', 'F', 'F', 'F', 'F', 'F', 'A', 'A', 'A', 'A', 'A', 'A', 'A', 'A']	0.0	0.0	0.0	0.5
29.375	1.0	8.0	['C5']	[]	[False]	8.0	4.0	28.0	I	False	('F', 'A', 'C')	F	F	0.0	major triad	(0, 5, 9)	F	F	1	None	False	['C', 'C', 'C', 'C', 'C', 'C', 'C', 'C', 'F', 'F', 'F', 'F', 'F', 'F', 'F', 'F', 'F', 'F', 'F', 'F', 'F', 'F', 'F', 'F', 'A', 'A', 'A', 'A', 'A', 'A', 'A', 'A']	0.0	0.0	0.0	0.5
29.5	1.0	8.0	['C5']	[]	[False]	8.0	4.0	28.0	I	False	('F', 'A', 'C')	F	F	0.0	major triad	(0, 5, 9)	F	F	1	None	False	['C', 'C', 'C', 'C', 'C', 'C', 'C', 'C', 'F', 'F', 'F', 'F', 'F', 'F', 'F', 'F', 'F', 'F', 'F', 'F', 'F', 'F', 'F', 'F', 'A', 'A', 'A', 'A', 'A', 'A', 'A', 'A']	0.0	0.0	0.0	0.5
29.625	1.0	8.0	['C5']	[]	[False]	8.0	4.0	28.0	I	False	('F', 'A', 'C')	F	F	0.0	major triad	(0, 5, 9)	F	F	1	None	False	['C', 'C', 'C', 'C', 'C', 'C', 'C', 'C', 'F', 'F', 'F', 'F', 'F', 'F', 'F', 'F', 'F', 'F', 'F', 'F', 'F', 'F', 'F', 'F', 'A', 'A', 'A', 'A', 'A', 'A', 'A', 'A']	0.0	0.0	0.0	0.5
29.75	1.0	8.0	['C5']	[]	[False]	8.0	4.0	28.0	I	False	('F', 'A', 'C')	F	F	0.0	major triad	(0, 5, 9)	F	F	1	None	False	['C', 'C', 'C', 'C', 'C', 'C', 'C', 'C', 'F', 'F', 'F', 'F', 'F', 'F', 'F', 'F', 'F', 'F', 'F', 'F', 'F', 'F', 'F', 'F', 'A', 'A', 'A', 'A', 'A', 'A', 'A', 'A']	0.0	0.0	0.0	0.5
29.875	1.0	8.0	['C5']	[]	[False]	8.0	4.0	28.0	I	False	('F', 'A', 'C')	F	F	0.0	major triad	(0, 5, 9)	F	F	1	None	False	['C', 'C', 'C', 'C', 'C', 'C', 'C', 'C', 'F', 'F', 'F', 'F', 'F', 'F', 'F', 'F', 'F', 'F', 'F', 'F', 'F', 'F', 'F', 'F', 'A', 'A', 'A', 'A', 'A', 'A', 'A', 'A']	0.0	0.0	0.0	0.5
30.0	2.0	8.0	['F4']	[]	[True]	8.0	4.0	28.0	I	False	('F', 'A', 'C')	F	F	0.0	major triad	(0, 5, 9)	F	F	1	None	False	['C', 'C', 'C', 'C', 'C', 'C', 'C', 'C', 'F', 'F', 'F', 'F', 'F', 'F', 'F', 'F', 'F', 'F', 'F', 'F', 'F', 'F', 'F', 'F', 'A', 'A', 'A', 'A', 'A', 'A', 'A', 'A']	0.0	0.0	0.0	0.5
30.125	2.0	8.0	['F4']	[]	[False]	8.0	4.0	28.0	I	False	('F', 'A', 'C')	F	F	0.0	major triad	(0, 5, 9)	F	F	1	None	False	['C', 'C', 'C', 'C', 'C', 'C', 'C', 'C', 'F', 'F', 'F', 'F', 'F', 'F', 'F', 'F', 'F', 'F', 'F', 'F', 'F', 'F', 'F', 'F', 'A', 'A', 'A', 'A', 'A', 'A', 'A', 'A']	0.0	0.0	0.0	0.5
30.25	2.0	8.0	['F4']	[]	[False]	8.0	4.0	28.0	I	False	('F', 'A', 'C')	F	F	0.0	major triad	(0, 5, 9)	F	F	1	None	False	['C', 'C', 'C', 'C', 'C', 'C', 'C', 'C', 'F', 'F', 'F', 'F', 'F', 'F', 'F', 'F', 'F', 'F', 'F', 'F', 'F', 'F', 'F', 'F', 'A', 'A', 'A', 'A', 'A', 'A', 'A', 'A']	0.0	0.0	0.0	0.5
30.375	2.0	8.0	['F4']	[]	[False]	8.0	4.0	28.0	I	False	('F', 'A', 'C')	F	F	0.0	major triad	(0, 5, 9)	F	F	1	None	False	['C', 'C', 'C', 'C', 'C', 'C', 'C', 'C', 'F', 'F', 'F', 'F', 'F', 'F', 'F', 'F', 'F', 'F', 'F', 'F', 'F', 'F', 'F', 'F', 'A', 'A', 'A', 'A', 'A', 'A', 'A', 'A']	0.0	0.0	0.0	0.5
30.5	2.0	8.0	['F4']	[]	[False]	8.0	4.0	28.0	I	False	('F', 'A', 'C')	F	F	0.0	major triad	(0, 5, 9)	F	F	1	None	False	['C', 'C', 'C', 'C', 'C', 'C', 'C', 'C', 'F', 'F', 'F', 'F', 'F', 'F', 'F', 'F', 'F', 'F', 'F', 'F', 'F', 'F', 'F', 'F', 'A', 'A', 'A', 'A', 'A', 'A', 'A', 'A']	0.0	0.0	0.0	0.5
30.625	2.0	8.0	['F4']	[]	[False]	8.0	4.0	28.0	I	False	('F', 'A', 'C')	F	F	0.0	major triad	(0, 5, 9)	F	F	1	None	False	['C', 'C', 'C', 'C', 'C', 'C', 'C', 'C', 'F', 'F', 'F', 'F', 'F', 'F', 'F', 'F', 'F', 'F', 'F', 'F', 'F', 'F', 'F', 'F', 'A', 'A', 'A', 'A', 'A', 'A', 'A', 'A']	0.0	0.0	0.0	0.5
30.75	2.0	8.0	['F4']	[]	[False]	8.0	4.0	28.0	I	False	('F', 'A', 'C')	F	F	0.0	major triad	(0, 5, 9)	F	F	1	None	False	['C', 'C', 'C', 'C', 'C', 'C', 'C', 'C', 'F', 'F', 'F', 'F', 'F', 'F', 'F', 'F', 'F', 'F', 'F', 'F', 'F', 'F', 'F', 'F', 'A', 'A', 'A', 'A', 'A', 'A', 'A', 'A']	0.0	0.0	0.0	0.5
30.875	2.0	8.0	['F4']	[]	[False]	8.0	4.0	28.0	I	False	('F', 'A', 'C')	F	F	0.0	major triad	(0, 5, 9)	F	F	1	None	False	['C', 'C', 'C', 'C', 'C', 'C', 'C', 'C', 'F', 'F', 'F', 'F', 'F', 'F', 'F', 'F', 'F', 'F', 'F', 'F', 'F', 'F', 'F', 'F', 'A', 'A', 'A', 'A', 'A', 'A', 'A', 'A']	0.0	0.0	0.0	0.5
31.0	2.0	8.0	['F4']	[]	[False]	8.0	4.0	28.0	I	False	('F', 'A', 'C')	F	F	0.0	major triad	(0, 5, 9)	F	F	1	None	False	['C', 'C', 'C', 'C', 'C', 'C', 'C', 'C', 'F', 'F', 'F', 'F', 'F', 'F', 'F', 'F', 'F', 'F', 'F', 'F', 'F', 'F', 'F', 'F', 'A', 'A', 'A', 'A', 'A', 'A', 'A', 'A']	0.0	0.0	0.0	0.5
31.125	2.0	8.0	['F4']	[]	[False]	8.0	4.0	28.0	I	False	('F', 'A', 'C')	F	F	0.0	major triad	(0, 5, 9)	F	F	1	None	False	['C', 'C', 'C', 'C', 'C', 'C', 'C', 'C', 'F', 'F', 'F', 'F', 'F', 'F', 'F', 'F', 'F', 'F', 'F', 'F', 'F', 'F', 'F', 'F', 'A', 'A', 'A', 'A', 'A', 'A', 'A', 'A']	0.0	0.0	0.0	0.5
31.25	2.0	8.0	['F4']	[]	[False]	8.0	4.0	28.0	I	False	('F', 'A', 'C')	F	F	0.0	major triad	(0, 5, 9)	F	F	1	None	False	['C', 'C', 'C', 'C', 'C', 'C', 'C', 'C', 'F', 'F', 'F', 'F', 'F', 'F', 'F', 'F', 'F', 'F', 'F', 'F', 'F', 'F', 'F', 'F', 'A', 'A', 'A', 'A', 'A', 'A', 'A', 'A']	0.0	0.0	0.0	0.5
31.375	2.0	8.0	['F4']	[]	[False]	8.0	4.0	28.0	I	False	('F', 'A', 'C')	F	F	0.0	major triad	(0, 5, 9)	F	F	1	None	False	['C', 'C', 'C', 'C', 'C', 'C', 'C', 'C', 'F', 'F', 'F', 'F', 'F', 'F', 'F', 'F', 'F', 'F', 'F', 'F', 'F', 'F', 'F', 'F', 'A', 'A', 'A', 'A', 'A', 'A', 'A', 'A']	0.0	0.0	0.0	0.5
31.5	2.0	8.0	['F4']	[]	[False]	8.0	4.0	28.0	I	False	('F', 'A', 'C')	F	F	0.0	major triad	(0, 5, 9)	F	F	1	None	False	['C', 'C', 'C', 'C', 'C', 'C', 'C', 'C', 'F', 'F', 'F', 'F', 'F', 'F', 'F', 'F', 'F', 'F', 'F', 'F', 'F', 'F', 'F', 'F', 'A', 'A', 'A', 'A', 'A', 'A', 'A', 'A']	0.0	0.0	0.0	0.5
31.625	2.0	8.0	['F4']	[]	[False]	8.0	4.0	28.0	I	False	('F', 'A', 'C')	F	F	0.0	major triad	(0, 5, 9)	F	F	1	None	False	['C', 'C', 'C', 'C', 'C', 'C', 'C', 'C', 'F', 'F', 'F', 'F', 'F', 'F', 'F', 'F', 'F', 'F', 'F', 'F', 'F', 'F', 'F', 'F', 'A', 'A', 'A', 'A', 'A', 'A', 'A', 'A']	0.0	0.0	0.0	0.5
31.75	2.0	8.0	['F4']	[]	[False]	8.0	4.0	28.0	I	False	('F', 'A', 'C')	F	F	0.0	major triad	(0, 5, 9)	F	F	1	None	False	['C', 'C', 'C', 'C', 'C', 'C', 'C', 'C', 'F', 'F', 'F', 'F', 'F', 'F', 'F', 'F', 'F', 'F', 'F', 'F', 'F', 'F', 'F', 'F', 'A', 'A', 'A', 'A', 'A', 'A', 'A', 'A']	0.0	0.0	0.0	0.5
31.875	2.0	8.0	['F4']	[]	[False]	8.0	4.0	28.0	I	False	('F', 'A', 'C')	F	F	0.0	major triad	(0, 5, 9)	F	F	1	None	False	['C', 'C', 'C', 'C', 'C', 'C', 'C', 'C', 'F', 'F', 'F', 'F', 'F', 'F', 'F', 'F', 'F', 'F', 'F', 'F', 'F', 'F', 'F', 'F', 'A', 'A', 'A', 'A', 'A', 'A', 'A', 'A']	0.0	0.0	0.0	0.5
32.0	1.0	8.0	['A4']	[]	[True]	8.0	4.0	28.0	I	False	('F', 'A', 'C')	F	F	0.0	major triad	(0, 5, 9)	F	F	1	None	False	['C', 'C', 'C', 'C', 'C', 'C', 'C', 'C', 'F', 'F', 'F', 'F', 'F', 'F', 'F', 'F', 'F', 'F', 'F', 'F', 'F', 'F', 'F', 'F', 'A', 'A', 'A', 'A', 'A', 'A', 'A', 'A']	0.0	0.0	0.0	0.5
32.125	1.0	8.0	['A4']	[]	[False]	8.0	4.0	28.0	I	False	('F', 'A', 'C')	F	F	0.0	major triad	(0, 5, 9)	F	F	1	None	False	['C', 'C', 'C', 'C', 'C', 'C', 'C', 'C', 'F', 'F', 'F', 'F', 'F', 'F', 'F', 'F', 'F', 'F', 'F', 'F', 'F', 'F', 'F', 'F', 'A', 'A', 'A', 'A', 'A', 'A', 'A', 'A']	0.0	0.0	0.0	0.5
32.25	1.0	8.0	['A4']	[]	[False]	8.0	4.0	28.0	I	False	('F', 'A', 'C')	F	F	0.0	major triad	(0, 5, 9)	F	F	1	None	False	['C', 'C', 'C', 'C', 'C', 'C', 'C', 'C', 'F', 'F', 'F', 'F', 'F', 'F', 'F', 'F', 'F', 'F', 'F', 'F', 'F', 'F', 'F', 'F', 'A', 'A', 'A', 'A', 'A', 'A', 'A', 'A']	0.0	0.0	0.0	0.5
32.375	1.0	8.0	['A4']	[]	[False]	8.0	4.0	28.0	I	False	('F', 'A', 'C')	F	F	0.0	major triad	(0, 5, 9)	F	F	1	None	False	['C', 'C', 'C', 'C', 'C', 'C', 'C', 'C', 'F', 'F', 'F', 'F', 'F', 'F', 'F', 'F', 'F', 'F', 'F', 'F', 'F', 'F', 'F', 'F', 'A', 'A', 'A', 'A', 'A', 'A', 'A', 'A']	0.0	0.0	0.0	0.5
32.5	1.0	8.0	['A4']	[]	[False]	8.0	4.0	28.0	I	False	('F', 'A', 'C')	F	F	0.0	major triad	(0, 5, 9)	F	F	1	None	False	['C', 'C', 'C', 'C', 'C', 'C', 'C', 'C', 'F', 'F', 'F', 'F', 'F', 'F', 'F', 'F', 'F', 'F', 'F', 'F', 'F', 'F', 'F', 'F', 'A', 'A', 'A', 'A', 'A', 'A', 'A', 'A']	0.0	0.0	0.0	0.5
32.625	1.0	8.0	['A4']	[]	[False]	8.0	4.0	28.0	I	False	('F', 'A', 'C')	F	F	0.0	major triad	(0, 5, 9)	F	F	1	None	False	['C', 'C', 'C', 'C', 'C', 'C', 'C', 'C', 'F', 'F', 'F', 'F', 'F', 'F', 'F', 'F', 'F', 'F', 'F', 'F', 'F', 'F', 'F', 'F', 'A', 'A', 'A', 'A', 'A', 'A', 'A', 'A']	0.0	0.0	0.0	0.5
32.75	1.0	8.0	['A4']	[]	[False]	8.0	4.0	28.0	I	False	('F', 'A', 'C')	F	F	0.0	major triad	(0, 5, 9)	F	F	1	None	False	['C', 'C', 'C', 'C', 'C', 'C', 'C', 'C', 'F', 'F', 'F', 'F', 'F', 'F', 'F', 'F', 'F', 'F', 'F', 'F', 'F', 'F', 'F', 'F', 'A', 'A', 'A', 'A', 'A', 'A', 'A', 'A']	0.0	0.0	0.0	0.5
32.875	1.0	8.0	['A4']	[]	[False]	8.0	4.0	28.0	I	False	('F', 'A', 'C')	F	F	0.0	major triad	(0, 5, 9)	F	F	1	None	False	['C', 'C', 'C', 'C', 'C', 'C', 'C', 'C', 'F', 'F', 'F', 'F', 'F', 'F', 'F', 'F', 'F', 'F', 'F', 'F', 'F', 'F', 'F', 'F', 'A', 'A', 'A', 'A', 'A', 'A', 'A', 'A']	0.0	0.0	0.0	0.5
